829,Ernest_Bai_Koroma,Victor_Bockarie_Foh,"['-0.10008345855698265  vicePresident(A,B):-vicePresident(A,B).\n', '-2.649229238625548  vicePresident(A,B):-president(B,A).\n']"
597,Pierre_Nkurunziza,Gervais_Rufyikiri,"['-7.432189537120456  vicePresident(A,B):-successor(B,A).\n', '-8.228069793091183  vicePresident(A,B):-after(A,B).\n', '-0.10008345855698265  vicePresident(A,B):-vicePresident(A,B).\n', '-5.280753973942794  vicePresident(A,B):-predecessor(B,A).\n', '-2.649229238625548  vicePresident(A,B):-president(B,A).\n', '-6.129050230104118  vicePresident(A,B):-primeMinister(A,B).\n', '-7.36464408039173  vicePresident(A,B):-predecessor(A,B).\n', '0.12160003105767968  negvicePresident(A,B):-successor(B,A).\n']"
907,Hugo_Banzer,Jorge_Quiroga,"['-7.432189537120456  vicePresident(A,B):-successor(B,A).\n', '-8.228069793091183  vicePresident(A,B):-after(A,B).\n', '-8.247247680362719  vicePresident(A,B):-before(B,A).\n', '-1.758684217546271  vicePresident(A,B):-successor(A,B).\n', '-1.8405496333974871  vicePresident(A,B):-successor(A,B),successor(B,A).\n', '-0.10008345855698265  vicePresident(A,B):-vicePresident(A,B).\n', '-5.280753973942794  vicePresident(A,B):-predecessor(B,A).\n', '-2.649229238625548  vicePresident(A,B):-president(B,A).\n', '-6.129050230104118  vicePresident(A,B):-primeMinister(A,B).\n', '-7.36464408039173  vicePresident(A,B):-predecessor(A,B).\n', '-0.912775788807852  vicePresident(A,B):-president(B,A) ,successor(A,B).\n', '0.12160003105767968  negvicePresident(A,B):-successor(B,A).\n']"
937,Júlio_Prestes,Vital_Soares,"['-7.432189537120456  vicePresident(A,B):-successor(B,A).\n', '-8.228069793091183  vicePresident(A,B):-after(A,B).\n', '-8.247247680362719  vicePresident(A,B):-before(B,A).\n', '-0.10008345855698265  vicePresident(A,B):-vicePresident(A,B).\n', '-5.280753973942794  vicePresident(A,B):-predecessor(B,A).\n', '-2.649229238625548  vicePresident(A,B):-president(B,A).\n', '0.12160003105767968  negvicePresident(A,B):-successor(B,A).\n']"
562,Julio_Argentino_Roca,Norberto_Quirno_Costa,[]
763,Teburoro_Tito,Beniamina_Tinga,"['-7.432189537120456  vicePresident(A,B):-successor(B,A).\n', '-8.228069793091183  vicePresident(A,B):-after(A,B).\n', '-8.247247680362719  vicePresident(A,B):-before(B,A).\n', '-1.758684217546271  vicePresident(A,B):-successor(A,B).\n', '-1.8405496333974871  vicePresident(A,B):-successor(A,B),successor(B,A).\n', '-0.10008345855698265  vicePresident(A,B):-vicePresident(A,B).\n', '-5.280753973942794  vicePresident(A,B):-predecessor(B,A).\n', '-6.129050230104118  vicePresident(A,B):-primeMinister(A,B).\n', '-7.36464408039173  vicePresident(A,B):-predecessor(A,B).\n', '0.12160003105767968  negvicePresident(A,B):-successor(B,A).\n']"
622,John_Magufuli,Samia_Suluhu,"['-8.228069793091183  vicePresident(A,B):-after(A,B).\n', '-0.10008345855698265  vicePresident(A,B):-vicePresident(A,B).\n', '-5.280753973942794  vicePresident(A,B):-predecessor(B,A).\n', '-2.649229238625548  vicePresident(A,B):-president(B,A).\n', '-7.36464408039173  vicePresident(A,B):-predecessor(A,B).\n']"
201,Trương_Tấn_Sang,Nguyễn_Thị_Doan,[]
394,Emílio_Garrastazu_Médici,Augusto_Rademaker,"['-7.432189537120456  vicePresident(A,B):-successor(B,A).\n', '-8.228069793091183  vicePresident(A,B):-after(A,B).\n', '-8.247247680362719  vicePresident(A,B):-before(B,A).\n', '-1.758684217546271  vicePresident(A,B):-successor(A,B).\n', '-1.8405496333974871  vicePresident(A,B):-successor(A,B),successor(B,A).\n', '-0.10008345855698265  vicePresident(A,B):-vicePresident(A,B).\n', '-5.280753973942794  vicePresident(A,B):-predecessor(B,A).\n', '-2.649229238625548  vicePresident(A,B):-president(B,A).\n', '-6.129050230104118  vicePresident(A,B):-primeMinister(A,B).\n', '-7.36464408039173  vicePresident(A,B):-predecessor(A,B).\n', '-0.912775788807852  vicePresident(A,B):-president(B,A) ,successor(A,B).\n', '0.12160003105767968  negvicePresident(A,B):-successor(B,A).\n']"
957,Rosalyn_Nandwa,William_Ruto,"['-0.10008345855698265  vicePresident(A,B):-vicePresident(A,B).\n']"
961,Carlos_Felipe_Morales,Ramón_Cáceres,"['-8.228069793091183  vicePresident(A,B):-after(A,B).\n', '-1.758684217546271  vicePresident(A,B):-successor(A,B).\n', '-0.10008345855698265  vicePresident(A,B):-vicePresident(A,B).\n', '-2.649229238625548  vicePresident(A,B):-president(B,A).\n', '-6.129050230104118  vicePresident(A,B):-primeMinister(A,B).\n', '-7.36464408039173  vicePresident(A,B):-predecessor(A,B).\n', '-0.912775788807852  vicePresident(A,B):-president(B,A) ,successor(A,B).\n']"
554,Antonio_Guzmán_Fernández,Jacobo_Majluta_Azar,[]
269,Joshua_Nkomo,Simon_Muzenda,"['-1.758684217546271  vicePresident(A,B):-successor(A,B).\n', '-0.10008345855698265  vicePresident(A,B):-vicePresident(A,B).\n', '-7.36464408039173  vicePresident(A,B):-predecessor(A,B).\n']"
835,Arturo_Umberto_Illia,Carlos_Humberto_Perette,"['-0.10008345855698265  vicePresident(A,B):-vicePresident(A,B).\n']"
111,Rutherford_B._Hayes,William_A._Wheeler,"['-0.10008345855698265  vicePresident(A,B):-vicePresident(A,B).\n', '-2.649229238625548  vicePresident(A,B):-president(B,A).\n']"
527,William_Kristol,Dan_Quayle,"['-0.10008345855698265  vicePresident(A,B):-vicePresident(A,B).\n']"
496,Frankfurt_University_of_Music_and_Performing_Arts,Hubert_Buchberger,"['-7.432189537120456  vicePresident(A,B):-successor(B,A).\n', '-8.228069793091183  vicePresident(A,B):-after(A,B).\n', '-8.247247680362719  vicePresident(A,B):-before(B,A).\n', '-1.758684217546271  vicePresident(A,B):-successor(A,B).\n', '-1.8405496333974871  vicePresident(A,B):-successor(A,B),successor(B,A).\n', '-0.10008345855698265  vicePresident(A,B):-vicePresident(A,B).\n', '-5.280753973942794  vicePresident(A,B):-predecessor(B,A).\n', '-2.649229238625548  vicePresident(A,B):-president(B,A).\n', '-6.129050230104118  vicePresident(A,B):-primeMinister(A,B).\n', '-7.36464408039173  vicePresident(A,B):-predecessor(A,B).\n', '-0.912775788807852  vicePresident(A,B):-president(B,A) ,successor(A,B).\n', '0.12160003105767968  negvicePresident(A,B):-successor(B,A).\n']"
350,Trần_Đức_Lương,Nguyễn_Thị_Bình,[]
329,Pedro_Pablo_Ramírez,Edelmiro_Julián_Farrell,[]
700,Philippe_Germain,Jean-Louis_d'Angleberme,"['-0.10008345855698265  vicePresident(A,B):-vicePresident(A,B).\n']"
324,Ollanta_Humala,Omar_Chehade,"['-8.228069793091183  vicePresident(A,B):-after(A,B).\n', '-0.10008345855698265  vicePresident(A,B):-vicePresident(A,B).\n', '-2.649229238625548  vicePresident(A,B):-president(B,A).\n']"
616,José_Manuel_Barroso,Margot_Wallström,"['-7.432189537120456  vicePresident(A,B):-successor(B,A).\n', '-8.228069793091183  vicePresident(A,B):-after(A,B).\n', '-1.758684217546271  vicePresident(A,B):-successor(A,B).\n', '-1.8405496333974871  vicePresident(A,B):-successor(A,B),successor(B,A).\n', '-0.10008345855698265  vicePresident(A,B):-vicePresident(A,B).\n', '-5.280753973942794  vicePresident(A,B):-predecessor(B,A).\n', '-2.649229238625548  vicePresident(A,B):-president(B,A).\n', '-7.36464408039173  vicePresident(A,B):-predecessor(A,B).\n', '-0.912775788807852  vicePresident(A,B):-president(B,A) ,successor(A,B).\n', '0.12160003105767968  negvicePresident(A,B):-successor(B,A).\n']"
157,Malik_Amin_Aslam,Hamid_Khan_(lawyer),"['-0.10008345855698265  vicePresident(A,B):-vicePresident(A,B).\n', '-2.649229238625548  vicePresident(A,B):-president(B,A).\n']"
811,Anil_Bachoo,Angidi_Chettiar,"['-7.432189537120456  vicePresident(A,B):-successor(B,A).\n', '-8.228069793091183  vicePresident(A,B):-after(A,B).\n', '-8.247247680362719  vicePresident(A,B):-before(B,A).\n', '-1.758684217546271  vicePresident(A,B):-successor(A,B).\n', '-1.8405496333974871  vicePresident(A,B):-successor(A,B),successor(B,A).\n', '-0.10008345855698265  vicePresident(A,B):-vicePresident(A,B).\n', '-5.280753973942794  vicePresident(A,B):-predecessor(B,A).\n', '-7.36464408039173  vicePresident(A,B):-predecessor(A,B).\n', '0.12160003105767968  negvicePresident(A,B):-successor(B,A).\n']"
570,Nguyễn_Minh_Triết,Trương_Mỹ_Hoa,"['-7.432189537120456  vicePresident(A,B):-successor(B,A).\n', '-8.228069793091183  vicePresident(A,B):-after(A,B).\n', '-0.10008345855698265  vicePresident(A,B):-vicePresident(A,B).\n', '-2.649229238625548  vicePresident(A,B):-president(B,A).\n', '-6.129050230104118  vicePresident(A,B):-primeMinister(A,B).\n', '0.12160003105767968  negvicePresident(A,B):-successor(B,A).\n']"
709,Joyce_Bamford-Addo,John_Dramani_Mahama,"['-0.10008345855698265  vicePresident(A,B):-vicePresident(A,B).\n']"
471,Ali_Abdullah_Saleh,Abd_Rabbuh_Mansur_Hadi,"['-0.10008345855698265  vicePresident(A,B):-vicePresident(A,B).\n']"
115,Tabarak_Husain,Abdus_Sattar_(president),"['-0.10008345855698265  vicePresident(A,B):-vicePresident(A,B).\n']"
441,Early_life_and_career_of_Suharto,Adam_Malik,"['-0.10008345855698265  vicePresident(A,B):-vicePresident(A,B).\n']"
285,Zakir_Husain_(politician),V._V._Giri,"['-8.228069793091183  vicePresident(A,B):-after(A,B).\n', '-1.758684217546271  vicePresident(A,B):-successor(A,B).\n', '-0.10008345855698265  vicePresident(A,B):-vicePresident(A,B).\n']"
901,Arnold_Nordmeyer,James_Roberts_(trade_unionist),"['-7.432189537120456  vicePresident(A,B):-successor(B,A).\n', '-0.10008345855698265  vicePresident(A,B):-vicePresident(A,B).\n', '-7.36464408039173  vicePresident(A,B):-predecessor(A,B).\n', '0.12160003105767968  negvicePresident(A,B):-successor(B,A).\n']"
639,Fidel_Castro,Raúl_Castro,"['-8.228069793091183  vicePresident(A,B):-after(A,B).\n', '-0.10008345855698265  vicePresident(A,B):-vicePresident(A,B).\n', '-7.36464408039173  vicePresident(A,B):-predecessor(A,B).\n']"
851,Jesús_de_Cárdenas,José_María_Jesús_Carbajal,"['-8.228069793091183  vicePresident(A,B):-after(A,B).\n', '-2.649229238625548  vicePresident(A,B):-president(B,A).\n', '-6.129050230104118  vicePresident(A,B):-primeMinister(A,B).\n']"
428,Milton_Bluehouse_Sr.,Frank_Chee_Willeto,"['-8.228069793091183  vicePresident(A,B):-after(A,B).\n', '-8.247247680362719  vicePresident(A,B):-before(B,A).\n', '-0.10008345855698265  vicePresident(A,B):-vicePresident(A,B).\n', '-2.649229238625548  vicePresident(A,B):-president(B,A).\n']"
470,Pedro_Aguirre_Cerda,Jerónimo_Méndez,"['-5.280753973942794  vicePresident(A,B):-predecessor(B,A).\n', '-2.649229238625548  vicePresident(A,B):-president(B,A).\n']"
110,Peter_M._Christian,Yosiwo_George,"['-7.432189537120456  vicePresident(A,B):-successor(B,A).\n', '-8.228069793091183  vicePresident(A,B):-after(A,B).\n', '-8.247247680362719  vicePresident(A,B):-before(B,A).\n', '-1.758684217546271  vicePresident(A,B):-successor(A,B).\n', '-1.8405496333974871  vicePresident(A,B):-successor(A,B),successor(B,A).\n', '-0.10008345855698265  vicePresident(A,B):-vicePresident(A,B).\n', '-5.280753973942794  vicePresident(A,B):-predecessor(B,A).\n', '-2.649229238625548  vicePresident(A,B):-president(B,A).\n', '-7.36464408039173  vicePresident(A,B):-predecessor(A,B).\n', '-0.912775788807852  vicePresident(A,B):-president(B,A) ,successor(A,B).\n', '0.12160003105767968  negvicePresident(A,B):-successor(B,A).\n']"
727,Liao_Feng-teh,Lien_Chan,"['-7.432189537120456  vicePresident(A,B):-successor(B,A).\n', '-8.228069793091183  vicePresident(A,B):-after(A,B).\n', '-8.247247680362719  vicePresident(A,B):-before(B,A).\n', '-1.758684217546271  vicePresident(A,B):-successor(A,B).\n', '-1.8405496333974871  vicePresident(A,B):-successor(A,B),successor(B,A).\n', '-0.10008345855698265  vicePresident(A,B):-vicePresident(A,B).\n', '-5.280753973942794  vicePresident(A,B):-predecessor(B,A).\n', '-2.649229238625548  vicePresident(A,B):-president(B,A).\n', '-6.129050230104118  vicePresident(A,B):-primeMinister(A,B).\n', '-7.36464408039173  vicePresident(A,B):-predecessor(A,B).\n', '-0.912775788807852  vicePresident(A,B):-president(B,A) ,successor(A,B).\n', '0.12160003105767968  negvicePresident(A,B):-successor(B,A).\n']"
911,Goethe_University_Frankfurt,Enrico_Schleiff,"['-7.432189537120456  vicePresident(A,B):-successor(B,A).\n', '-8.228069793091183  vicePresident(A,B):-after(A,B).\n', '-8.247247680362719  vicePresident(A,B):-before(B,A).\n', '-1.758684217546271  vicePresident(A,B):-successor(A,B).\n', '-1.8405496333974871  vicePresident(A,B):-successor(A,B),successor(B,A).\n', '-0.10008345855698265  vicePresident(A,B):-vicePresident(A,B).\n', '-5.280753973942794  vicePresident(A,B):-predecessor(B,A).\n', '-6.129050230104118  vicePresident(A,B):-primeMinister(A,B).\n', '-7.36464408039173  vicePresident(A,B):-predecessor(A,B).\n', '0.12160003105767968  negvicePresident(A,B):-successor(B,A).\n']"
944,Central_South_University,Zhou_Kechao,"['-7.432189537120456  vicePresident(A,B):-successor(B,A).\n', '-8.228069793091183  vicePresident(A,B):-after(A,B).\n', '-8.247247680362719  vicePresident(A,B):-before(B,A).\n', '-1.758684217546271  vicePresident(A,B):-successor(A,B).\n', '-1.8405496333974871  vicePresident(A,B):-successor(A,B),successor(B,A).\n', '-0.10008345855698265  vicePresident(A,B):-vicePresident(A,B).\n', '-5.280753973942794  vicePresident(A,B):-predecessor(B,A).\n', '-6.129050230104118  vicePresident(A,B):-primeMinister(A,B).\n', '0.12160003105767968  negvicePresident(A,B):-successor(B,A).\n']"
208,Nkululeko_Sibanda,Itayi_Zimunya,"['-8.228069793091183  vicePresident(A,B):-after(A,B).\n', '-8.247247680362719  vicePresident(A,B):-before(B,A).\n', '-0.10008345855698265  vicePresident(A,B):-vicePresident(A,B).\n']"
207,Didier_Burkhalter,Simonetta_Sommaruga,"['-0.10008345855698265  vicePresident(A,B):-vicePresident(A,B).\n']"
151,Sukarno,Mohammad_Hatta,"['-0.10008345855698265  vicePresident(A,B):-vicePresident(A,B).\n', '-2.649229238625548  vicePresident(A,B):-president(B,A).\n']"
798,Julius_Nyerere,Ali_Hassan_Mwinyi,"['-1.758684217546271  vicePresident(A,B):-successor(A,B).\n', '-0.10008345855698265  vicePresident(A,B):-vicePresident(A,B).\n', '-5.280753973942794  vicePresident(A,B):-predecessor(B,A).\n']"
589,Ronald_Venetiaan,Jules_Ajodhia,"['-0.10008345855698265  vicePresident(A,B):-vicePresident(A,B).\n']"
671,Jerónimo_Carrión,Pedro_José_de_Arteta,"['-7.432189537120456  vicePresident(A,B):-successor(B,A).\n', '-1.758684217546271  vicePresident(A,B):-successor(A,B).\n', '-1.8405496333974871  vicePresident(A,B):-successor(A,B),successor(B,A).\n', '-2.649229238625548  vicePresident(A,B):-president(B,A).\n', '-0.912775788807852  vicePresident(A,B):-president(B,A) ,successor(A,B).\n', '0.12160003105767968  negvicePresident(A,B):-successor(B,A).\n']"
419,John_Quincy_Adams,John_C._Calhoun,"['-7.432189537120456  vicePresident(A,B):-successor(B,A).\n', '-8.228069793091183  vicePresident(A,B):-after(A,B).\n', '-8.247247680362719  vicePresident(A,B):-before(B,A).\n', '-0.10008345855698265  vicePresident(A,B):-vicePresident(A,B).\n', '-5.280753973942794  vicePresident(A,B):-predecessor(B,A).\n', '-2.649229238625548  vicePresident(A,B):-president(B,A).\n', '-6.129050230104118  vicePresident(A,B):-primeMinister(A,B).\n', '-7.36464408039173  vicePresident(A,B):-predecessor(A,B).\n', '0.12160003105767968  negvicePresident(A,B):-successor(B,A).\n']"
758,Antonio_Saca,Ana_Vilma_de_Escobar,"['-0.10008345855698265  vicePresident(A,B):-vicePresident(A,B).\n', '-2.649229238625548  vicePresident(A,B):-president(B,A).\n']"
765,Joseph_Sung,Benjamin_Wah,"['-7.432189537120456  vicePresident(A,B):-successor(B,A).\n', '-8.228069793091183  vicePresident(A,B):-after(A,B).\n', '-8.247247680362719  vicePresident(A,B):-before(B,A).\n', '-1.758684217546271  vicePresident(A,B):-successor(A,B).\n', '-1.8405496333974871  vicePresident(A,B):-successor(A,B),successor(B,A).\n', '-0.10008345855698265  vicePresident(A,B):-vicePresident(A,B).\n', '-5.280753973942794  vicePresident(A,B):-predecessor(B,A).\n', '-2.649229238625548  vicePresident(A,B):-president(B,A).\n', '-7.36464408039173  vicePresident(A,B):-predecessor(A,B).\n', '-0.912775788807852  vicePresident(A,B):-president(B,A) ,successor(A,B).\n', '0.12160003105767968  negvicePresident(A,B):-successor(B,A).\n']"
172,Jalal_Talabani,Khodair_al-Khozaei,"['-8.228069793091183  vicePresident(A,B):-after(A,B).\n', '-8.247247680362719  vicePresident(A,B):-before(B,A).\n', '-0.10008345855698265  vicePresident(A,B):-vicePresident(A,B).\n', '-2.649229238625548  vicePresident(A,B):-president(B,A).\n']"
847,Koç_University,İrşadi_Aksun,[]
868,Álvaro_Uribe,Francisco_Santos_Calderón,"['-8.228069793091183  vicePresident(A,B):-after(A,B).\n', '-8.247247680362719  vicePresident(A,B):-before(B,A).\n', '-2.649229238625548  vicePresident(A,B):-president(B,A).\n', '-7.36464408039173  vicePresident(A,B):-predecessor(A,B).\n']"
641,René_Barrientos,Luis_Adolfo_Siles_Salinas,"['-7.432189537120456  vicePresident(A,B):-successor(B,A).\n', '-8.228069793091183  vicePresident(A,B):-after(A,B).\n', '-8.247247680362719  vicePresident(A,B):-before(B,A).\n', '-1.758684217546271  vicePresident(A,B):-successor(A,B).\n', '-1.8405496333974871  vicePresident(A,B):-successor(A,B),successor(B,A).\n', '-0.10008345855698265  vicePresident(A,B):-vicePresident(A,B).\n', '-2.649229238625548  vicePresident(A,B):-president(B,A).\n', '-0.912775788807852  vicePresident(A,B):-president(B,A) ,successor(A,B).\n', '0.12160003105767968  negvicePresident(A,B):-successor(B,A).\n']"
378,Juan_José_Arévalo,Mario_Monteforte_Toledo,"['-7.432189537120456  vicePresident(A,B):-successor(B,A).\n', '-8.228069793091183  vicePresident(A,B):-after(A,B).\n', '-8.247247680362719  vicePresident(A,B):-before(B,A).\n', '-0.10008345855698265  vicePresident(A,B):-vicePresident(A,B).\n', '-5.280753973942794  vicePresident(A,B):-predecessor(B,A).\n', '-2.649229238625548  vicePresident(A,B):-president(B,A).\n', '-6.129050230104118  vicePresident(A,B):-primeMinister(A,B).\n', '-7.36464408039173  vicePresident(A,B):-predecessor(A,B).\n', '0.12160003105767968  negvicePresident(A,B):-successor(B,A).\n']"
359,Sahabzada_Yaqub_Khan,Nurul_Amin,"['-0.10008345855698265  vicePresident(A,B):-vicePresident(A,B).\n']"
267,Dina_Nath_Sharma,Paramananda_Jha,"['-7.432189537120456  vicePresident(A,B):-successor(B,A).\n', '-8.228069793091183  vicePresident(A,B):-after(A,B).\n', '-8.247247680362719  vicePresident(A,B):-before(B,A).\n', '-1.758684217546271  vicePresident(A,B):-successor(A,B).\n', '-1.8405496333974871  vicePresident(A,B):-successor(A,B),successor(B,A).\n', '-0.10008345855698265  vicePresident(A,B):-vicePresident(A,B).\n', '-2.649229238625548  vicePresident(A,B):-president(B,A).\n', '-0.912775788807852  vicePresident(A,B):-president(B,A) ,successor(A,B).\n', '0.12160003105767968  negvicePresident(A,B):-successor(B,A).\n']"
556,Government_of_Mahmoud_Ahmadinejad_(2005–13),Mohammad_Reza_Rahimi,[]
82,Enrique_Bolaños,Alfredo_Gómez_Urcuyo,[]
275,Tabaré_Vázquez,Raúl_Fernando_Sendic_Rodríguez,[]
227,Juan_Perón,Isabel_Martínez_de_Perón,"['-7.432189537120456  vicePresident(A,B):-successor(B,A).\n', '-8.228069793091183  vicePresident(A,B):-after(A,B).\n', '-0.10008345855698265  vicePresident(A,B):-vicePresident(A,B).\n', '0.12160003105767968  negvicePresident(A,B):-successor(B,A).\n']"
955,Pascal_Couchepin,Ruth_Metzler-Arnold,"['-0.10008345855698265  vicePresident(A,B):-vicePresident(A,B).\n']"
102,Óscar_Arias,Laura_Chinchilla_Miranda,[]
248,Manuel_A._Odría,Héctor_Boza,[]
261,Víctor_M._Marroquín,María_Teresa_Quiñones,"['-8.228069793091183  vicePresident(A,B):-after(A,B).\n', '-8.247247680362719  vicePresident(A,B):-before(B,A).\n']"
458,Julio_Argentino_Roca,Francisco_Bernabé_Madero,"['-7.432189537120456  vicePresident(A,B):-successor(B,A).\n', '-1.758684217546271  vicePresident(A,B):-successor(A,B).\n', '-1.8405496333974871  vicePresident(A,B):-successor(A,B),successor(B,A).\n', '-0.10008345855698265  vicePresident(A,B):-vicePresident(A,B).\n', '-5.280753973942794  vicePresident(A,B):-predecessor(B,A).\n', '-6.129050230104118  vicePresident(A,B):-primeMinister(A,B).\n', '-7.36464408039173  vicePresident(A,B):-predecessor(A,B).\n', '0.12160003105767968  negvicePresident(A,B):-successor(B,A).\n']"
241,Presidency_of_Corazon_Aquino,Salvador_Laurel,"['-0.10008345855698265  vicePresident(A,B):-vicePresident(A,B).\n', '-6.129050230104118  vicePresident(A,B):-primeMinister(A,B).\n']"
10,Shehbaz_Sharif,Ghaus_Ali_Shah,"['-8.228069793091183  vicePresident(A,B):-after(A,B).\n', '-8.247247680362719  vicePresident(A,B):-before(B,A).\n', '-0.10008345855698265  vicePresident(A,B):-vicePresident(A,B).\n', '-6.129050230104118  vicePresident(A,B):-primeMinister(A,B).\n']"
684,Bartolomé_Mitre,Marcos_Paz,"['-2.649229238625548  vicePresident(A,B):-president(B,A).\n']"
20,Eligio_Ayala,Golem,"['-0.10008345855698265  vicePresident(A,B):-vicePresident(A,B).\n', '-2.649229238625548  vicePresident(A,B):-president(B,A).\n']"
972,Azam_Khan_Swati,Ejaz_Chaudhary,"['-0.10008345855698265  vicePresident(A,B):-vicePresident(A,B).\n', '-2.649229238625548  vicePresident(A,B):-president(B,A).\n']"
168,Joaquín_Balaguer,Carlos_Morales_Troncoso,"['-2.649229238625548  vicePresident(A,B):-president(B,A).\n']"
182,James_McCombs,Andrew_Walker_(politician),"['-1.758684217546271  vicePresident(A,B):-successor(A,B).\n', '-0.10008345855698265  vicePresident(A,B):-vicePresident(A,B).\n', '-5.280753973942794  vicePresident(A,B):-predecessor(B,A).\n']"
187,Narayan_Prakash_Saud,Paramananda_Jha,"['-8.228069793091183  vicePresident(A,B):-after(A,B).\n', '-0.10008345855698265  vicePresident(A,B):-vicePresident(A,B).\n']"
147,Sam_Houston,Mirabeau_B._Lamar,"['-7.432189537120456  vicePresident(A,B):-successor(B,A).\n', '-8.228069793091183  vicePresident(A,B):-after(A,B).\n', '-8.247247680362719  vicePresident(A,B):-before(B,A).\n', '-1.758684217546271  vicePresident(A,B):-successor(A,B).\n', '-1.8405496333974871  vicePresident(A,B):-successor(A,B),successor(B,A).\n', '-0.10008345855698265  vicePresident(A,B):-vicePresident(A,B).\n', '-5.280753973942794  vicePresident(A,B):-predecessor(B,A).\n', '-2.649229238625548  vicePresident(A,B):-president(B,A).\n', '-6.129050230104118  vicePresident(A,B):-primeMinister(A,B).\n', '-7.36464408039173  vicePresident(A,B):-predecessor(A,B).\n', '-0.912775788807852  vicePresident(A,B):-president(B,A) ,successor(A,B).\n', '0.12160003105767968  negvicePresident(A,B):-successor(B,A).\n']"
577,Mohammad_Daud_Sultanzoy,Ahmad_Zia_Massoud,"['-7.432189537120456  vicePresident(A,B):-successor(B,A).\n', '-1.758684217546271  vicePresident(A,B):-successor(A,B).\n', '-1.8405496333974871  vicePresident(A,B):-successor(A,B),successor(B,A).\n', '-0.10008345855698265  vicePresident(A,B):-vicePresident(A,B).\n', '-5.280753973942794  vicePresident(A,B):-predecessor(B,A).\n', '-6.129050230104118  vicePresident(A,B):-primeMinister(A,B).\n', '-7.36464408039173  vicePresident(A,B):-predecessor(A,B).\n', '0.12160003105767968  negvicePresident(A,B):-successor(B,A).\n']"
263,Jerry_Rawlings,John_Atta_Mills,"['-0.10008345855698265  vicePresident(A,B):-vicePresident(A,B).\n']"
661,Joaquín_Balaguer,Jacinto_Peynado_y_Garrigosa,"['-7.432189537120456  vicePresident(A,B):-successor(B,A).\n', '-8.228069793091183  vicePresident(A,B):-after(A,B).\n', '-8.247247680362719  vicePresident(A,B):-before(B,A).\n', '-1.758684217546271  vicePresident(A,B):-successor(A,B).\n', '-1.8405496333974871  vicePresident(A,B):-successor(A,B),successor(B,A).\n', '-0.10008345855698265  vicePresident(A,B):-vicePresident(A,B).\n', '-5.280753973942794  vicePresident(A,B):-predecessor(B,A).\n', '-2.649229238625548  vicePresident(A,B):-president(B,A).\n', '-6.129050230104118  vicePresident(A,B):-primeMinister(A,B).\n', '-7.36464408039173  vicePresident(A,B):-predecessor(A,B).\n', '-0.912775788807852  vicePresident(A,B):-president(B,A) ,successor(A,B).\n', '0.12160003105767968  negvicePresident(A,B):-successor(B,A).\n']"
245,Warren_G._Harding,Calvin_Coolidge,"['-8.228069793091183  vicePresident(A,B):-after(A,B).\n', '-8.247247680362719  vicePresident(A,B):-before(B,A).\n', '-1.758684217546271  vicePresident(A,B):-successor(A,B).\n', '-0.10008345855698265  vicePresident(A,B):-vicePresident(A,B).\n', '-5.280753973942794  vicePresident(A,B):-predecessor(B,A).\n', '-2.649229238625548  vicePresident(A,B):-president(B,A).\n', '-6.129050230104118  vicePresident(A,B):-primeMinister(A,B).\n', '-0.912775788807852  vicePresident(A,B):-president(B,A) ,successor(A,B).\n']"
334,William_R._Tolbert_Jr.,Bennie_Dee_Warner,"['-7.432189537120456  vicePresident(A,B):-successor(B,A).\n', '-8.228069793091183  vicePresident(A,B):-after(A,B).\n', '-8.247247680362719  vicePresident(A,B):-before(B,A).\n', '-1.758684217546271  vicePresident(A,B):-successor(A,B).\n', '-1.8405496333974871  vicePresident(A,B):-successor(A,B),successor(B,A).\n', '-0.10008345855698265  vicePresident(A,B):-vicePresident(A,B).\n', '-5.280753973942794  vicePresident(A,B):-predecessor(B,A).\n', '-6.129050230104118  vicePresident(A,B):-primeMinister(A,B).\n', '-7.36464408039173  vicePresident(A,B):-predecessor(A,B).\n', '0.12160003105767968  negvicePresident(A,B):-successor(B,A).\n']"
137,Hernán_Siles_Zuazo,Ñuflo_Chávez_Ortiz,"['-0.10008345855698265  vicePresident(A,B):-vicePresident(A,B).\n', '-2.649229238625548  vicePresident(A,B):-president(B,A).\n']"
549,Vicente_Ramón_Roca,Pablo_Merino,"['-8.228069793091183  vicePresident(A,B):-after(A,B).\n', '-8.247247680362719  vicePresident(A,B):-before(B,A).\n']"
197,Raúl_Cubas_Grau,Luis_María_Argaña,"['-7.432189537120456  vicePresident(A,B):-successor(B,A).\n', '-8.228069793091183  vicePresident(A,B):-after(A,B).\n', '-8.247247680362719  vicePresident(A,B):-before(B,A).\n', '-1.758684217546271  vicePresident(A,B):-successor(A,B).\n', '-1.8405496333974871  vicePresident(A,B):-successor(A,B),successor(B,A).\n', '-0.10008345855698265  vicePresident(A,B):-vicePresident(A,B).\n', '-5.280753973942794  vicePresident(A,B):-predecessor(B,A).\n', '-2.649229238625548  vicePresident(A,B):-president(B,A).\n', '-6.129050230104118  vicePresident(A,B):-primeMinister(A,B).\n', '-7.36464408039173  vicePresident(A,B):-predecessor(A,B).\n', '-0.912775788807852  vicePresident(A,B):-president(B,A) ,successor(A,B).\n', '0.12160003105767968  negvicePresident(A,B):-successor(B,A).\n']"
921,Ollanta_Humala,Marisol_Espinoza,"['-0.10008345855698265  vicePresident(A,B):-vicePresident(A,B).\n', '-2.649229238625548  vicePresident(A,B):-president(B,A).\n', '-6.129050230104118  vicePresident(A,B):-primeMinister(A,B).\n']"
607,Michelle_Wu,Frank_Baker_(politician),"['-7.432189537120456  vicePresident(A,B):-successor(B,A).\n', '-8.228069793091183  vicePresident(A,B):-after(A,B).\n', '-8.247247680362719  vicePresident(A,B):-before(B,A).\n', '-1.758684217546271  vicePresident(A,B):-successor(A,B).\n', '-1.8405496333974871  vicePresident(A,B):-successor(A,B),successor(B,A).\n', '-0.10008345855698265  vicePresident(A,B):-vicePresident(A,B).\n', '-5.280753973942794  vicePresident(A,B):-predecessor(B,A).\n', '-2.649229238625548  vicePresident(A,B):-president(B,A).\n', '-6.129050230104118  vicePresident(A,B):-primeMinister(A,B).\n', '-7.36464408039173  vicePresident(A,B):-predecessor(A,B).\n', '-0.912775788807852  vicePresident(A,B):-president(B,A) ,successor(A,B).\n', '0.12160003105767968  negvicePresident(A,B):-successor(B,A).\n']"
204,Bashar_al-Assad,Najah_al-Attar,"['-0.10008345855698265  vicePresident(A,B):-vicePresident(A,B).\n']"
819,Lyndon_B._Johnson,Hubert_Humphrey,"['-7.432189537120456  vicePresident(A,B):-successor(B,A).\n', '-8.228069793091183  vicePresident(A,B):-after(A,B).\n', '-8.247247680362719  vicePresident(A,B):-before(B,A).\n', '-1.758684217546271  vicePresident(A,B):-successor(A,B).\n', '-1.8405496333974871  vicePresident(A,B):-successor(A,B),successor(B,A).\n', '-0.10008345855698265  vicePresident(A,B):-vicePresident(A,B).\n', '-5.280753973942794  vicePresident(A,B):-predecessor(B,A).\n', '-2.649229238625548  vicePresident(A,B):-president(B,A).\n', '-6.129050230104118  vicePresident(A,B):-primeMinister(A,B).\n', '-7.36464408039173  vicePresident(A,B):-predecessor(A,B).\n', '-0.912775788807852  vicePresident(A,B):-president(B,A) ,successor(A,B).\n', '0.12160003105767968  negvicePresident(A,B):-successor(B,A).\n']"
544,José_Miguel_Gómez,Alfredo_Zayas,"['-2.649229238625548  vicePresident(A,B):-president(B,A).\n']"
44,Andrés_Pastrana_Arango,Gustavo_Bell_Lemus,"['-7.432189537120456  vicePresident(A,B):-successor(B,A).\n', '-8.228069793091183  vicePresident(A,B):-after(A,B).\n', '-8.247247680362719  vicePresident(A,B):-before(B,A).\n', '-1.758684217546271  vicePresident(A,B):-successor(A,B).\n', '-1.8405496333974871  vicePresident(A,B):-successor(A,B),successor(B,A).\n', '-0.10008345855698265  vicePresident(A,B):-vicePresident(A,B).\n', '-5.280753973942794  vicePresident(A,B):-predecessor(B,A).\n', '-2.649229238625548  vicePresident(A,B):-president(B,A).\n', '-7.36464408039173  vicePresident(A,B):-predecessor(A,B).\n', '-0.912775788807852  vicePresident(A,B):-president(B,A) ,successor(A,B).\n', '0.12160003105767968  negvicePresident(A,B):-successor(B,A).\n']"
823,Gabriel_Terra,César_Charlone_(politician),"['-7.432189537120456  vicePresident(A,B):-successor(B,A).\n', '-1.758684217546271  vicePresident(A,B):-successor(A,B).\n', '-1.8405496333974871  vicePresident(A,B):-successor(A,B),successor(B,A).\n', '-0.10008345855698265  vicePresident(A,B):-vicePresident(A,B).\n', '-5.280753973942794  vicePresident(A,B):-predecessor(B,A).\n', '-6.129050230104118  vicePresident(A,B):-primeMinister(A,B).\n', '-7.36464408039173  vicePresident(A,B):-predecessor(A,B).\n', '0.12160003105767968  negvicePresident(A,B):-successor(B,A).\n']"
254,Joaquín_Samuel_de_Anchorena,Victorino_de_la_Plaza,"['-8.228069793091183  vicePresident(A,B):-after(A,B).\n', '-8.247247680362719  vicePresident(A,B):-before(B,A).\n', '-5.280753973942794  vicePresident(A,B):-predecessor(B,A).\n', '-2.649229238625548  vicePresident(A,B):-president(B,A).\n']"
669,John_Paul_II_Institute,Carl_A._Anderson,"['-7.432189537120456  vicePresident(A,B):-successor(B,A).\n', '-8.228069793091183  vicePresident(A,B):-after(A,B).\n', '-8.247247680362719  vicePresident(A,B):-before(B,A).\n', '-1.758684217546271  vicePresident(A,B):-successor(A,B).\n', '-1.8405496333974871  vicePresident(A,B):-successor(A,B),successor(B,A).\n', '-0.10008345855698265  vicePresident(A,B):-vicePresident(A,B).\n', '-5.280753973942794  vicePresident(A,B):-predecessor(B,A).\n', '-2.649229238625548  vicePresident(A,B):-president(B,A).\n', '-6.129050230104118  vicePresident(A,B):-primeMinister(A,B).\n', '-7.36464408039173  vicePresident(A,B):-predecessor(A,B).\n', '-0.912775788807852  vicePresident(A,B):-president(B,A) ,successor(A,B).\n', '0.12160003105767968  negvicePresident(A,B):-successor(B,A).\n']"
781,Macario_Sakay,Francisco_Carreón,"['-7.432189537120456  vicePresident(A,B):-successor(B,A).\n', '-8.228069793091183  vicePresident(A,B):-after(A,B).\n', '-8.247247680362719  vicePresident(A,B):-before(B,A).\n', '-1.758684217546271  vicePresident(A,B):-successor(A,B).\n', '-1.8405496333974871  vicePresident(A,B):-successor(A,B),successor(B,A).\n', '-0.10008345855698265  vicePresident(A,B):-vicePresident(A,B).\n', '-5.280753973942794  vicePresident(A,B):-predecessor(B,A).\n', '-2.649229238625548  vicePresident(A,B):-president(B,A).\n', '-6.129050230104118  vicePresident(A,B):-primeMinister(A,B).\n', '-7.36464408039173  vicePresident(A,B):-predecessor(A,B).\n', '-0.912775788807852  vicePresident(A,B):-president(B,A) ,successor(A,B).\n', '0.12160003105767968  negvicePresident(A,B):-successor(B,A).\n']"
796,Abdul_Karim_Abdullah_al-Arashi,Ali_Abdullah_Saleh,"['-7.432189537120456  vicePresident(A,B):-successor(B,A).\n', '-8.228069793091183  vicePresident(A,B):-after(A,B).\n', '-8.247247680362719  vicePresident(A,B):-before(B,A).\n', '-1.758684217546271  vicePresident(A,B):-successor(A,B).\n', '-1.8405496333974871  vicePresident(A,B):-successor(A,B),successor(B,A).\n', '-0.10008345855698265  vicePresident(A,B):-vicePresident(A,B).\n', '-5.280753973942794  vicePresident(A,B):-predecessor(B,A).\n', '-2.649229238625548  vicePresident(A,B):-president(B,A).\n', '-6.129050230104118  vicePresident(A,B):-primeMinister(A,B).\n', '-7.36464408039173  vicePresident(A,B):-predecessor(A,B).\n', '-0.912775788807852  vicePresident(A,B):-president(B,A) ,successor(A,B).\n', '0.12160003105767968  negvicePresident(A,B):-successor(B,A).\n']"
236,C._Odumegwu_Ojukwu,Philip_Effiong,"['-7.432189537120456  vicePresident(A,B):-successor(B,A).\n', '-1.758684217546271  vicePresident(A,B):-successor(A,B).\n', '-1.8405496333974871  vicePresident(A,B):-successor(A,B),successor(B,A).\n', '-0.10008345855698265  vicePresident(A,B):-vicePresident(A,B).\n', '-5.280753973942794  vicePresident(A,B):-predecessor(B,A).\n', '0.12160003105767968  negvicePresident(A,B):-successor(B,A).\n']"
643,France-Albert_René,James_Michel,"['-7.432189537120456  vicePresident(A,B):-successor(B,A).\n', '-8.228069793091183  vicePresident(A,B):-after(A,B).\n', '-5.280753973942794  vicePresident(A,B):-predecessor(B,A).\n', '-2.649229238625548  vicePresident(A,B):-president(B,A).\n', '-7.36464408039173  vicePresident(A,B):-predecessor(A,B).\n', '0.12160003105767968  negvicePresident(A,B):-successor(B,A).\n']"
685,Benigno_Aquino_III,Jejomar_Binay,"['-7.432189537120456  vicePresident(A,B):-successor(B,A).\n', '-8.228069793091183  vicePresident(A,B):-after(A,B).\n', '-8.247247680362719  vicePresident(A,B):-before(B,A).\n', '-0.10008345855698265  vicePresident(A,B):-vicePresident(A,B).\n', '-5.280753973942794  vicePresident(A,B):-predecessor(B,A).\n', '-2.649229238625548  vicePresident(A,B):-president(B,A).\n', '-7.36464408039173  vicePresident(A,B):-predecessor(A,B).\n', '0.12160003105767968  negvicePresident(A,B):-successor(B,A).\n']"
948,Mohammed_Waheed_Hassan,Mohammed_Waheed_Dean,"['-0.10008345855698265  vicePresident(A,B):-vicePresident(A,B).\n']"
290,José_Tomás_Ovalle,Fernando_Errázuriz,"['-7.432189537120456  vicePresident(A,B):-successor(B,A).\n', '-6.129050230104118  vicePresident(A,B):-primeMinister(A,B).\n', '-7.36464408039173  vicePresident(A,B):-predecessor(A,B).\n', '0.12160003105767968  negvicePresident(A,B):-successor(B,A).\n']"
278,Abdalá_Bucaram,Rosalía_Arteaga,[]
670,Tek_Bahadur_Gurung,Paramananda_Jha,"['-8.228069793091183  vicePresident(A,B):-after(A,B).\n', '-8.247247680362719  vicePresident(A,B):-before(B,A).\n', '-0.10008345855698265  vicePresident(A,B):-vicePresident(A,B).\n', '-2.649229238625548  vicePresident(A,B):-president(B,A).\n']"
762,Guillermo_Endara,Guillermo_Ford,"['-7.432189537120456  vicePresident(A,B):-successor(B,A).\n', '-8.228069793091183  vicePresident(A,B):-after(A,B).\n', '-8.247247680362719  vicePresident(A,B):-before(B,A).\n', '-1.758684217546271  vicePresident(A,B):-successor(A,B).\n', '-1.8405496333974871  vicePresident(A,B):-successor(A,B),successor(B,A).\n', '-0.10008345855698265  vicePresident(A,B):-vicePresident(A,B).\n', '-5.280753973942794  vicePresident(A,B):-predecessor(B,A).\n', '-2.649229238625548  vicePresident(A,B):-president(B,A).\n', '-6.129050230104118  vicePresident(A,B):-primeMinister(A,B).\n', '-7.36464408039173  vicePresident(A,B):-predecessor(A,B).\n', '-0.912775788807852  vicePresident(A,B):-president(B,A) ,successor(A,B).\n', '0.12160003105767968  negvicePresident(A,B):-successor(B,A).\n']"
3925,Minou_Tavárez_Mirabal,John_Archer_(politician),"['-7.432189537120456  vicePresident(A,B):-successor(B,A).\n', '-8.228069793091183  vicePresident(A,B):-after(A,B).\n', '-8.247247680362719  vicePresident(A,B):-before(B,A).\n', '-1.758684217546271  vicePresident(A,B):-successor(A,B).\n', '-1.8405496333974871  vicePresident(A,B):-successor(A,B),successor(B,A).\n', '-0.10008345855698265  vicePresident(A,B):-vicePresident(A,B).\n', '-2.649229238625548  vicePresident(A,B):-president(B,A).\n', '-6.129050230104118  vicePresident(A,B):-primeMinister(A,B).\n', '-0.912775788807852  vicePresident(A,B):-president(B,A) ,successor(A,B).\n', '0.12160003105767968  negvicePresident(A,B):-successor(B,A).\n']"
3268,Bhim_Acharya,Enrique_José_Varona,[]
1167,Pranab_Mukherjee,Jacinto_Peynado_y_Garrigosa,[]
2637,Jerry_Rawlings,Guillermo_Ford,"['-8.228069793091183  vicePresident(A,B):-after(A,B).\n', '-8.247247680362719  vicePresident(A,B):-before(B,A).\n', '-2.649229238625548  vicePresident(A,B):-president(B,A).\n']"
3897,José_Antonio_Ardanza,Paramananda_Jha,[]
2268,Mustafa_Abdul_Jalil,Marina_Kolaković,"['-7.432189537120456  vicePresident(A,B):-successor(B,A).\n', '-8.228069793091183  vicePresident(A,B):-after(A,B).\n', '-8.247247680362719  vicePresident(A,B):-before(B,A).\n', '-1.758684217546271  vicePresident(A,B):-successor(A,B).\n', '-1.8405496333974871  vicePresident(A,B):-successor(A,B),successor(B,A).\n', '-0.10008345855698265  vicePresident(A,B):-vicePresident(A,B).\n', '-5.280753973942794  vicePresident(A,B):-predecessor(B,A).\n', '-2.649229238625548  vicePresident(A,B):-president(B,A).\n', '-7.36464408039173  vicePresident(A,B):-predecessor(A,B).\n', '-0.912775788807852  vicePresident(A,B):-president(B,A) ,successor(A,B).\n', '0.12160003105767968  negvicePresident(A,B):-successor(B,A).\n']"
1361,Borjana_Krišto,Wu_Den-yih,[]
1769,Kaspar_Villiger,Alberto_Guani,[]
1091,Óscar_Arias,Julio_Garrett_Ayllón,"['-8.247247680362719  vicePresident(A,B):-before(B,A).\n']"
3663,Mario_García_Menocal,Gennady_Yanayev,[]
3884,Koç_University,Li_Yuanhong,[]
3603,George_Weah,Joseph_Chinotimba,"['-7.432189537120456  vicePresident(A,B):-successor(B,A).\n', '-8.228069793091183  vicePresident(A,B):-after(A,B).\n', '-8.247247680362719  vicePresident(A,B):-before(B,A).\n', '-1.758684217546271  vicePresident(A,B):-successor(A,B).\n', '-1.8405496333974871  vicePresident(A,B):-successor(A,B),successor(B,A).\n', '-0.10008345855698265  vicePresident(A,B):-vicePresident(A,B).\n', '-2.649229238625548  vicePresident(A,B):-president(B,A).\n', '-7.36464408039173  vicePresident(A,B):-predecessor(A,B).\n', '-0.912775788807852  vicePresident(A,B):-president(B,A) ,successor(A,B).\n', '0.12160003105767968  negvicePresident(A,B):-successor(B,A).\n']"
1716,Daniel_arap_Moi,Jope_Seniloli,"['-2.649229238625548  vicePresident(A,B):-president(B,A).\n']"
999,Presidency_of_Boris_Yeltsin,Tewareka_Tentoa,[]
1781,Joe_Shirley_Jr.,Juan_Alfonso_Fuentes_Soria,[]
1183,Teburoro_Tito,Jorge_Arreaza,"['-2.649229238625548  vicePresident(A,B):-president(B,A).\n']"
2881,Jerónimo_Carrión,Hu_Jintao,"['-8.228069793091183  vicePresident(A,B):-after(A,B).\n', '-8.247247680362719  vicePresident(A,B):-before(B,A).\n', '-2.649229238625548  vicePresident(A,B):-president(B,A).\n']"
2351,Nguyễn_Minh_Triết,Elisabeta_Gjoni,"['-7.36464408039173  vicePresident(A,B):-predecessor(A,B).\n']"
1550,Abdalá_Bucaram,Mario_Fernandez,"['-8.228069793091183  vicePresident(A,B):-after(A,B).\n']"
1671,Andrés_Martínez_Trueba,Schuyler_Colfax,[]
1899,Jean-Claude_Trichet,Alejandro_Serrano,"['-2.649229238625548  vicePresident(A,B):-president(B,A).\n']"
3372,John_Archer_(politician),Mompati_Merafhe,[]
3210,Nicolás_Avellaneda,Victorino_de_la_Plaza,"['-0.10008345855698265  vicePresident(A,B):-vicePresident(A,B).\n', '-2.649229238625548  vicePresident(A,B):-president(B,A).\n']"
2868,Festus_Mogae,Arístides_Crespo,[]
1749,Sadi_Güven,Josep-Lluís_Carod-Rovira,[]
1932,Valentín_Gómez_Farías,Alexander_Rutskoi,[]
1810,Carlos_Antonio_López,Bakri_Hassan_Saleh,"['-1.758684217546271  vicePresident(A,B):-successor(A,B).\n', '-7.36464408039173  vicePresident(A,B):-predecessor(A,B).\n']"
1055,Blas_Roca_Calderio,Ali_Hassan_Mwinyi,[]
1835,Julio_María_Sanguinetti,Jope_Seniloli,"['-0.10008345855698265  vicePresident(A,B):-vicePresident(A,B).\n']"
3416,Franklin_Pierce,Ñuflo_Chávez_Ortiz,"['-2.649229238625548  vicePresident(A,B):-president(B,A).\n']"
2827,Andrew_Walker_(politician),Shankar_Dayal_Sharma,"['-8.228069793091183  vicePresident(A,B):-after(A,B).\n']"
1000,Paulo_Brossard,Ana_Helena_Chacón_Echeverría,[]
3567,Jimmy_Morales,Melika_Mahmutbegović,"['-8.228069793091183  vicePresident(A,B):-after(A,B).\n', '-8.247247680362719  vicePresident(A,B):-before(B,A).\n']"
2802,Manuel_L._Quezon,Mohamed_Mahamud_Jama,[]
1511,Fuad_Masum,Edward_Burleson,[]
1070,Tomás_Estrada_Palma,Simon_Muzenda,"['-8.228069793091183  vicePresident(A,B):-after(A,B).\n']"
1918,Idi_Amin,Fernando_López,"['-7.432189537120456  vicePresident(A,B):-successor(B,A).\n', '-5.280753973942794  vicePresident(A,B):-predecessor(B,A).\n', '0.12160003105767968  negvicePresident(A,B):-successor(B,A).\n']"
2953,Bounnhang_Vorachith,Ali_Mohsen_al-Ahmar,[]
2257,Bounnhang_Vorachith,Ashwin_Adhin,[]
3799,Taha_al-Hashimi,Jacinto_Peynado_y_Garrigosa,[]
1585,Salva_Kiir_Mayardit,Nguon_Nhel,[]
2641,Peterson_Zah,Virgilio_Godoy,"['-8.228069793091183  vicePresident(A,B):-after(A,B).\n', '-8.247247680362719  vicePresident(A,B):-before(B,A).\n']"
1336,Emilio_Aceval,Arnold_Nordmeyer,[]
2277,Vicente_Ehate_Tomi,Albert_Chau,[]
2007,Eduardo_Zaplana,Mariano_Baptista,"['-7.432189537120456  vicePresident(A,B):-successor(B,A).\n', '-1.758684217546271  vicePresident(A,B):-successor(A,B).\n', '-1.8405496333974871  vicePresident(A,B):-successor(A,B),successor(B,A).\n', '0.12160003105767968  negvicePresident(A,B):-successor(B,A).\n']"
3224,Óscar_Arias,Eduardo_Stein,"['-7.432189537120456  vicePresident(A,B):-successor(B,A).\n', '-8.247247680362719  vicePresident(A,B):-before(B,A).\n', '-1.758684217546271  vicePresident(A,B):-successor(A,B).\n', '-1.8405496333974871  vicePresident(A,B):-successor(A,B),successor(B,A).\n', '-5.280753973942794  vicePresident(A,B):-predecessor(B,A).\n', '-2.649229238625548  vicePresident(A,B):-president(B,A).\n', '-6.129050230104118  vicePresident(A,B):-primeMinister(A,B).\n', '-7.36464408039173  vicePresident(A,B):-predecessor(A,B).\n', '-0.912775788807852  vicePresident(A,B):-president(B,A) ,successor(A,B).\n', '0.12160003105767968  negvicePresident(A,B):-successor(B,A).\n']"
1339,Pedro_Alcántara_Herrán,Wilhelm_Haferkamp,"['-0.10008345855698265  vicePresident(A,B):-vicePresident(A,B).\n', '-2.649229238625548  vicePresident(A,B):-president(B,A).\n']"
3741,Chitra_Lekha_Yadav,Mario_Monteforte_Toledo,[]
1775,Chiang_Kai-shek,Kwesi_Amissah-Arthur,[]
1584,Makarios_III,Alejandro_Gómez_(politician),"['-8.228069793091183  vicePresident(A,B):-after(A,B).\n', '-5.280753973942794  vicePresident(A,B):-predecessor(B,A).\n']"
1140,Taneti_Mamau,Charles_W._Fairbanks,[]
1549,Carlos_P._Garcia,Jorge_Quiroga,"['-8.228069793091183  vicePresident(A,B):-after(A,B).\n', '-8.247247680362719  vicePresident(A,B):-before(B,A).\n']"
1098,Zachary_Taylor,Adalberto_Pereira_dos_Santos,"['-0.10008345855698265  vicePresident(A,B):-vicePresident(A,B).\n']"
2233,V._V._Giri,Lien_Chan,"['-8.247247680362719  vicePresident(A,B):-before(B,A).\n', '-2.649229238625548  vicePresident(A,B):-president(B,A).\n']"
2963,Diego_Noboa,Nathaniel_Brander,[]
3703,Peter_Tomka,Aaron_Burr,"['-8.228069793091183  vicePresident(A,B):-after(A,B).\n', '-8.247247680362719  vicePresident(A,B):-before(B,A).\n', '-1.758684217546271  vicePresident(A,B):-successor(A,B).\n', '-0.10008345855698265  vicePresident(A,B):-vicePresident(A,B).\n', '-2.649229238625548  vicePresident(A,B):-president(B,A).\n', '-6.129050230104118  vicePresident(A,B):-primeMinister(A,B).\n', '-7.36464408039173  vicePresident(A,B):-predecessor(A,B).\n', '-0.912775788807852  vicePresident(A,B):-president(B,A) ,successor(A,B).\n']"
3262,Carlos_Felipe_Morales,Krešo_Beljak,[]
2757,Theodore_Roosevelt,Jejomar_Binay,"['-8.247247680362719  vicePresident(A,B):-before(B,A).\n', '-2.649229238625548  vicePresident(A,B):-president(B,A).\n']"
1188,Nguyễn_Minh_Triết,Hamengkubuwono_IX,"['-8.228069793091183  vicePresident(A,B):-after(A,B).\n', '-0.10008345855698265  vicePresident(A,B):-vicePresident(A,B).\n', '-6.129050230104118  vicePresident(A,B):-primeMinister(A,B).\n']"
2943,Chandresh_Kumari_Katoch,Sandra_Pierantozzi,"['-7.432189537120456  vicePresident(A,B):-successor(B,A).\n', '-8.228069793091183  vicePresident(A,B):-after(A,B).\n', '-8.247247680362719  vicePresident(A,B):-before(B,A).\n', '-1.758684217546271  vicePresident(A,B):-successor(A,B).\n', '-1.8405496333974871  vicePresident(A,B):-successor(A,B),successor(B,A).\n', '-5.280753973942794  vicePresident(A,B):-predecessor(B,A).\n', '-7.36464408039173  vicePresident(A,B):-predecessor(A,B).\n', '0.12160003105767968  negvicePresident(A,B):-successor(B,A).\n']"
2686,Central_South_University,Paramananda_Jha,[]
2157,Levy_Mwanawasa,Adlai_Stevenson_I,[]
3114,Alexander_Ankvab,Margarita_Cedeño_de_Fernández,"['-0.10008345855698265  vicePresident(A,B):-vicePresident(A,B).\n']"
1141,Tancredo_Neves,Victoria_Garrón_Orozco,[]
2473,I-Shou_University,Nurul_Amin,"['-8.228069793091183  vicePresident(A,B):-after(A,B).\n', '-2.649229238625548  vicePresident(A,B):-president(B,A).\n']"
2875,Thein_Sein,G._Parameshwara,[]
2852,Živko_Budimir,Mohammed_Waheed_Dean,[]
1623,Cassam_Uteem,Café_Filho,[]
2814,Óscar_Arias,Monique_Ohsan_Bellepeau,[]
2739,Dwight_D._Eisenhower,Mohammad_Reza_Rahimi,"['-6.129050230104118  vicePresident(A,B):-primeMinister(A,B).\n']"
1588,Valentín_Gómez_Farías,Samuel_Schmid,[]
1395,Josefa_Iloilo,Pascal_Couchepin,[]
1009,Frankfurt_University_of_Music_and_Performing_Arts,Kim_Seong-su,"['-7.432189537120456  vicePresident(A,B):-successor(B,A).\n', '-1.758684217546271  vicePresident(A,B):-successor(A,B).\n', '-1.8405496333974871  vicePresident(A,B):-successor(A,B),successor(B,A).\n', '-5.280753973942794  vicePresident(A,B):-predecessor(B,A).\n', '0.12160003105767968  negvicePresident(A,B):-successor(B,A).\n']"
1092,Ricardo_Lewandowski,Micheline_Calmy-Rey,[]
2838,Fernando_Lugo,Joana_Ortega,[]
2259,Sukarno,Micheline_Calmy-Rey,"['-8.228069793091183  vicePresident(A,B):-after(A,B).\n', '-0.10008345855698265  vicePresident(A,B):-vicePresident(A,B).\n']"
2906,Joseph_Deiss,Frank_Hough,"['-8.228069793091183  vicePresident(A,B):-after(A,B).\n', '-8.247247680362719  vicePresident(A,B):-before(B,A).\n']"
3151,Megawati_Sukarnoputri,Ana_Vilma_de_Escobar,"['-8.228069793091183  vicePresident(A,B):-after(A,B).\n', '-8.247247680362719  vicePresident(A,B):-before(B,A).\n']"
1506,France-Albert_René,Rabindranath_Ghurburrun,[]
1653,Raúl_Cubas_Grau,Mikhail_Logua,[]
2835,Barack_Obama,Pedro_Ritcher_Prada,[]
2794,Emilio_Aceval,Alex_Ekwueme,"['-8.247247680362719  vicePresident(A,B):-before(B,A).\n']"
2905,René_Barrientos,Fernando_Errázuriz,[]
1633,Juan_José_Flores,Teodoro_Nguema_Obiang_Mangue,[]
3576,Zhang_Jilong,Itamar_Franco,[]
1622,Vicente_Ehate_Tomi,Nilo_Peçanha,[]
3417,Mario_García_Menocal,Matsudaira_Taro,[]
1548,Benigno_Ferreira,Carlos_Álvarez_(Vice-president),"['-6.129050230104118  vicePresident(A,B):-primeMinister(A,B).\n', '-7.36464408039173  vicePresident(A,B):-predecessor(A,B).\n']"
3086,Garretson_W._Gibson,Mohammed_Waheed_Hassan,[]
1354,Levy_Mwanawasa,Carlos_Julio_Arosemena_Tola,[]
2152,Jimmy_Morales,Carlos_Morales_Troncoso,[]
2847,Yordan_Sokolov,Mamerto_Urriolagoitía,[]
3766,Amoud_University,Tin_Aung_Myint_Oo,"['-7.432189537120456  vicePresident(A,B):-successor(B,A).\n', '-8.228069793091183  vicePresident(A,B):-after(A,B).\n', '0.12160003105767968  negvicePresident(A,B):-successor(B,A).\n']"
1996,José_Félix_Uriburu,Danny_Faure,[]
2697,Chen_Shui-bian,Luis_Adolfo_Siles_Salinas,[]
1348,David_Addington,Mariano_González_(politician),[]
2590,Benjamin_Franklin,Rudolf_Gnägi,[]
3366,Juan_José_Flores,Hubert_Buchberger,"['-7.432189537120456  vicePresident(A,B):-successor(B,A).\n', '-1.758684217546271  vicePresident(A,B):-successor(A,B).\n', '-1.8405496333974871  vicePresident(A,B):-successor(A,B),successor(B,A).\n', '-5.280753973942794  vicePresident(A,B):-predecessor(B,A).\n', '-6.129050230104118  vicePresident(A,B):-primeMinister(A,B).\n', '-7.36464408039173  vicePresident(A,B):-predecessor(A,B).\n', '0.12160003105767968  negvicePresident(A,B):-successor(B,A).\n']"
3208,Laura_Chinchilla,Paramananda_Jha,[]
3714,Leónidas_Plaza,Alexander_Rutskoy,"['-7.432189537120456  vicePresident(A,B):-successor(B,A).\n', '0.12160003105767968  negvicePresident(A,B):-successor(B,A).\n']"
