1,Tom_Brindle_(politician),Jim_Thorn,"['-8.228069793091183  vicePresident(A,B):-after(A,B).\n', '-0.10008345855698265  vicePresident(A,B):-vicePresident(A,B).\n', '-6.129050230104118  vicePresident(A,B):-primeMinister(A,B).\n']"
2,Ferdinand_Marcos,Fernando_Lopez,"['-7.432189537120456  vicePresident(A,B):-successor(B,A).\n', '-1.758684217546271  vicePresident(A,B):-successor(A,B).\n', '-1.8405496333974871  vicePresident(A,B):-successor(A,B),successor(B,A).\n', '-0.10008345855698265  vicePresident(A,B):-vicePresident(A,B).\n', '-5.280753973942794  vicePresident(A,B):-predecessor(B,A).\n', '-2.649229238625548  vicePresident(A,B):-president(B,A).\n', '-6.129050230104118  vicePresident(A,B):-primeMinister(A,B).\n', '-7.36464408039173  vicePresident(A,B):-predecessor(A,B).\n', '-0.912775788807852  vicePresident(A,B):-president(B,A) ,successor(A,B).\n', '0.12160003105767968  negvicePresident(A,B):-successor(B,A).\n']"
4,Josefa_Iloilo,Epeli_Nailatikau,"['-7.432189537120456  vicePresident(A,B):-successor(B,A).\n', '-1.758684217546271  vicePresident(A,B):-successor(A,B).\n', '-1.8405496333974871  vicePresident(A,B):-successor(A,B),successor(B,A).\n', '-0.10008345855698265  vicePresident(A,B):-vicePresident(A,B).\n', '-5.280753973942794  vicePresident(A,B):-predecessor(B,A).\n', '-7.36464408039173  vicePresident(A,B):-predecessor(A,B).\n', '0.12160003105767968  negvicePresident(A,B):-successor(B,A).\n']"
5,David_G._Burnet,Lorenzo_de_Zavala,"['-7.432189537120456  vicePresident(A,B):-successor(B,A).\n', '-8.228069793091183  vicePresident(A,B):-after(A,B).\n', '-8.247247680362719  vicePresident(A,B):-before(B,A).\n', '-1.758684217546271  vicePresident(A,B):-successor(A,B).\n', '-1.8405496333974871  vicePresident(A,B):-successor(A,B),successor(B,A).\n', '-0.10008345855698265  vicePresident(A,B):-vicePresident(A,B).\n', '-5.280753973942794  vicePresident(A,B):-predecessor(B,A).\n', '-2.649229238625548  vicePresident(A,B):-president(B,A).\n', '-6.129050230104118  vicePresident(A,B):-primeMinister(A,B).\n', '-7.36464408039173  vicePresident(A,B):-predecessor(A,B).\n', '-0.912775788807852  vicePresident(A,B):-president(B,A) ,successor(A,B).\n', '0.12160003105767968  negvicePresident(A,B):-successor(B,A).\n']"
6,Manny_Mori,Alik_L._Alik,"['-8.228069793091183  vicePresident(A,B):-after(A,B).\n', '-8.247247680362719  vicePresident(A,B):-before(B,A).\n', '-0.10008345855698265  vicePresident(A,B):-vicePresident(A,B).\n', '-2.649229238625548  vicePresident(A,B):-president(B,A).\n', '-6.129050230104118  vicePresident(A,B):-primeMinister(A,B).\n']"
7,Julius_Nyerere,Abeid_Karume,"['-7.432189537120456  vicePresident(A,B):-successor(B,A).\n', '-0.10008345855698265  vicePresident(A,B):-vicePresident(A,B).\n', '-2.649229238625548  vicePresident(A,B):-president(B,A).\n', '-7.36464408039173  vicePresident(A,B):-predecessor(A,B).\n', '0.12160003105767968  negvicePresident(A,B):-successor(B,A).\n']"
8,Micheline_Calmy-Rey,Eveline_Widmer-Schlumpf,"['-8.228069793091183  vicePresident(A,B):-after(A,B).\n', '-8.247247680362719  vicePresident(A,B):-before(B,A).\n', '-1.758684217546271  vicePresident(A,B):-successor(A,B).\n', '-0.10008345855698265  vicePresident(A,B):-vicePresident(A,B).\n', '-5.280753973942794  vicePresident(A,B):-predecessor(B,A).\n', '-2.649229238625548  vicePresident(A,B):-president(B,A).\n', '-0.912775788807852  vicePresident(A,B):-president(B,A) ,successor(A,B).\n']"
10,Shehbaz_Sharif,Ghaus_Ali_Shah,"['-0.10008345855698265  vicePresident(A,B):-vicePresident(A,B).\n', '-2.649229238625548  vicePresident(A,B):-president(B,A).\n']"
11,Edward_James_Roye,James_Skivring_Smith,"['-7.432189537120456  vicePresident(A,B):-successor(B,A).\n', '-8.228069793091183  vicePresident(A,B):-after(A,B).\n', '-8.247247680362719  vicePresident(A,B):-before(B,A).\n', '-1.758684217546271  vicePresident(A,B):-successor(A,B).\n', '-1.8405496333974871  vicePresident(A,B):-successor(A,B),successor(B,A).\n', '-0.10008345855698265  vicePresident(A,B):-vicePresident(A,B).\n', '-5.280753973942794  vicePresident(A,B):-predecessor(B,A).\n', '-2.649229238625548  vicePresident(A,B):-president(B,A).\n', '-6.129050230104118  vicePresident(A,B):-primeMinister(A,B).\n', '-7.36464408039173  vicePresident(A,B):-predecessor(A,B).\n', '-0.912775788807852  vicePresident(A,B):-president(B,A) ,successor(A,B).\n', '0.12160003105767968  negvicePresident(A,B):-successor(B,A).\n']"
12,Ulysses_S._Grant_presidential_administration_scandals,Schuyler_Colfax,"['-8.228069793091183  vicePresident(A,B):-after(A,B).\n', '-0.10008345855698265  vicePresident(A,B):-vicePresident(A,B).\n', '-5.280753973942794  vicePresident(A,B):-predecessor(B,A).\n', '-6.129050230104118  vicePresident(A,B):-primeMinister(A,B).\n', '-7.36464408039173  vicePresident(A,B):-predecessor(A,B).\n']"
13,Azam_Khan_Swati,Hamid_Khan_(lawyer),"['-7.432189537120456  vicePresident(A,B):-successor(B,A).\n', '-8.228069793091183  vicePresident(A,B):-after(A,B).\n', '-8.247247680362719  vicePresident(A,B):-before(B,A).\n', '-1.758684217546271  vicePresident(A,B):-successor(A,B).\n', '-1.8405496333974871  vicePresident(A,B):-successor(A,B),successor(B,A).\n', '-0.10008345855698265  vicePresident(A,B):-vicePresident(A,B).\n', '-5.280753973942794  vicePresident(A,B):-predecessor(B,A).\n', '-2.649229238625548  vicePresident(A,B):-president(B,A).\n', '-6.129050230104118  vicePresident(A,B):-primeMinister(A,B).\n', '-7.36464408039173  vicePresident(A,B):-predecessor(A,B).\n', '-0.912775788807852  vicePresident(A,B):-president(B,A) ,successor(A,B).\n', '0.12160003105767968  negvicePresident(A,B):-successor(B,A).\n']"
14,Tony_Benn,Lindsey_German,"['-7.432189537120456  vicePresident(A,B):-successor(B,A).\n', '-8.228069793091183  vicePresident(A,B):-after(A,B).\n', '-8.247247680362719  vicePresident(A,B):-before(B,A).\n', '-1.758684217546271  vicePresident(A,B):-successor(A,B).\n', '-1.8405496333974871  vicePresident(A,B):-successor(A,B),successor(B,A).\n', '-0.10008345855698265  vicePresident(A,B):-vicePresident(A,B).\n', '-5.280753973942794  vicePresident(A,B):-predecessor(B,A).\n', '-2.649229238625548  vicePresident(A,B):-president(B,A).\n', '-6.129050230104118  vicePresident(A,B):-primeMinister(A,B).\n', '-7.36464408039173  vicePresident(A,B):-predecessor(A,B).\n', '-0.912775788807852  vicePresident(A,B):-president(B,A) ,successor(A,B).\n', '0.12160003105767968  negvicePresident(A,B):-successor(B,A).\n']"
16,Omar_al-Bashir,John_Garang,"['-7.432189537120456  vicePresident(A,B):-successor(B,A).\n', '-8.228069793091183  vicePresident(A,B):-after(A,B).\n', '-1.758684217546271  vicePresident(A,B):-successor(A,B).\n', '-1.8405496333974871  vicePresident(A,B):-successor(A,B),successor(B,A).\n', '-0.10008345855698265  vicePresident(A,B):-vicePresident(A,B).\n', '-5.280753973942794  vicePresident(A,B):-predecessor(B,A).\n', '-2.649229238625548  vicePresident(A,B):-president(B,A).\n', '-6.129050230104118  vicePresident(A,B):-primeMinister(A,B).\n', '-0.912775788807852  vicePresident(A,B):-president(B,A) ,successor(A,B).\n', '0.12160003105767968  negvicePresident(A,B):-successor(B,A).\n']"
17,Chea_Sim,Tep_Ngorn,"['-7.432189537120456  vicePresident(A,B):-successor(B,A).\n', '-8.228069793091183  vicePresident(A,B):-after(A,B).\n', '-8.247247680362719  vicePresident(A,B):-before(B,A).\n', '-1.758684217546271  vicePresident(A,B):-successor(A,B).\n', '-1.8405496333974871  vicePresident(A,B):-successor(A,B),successor(B,A).\n', '-0.10008345855698265  vicePresident(A,B):-vicePresident(A,B).\n', '-5.280753973942794  vicePresident(A,B):-predecessor(B,A).\n', '-2.649229238625548  vicePresident(A,B):-president(B,A).\n', '-6.129050230104118  vicePresident(A,B):-primeMinister(A,B).\n', '-7.36464408039173  vicePresident(A,B):-predecessor(A,B).\n', '-0.912775788807852  vicePresident(A,B):-president(B,A) ,successor(A,B).\n', '0.12160003105767968  negvicePresident(A,B):-successor(B,A).\n']"
18,Charles_D._B._King,Samuel_Alfred_Ross,"['-7.432189537120456  vicePresident(A,B):-successor(B,A).\n', '-8.228069793091183  vicePresident(A,B):-after(A,B).\n', '-8.247247680362719  vicePresident(A,B):-before(B,A).\n', '-1.758684217546271  vicePresident(A,B):-successor(A,B).\n', '-1.8405496333974871  vicePresident(A,B):-successor(A,B),successor(B,A).\n', '-0.10008345855698265  vicePresident(A,B):-vicePresident(A,B).\n', '-5.280753973942794  vicePresident(A,B):-predecessor(B,A).\n', '-2.649229238625548  vicePresident(A,B):-president(B,A).\n', '-6.129050230104118  vicePresident(A,B):-primeMinister(A,B).\n', '-7.36464408039173  vicePresident(A,B):-predecessor(A,B).\n', '-0.912775788807852  vicePresident(A,B):-president(B,A) ,successor(A,B).\n', '0.12160003105767968  negvicePresident(A,B):-successor(B,A).\n']"
19,Vicente_Ehate_Tomi,Teodoro_Nguema_Obiang_Mangue,"['-0.10008345855698265  vicePresident(A,B):-vicePresident(A,B).\n', '-2.649229238625548  vicePresident(A,B):-president(B,A).\n']"
21,Mushahid_Hussain_Syed,Dr._Khalid_Ranjha,"['-8.228069793091183  vicePresident(A,B):-after(A,B).\n', '-0.10008345855698265  vicePresident(A,B):-vicePresident(A,B).\n', '-2.649229238625548  vicePresident(A,B):-president(B,A).\n', '-6.129050230104118  vicePresident(A,B):-primeMinister(A,B).\n']"
22,Dahir_Riyale_Kahin,Ahmed_Yusuf_Yasin,"['-7.432189537120456  vicePresident(A,B):-successor(B,A).\n', '-8.228069793091183  vicePresident(A,B):-after(A,B).\n', '-8.247247680362719  vicePresident(A,B):-before(B,A).\n', '-1.758684217546271  vicePresident(A,B):-successor(A,B).\n', '-1.8405496333974871  vicePresident(A,B):-successor(A,B),successor(B,A).\n', '-0.10008345855698265  vicePresident(A,B):-vicePresident(A,B).\n', '-5.280753973942794  vicePresident(A,B):-predecessor(B,A).\n', '-2.649229238625548  vicePresident(A,B):-president(B,A).\n', '-6.129050230104118  vicePresident(A,B):-primeMinister(A,B).\n', '-7.36464408039173  vicePresident(A,B):-predecessor(A,B).\n', '-0.912775788807852  vicePresident(A,B):-president(B,A) ,successor(A,B).\n', '0.12160003105767968  negvicePresident(A,B):-successor(B,A).\n']"
23,Upendra_Kant_Aryal,Parmanand_Jha,"['-8.228069793091183  vicePresident(A,B):-after(A,B).\n', '-8.247247680362719  vicePresident(A,B):-before(B,A).\n', '-0.10008345855698265  vicePresident(A,B):-vicePresident(A,B).\n']"
24,Grover_Cleveland,Thomas_A._Hendricks,"['-7.432189537120456  vicePresident(A,B):-successor(B,A).\n', '-8.228069793091183  vicePresident(A,B):-after(A,B).\n', '-8.247247680362719  vicePresident(A,B):-before(B,A).\n', '-0.10008345855698265  vicePresident(A,B):-vicePresident(A,B).\n', '-2.649229238625548  vicePresident(A,B):-president(B,A).\n', '-6.129050230104118  vicePresident(A,B):-primeMinister(A,B).\n', '-7.36464408039173  vicePresident(A,B):-predecessor(A,B).\n', '0.12160003105767968  negvicePresident(A,B):-successor(B,A).\n']"
25,Minendra_Rijal,Paramananda_Jha,"['-7.432189537120456  vicePresident(A,B):-successor(B,A).\n', '-8.228069793091183  vicePresident(A,B):-after(A,B).\n', '-8.247247680362719  vicePresident(A,B):-before(B,A).\n', '-1.758684217546271  vicePresident(A,B):-successor(A,B).\n', '-1.8405496333974871  vicePresident(A,B):-successor(A,B),successor(B,A).\n', '-0.10008345855698265  vicePresident(A,B):-vicePresident(A,B).\n', '-5.280753973942794  vicePresident(A,B):-predecessor(B,A).\n', '-2.649229238625548  vicePresident(A,B):-president(B,A).\n', '-6.129050230104118  vicePresident(A,B):-primeMinister(A,B).\n', '-7.36464408039173  vicePresident(A,B):-predecessor(A,B).\n', '-0.912775788807852  vicePresident(A,B):-president(B,A) ,successor(A,B).\n', '0.12160003105767968  negvicePresident(A,B):-successor(B,A).\n']"
29,David_Addington,Dick_Cheney,"['-7.432189537120456  vicePresident(A,B):-successor(B,A).\n', '-8.228069793091183  vicePresident(A,B):-after(A,B).\n', '-8.247247680362719  vicePresident(A,B):-before(B,A).\n', '-1.758684217546271  vicePresident(A,B):-successor(A,B).\n', '-1.8405496333974871  vicePresident(A,B):-successor(A,B),successor(B,A).\n', '-0.10008345855698265  vicePresident(A,B):-vicePresident(A,B).\n', '-5.280753973942794  vicePresident(A,B):-predecessor(B,A).\n', '-2.649229238625548  vicePresident(A,B):-president(B,A).\n', '-6.129050230104118  vicePresident(A,B):-primeMinister(A,B).\n', '-7.36464408039173  vicePresident(A,B):-predecessor(A,B).\n', '-0.912775788807852  vicePresident(A,B):-president(B,A) ,successor(A,B).\n', '0.12160003105767968  negvicePresident(A,B):-successor(B,A).\n']"
30,Tom_Brindle_(politician),John_Archer_(politician),"['-0.10008345855698265  vicePresident(A,B):-vicePresident(A,B).\n']"
31,Joseph_James_Cheeseman,William_D._Coleman_(politician),"['-7.432189537120456  vicePresident(A,B):-successor(B,A).\n', '-8.228069793091183  vicePresident(A,B):-after(A,B).\n', '-8.247247680362719  vicePresident(A,B):-before(B,A).\n', '-1.758684217546271  vicePresident(A,B):-successor(A,B).\n', '-1.8405496333974871  vicePresident(A,B):-successor(A,B),successor(B,A).\n', '-0.10008345855698265  vicePresident(A,B):-vicePresident(A,B).\n', '-5.280753973942794  vicePresident(A,B):-predecessor(B,A).\n', '-2.649229238625548  vicePresident(A,B):-president(B,A).\n', '-6.129050230104118  vicePresident(A,B):-primeMinister(A,B).\n', '-7.36464408039173  vicePresident(A,B):-predecessor(A,B).\n', '-0.912775788807852  vicePresident(A,B):-president(B,A) ,successor(A,B).\n', '0.12160003105767968  negvicePresident(A,B):-successor(B,A).\n']"
33,Daniel_arap_Moi,Josephat_Karanja,"['-0.10008345855698265  vicePresident(A,B):-vicePresident(A,B).\n', '-2.649229238625548  vicePresident(A,B):-president(B,A).\n']"
34,A._P._J._Abdul_Kalam,Krishan_Kant,"['-7.432189537120456  vicePresident(A,B):-successor(B,A).\n', '-8.228069793091183  vicePresident(A,B):-after(A,B).\n', '-8.247247680362719  vicePresident(A,B):-before(B,A).\n', '-1.758684217546271  vicePresident(A,B):-successor(A,B).\n', '-1.8405496333974871  vicePresident(A,B):-successor(A,B),successor(B,A).\n', '-0.10008345855698265  vicePresident(A,B):-vicePresident(A,B).\n', '-5.280753973942794  vicePresident(A,B):-predecessor(B,A).\n', '-7.36464408039173  vicePresident(A,B):-predecessor(A,B).\n', '0.12160003105767968  negvicePresident(A,B):-successor(B,A).\n']"
35,Joe_Shirley_Jr.,Ben_Shelly,"['-8.228069793091183  vicePresident(A,B):-after(A,B).\n', '-1.758684217546271  vicePresident(A,B):-successor(A,B).\n', '-0.10008345855698265  vicePresident(A,B):-vicePresident(A,B).\n', '-6.129050230104118  vicePresident(A,B):-primeMinister(A,B).\n', '-7.36464408039173  vicePresident(A,B):-predecessor(A,B).\n']"
36,Liu_Shaoqi,Soong_Ching-ling,"['-7.432189537120456  vicePresident(A,B):-successor(B,A).\n', '-8.228069793091183  vicePresident(A,B):-after(A,B).\n', '-8.247247680362719  vicePresident(A,B):-before(B,A).\n', '-1.758684217546271  vicePresident(A,B):-successor(A,B).\n', '-1.8405496333974871  vicePresident(A,B):-successor(A,B),successor(B,A).\n', '-0.10008345855698265  vicePresident(A,B):-vicePresident(A,B).\n', '-5.280753973942794  vicePresident(A,B):-predecessor(B,A).\n', '-2.649229238625548  vicePresident(A,B):-president(B,A).\n', '-6.129050230104118  vicePresident(A,B):-primeMinister(A,B).\n', '-7.36464408039173  vicePresident(A,B):-predecessor(A,B).\n', '-0.912775788807852  vicePresident(A,B):-president(B,A) ,successor(A,B).\n', '0.12160003105767968  negvicePresident(A,B):-successor(B,A).\n']"
38,Thomas_Atcitty,Milton_Bluehouse_Sr.,"['-1.758684217546271  vicePresident(A,B):-successor(A,B).\n', '-0.10008345855698265  vicePresident(A,B):-vicePresident(A,B).\n', '-5.280753973942794  vicePresident(A,B):-predecessor(B,A).\n']"
40,Joseph_Saidu_Momoh,Abdulai_Osman_Conteh,"['-0.10008345855698265  vicePresident(A,B):-vicePresident(A,B).\n']"
43,Sergei_Bagapsh,Alexander_Ankvab,"['-8.228069793091183  vicePresident(A,B):-after(A,B).\n', '-8.247247680362719  vicePresident(A,B):-before(B,A).\n', '-1.758684217546271  vicePresident(A,B):-successor(A,B).\n', '-0.10008345855698265  vicePresident(A,B):-vicePresident(A,B).\n', '-5.280753973942794  vicePresident(A,B):-predecessor(B,A).\n', '-2.649229238625548  vicePresident(A,B):-president(B,A).\n', '-0.912775788807852  vicePresident(A,B):-president(B,A) ,successor(A,B).\n']"
46,Garretson_W._Gibson,Joseph_D._Summerville,"['-7.432189537120456  vicePresident(A,B):-successor(B,A).\n', '-8.228069793091183  vicePresident(A,B):-after(A,B).\n', '-8.247247680362719  vicePresident(A,B):-before(B,A).\n', '-1.758684217546271  vicePresident(A,B):-successor(A,B).\n', '-1.8405496333974871  vicePresident(A,B):-successor(A,B),successor(B,A).\n', '-0.10008345855698265  vicePresident(A,B):-vicePresident(A,B).\n', '-5.280753973942794  vicePresident(A,B):-predecessor(B,A).\n', '-2.649229238625548  vicePresident(A,B):-president(B,A).\n', '-6.129050230104118  vicePresident(A,B):-primeMinister(A,B).\n', '-7.36464408039173  vicePresident(A,B):-predecessor(A,B).\n', '-0.912775788807852  vicePresident(A,B):-president(B,A) ,successor(A,B).\n', '0.12160003105767968  negvicePresident(A,B):-successor(B,A).\n']"
48,A._P._J._Abdul_Kalam,Bhairon_Singh_Shekhawat,"['-7.432189537120456  vicePresident(A,B):-successor(B,A).\n', '-0.10008345855698265  vicePresident(A,B):-vicePresident(A,B).\n', '-5.280753973942794  vicePresident(A,B):-predecessor(B,A).\n', '-2.649229238625548  vicePresident(A,B):-president(B,A).\n', '-6.129050230104118  vicePresident(A,B):-primeMinister(A,B).\n', '-7.36464408039173  vicePresident(A,B):-predecessor(A,B).\n', '0.12160003105767968  negvicePresident(A,B):-successor(B,A).\n']"
49,Mustafa_Abdul_Jalil,Abdul_Hafiz_Ghoga,"['-7.432189537120456  vicePresident(A,B):-successor(B,A).\n', '-8.228069793091183  vicePresident(A,B):-after(A,B).\n', '-8.247247680362719  vicePresident(A,B):-before(B,A).\n', '-1.758684217546271  vicePresident(A,B):-successor(A,B).\n', '-1.8405496333974871  vicePresident(A,B):-successor(A,B),successor(B,A).\n', '-0.10008345855698265  vicePresident(A,B):-vicePresident(A,B).\n', '-5.280753973942794  vicePresident(A,B):-predecessor(B,A).\n', '-2.649229238625548  vicePresident(A,B):-president(B,A).\n', '-6.129050230104118  vicePresident(A,B):-primeMinister(A,B).\n', '-7.36464408039173  vicePresident(A,B):-predecessor(A,B).\n', '-0.912775788807852  vicePresident(A,B):-president(B,A) ,successor(A,B).\n', '0.12160003105767968  negvicePresident(A,B):-successor(B,A).\n']"
50,Jomo_Kenyatta,Joseph_Murumbi,"['-1.758684217546271  vicePresident(A,B):-successor(A,B).\n', '-0.10008345855698265  vicePresident(A,B):-vicePresident(A,B).\n', '-5.280753973942794  vicePresident(A,B):-predecessor(B,A).\n', '-2.649229238625548  vicePresident(A,B):-president(B,A).\n', '-6.129050230104118  vicePresident(A,B):-primeMinister(A,B).\n', '-7.36464408039173  vicePresident(A,B):-predecessor(A,B).\n', '-0.912775788807852  vicePresident(A,B):-president(B,A) ,successor(A,B).\n']"
51,Rodrigo_Duterte,Leni_Robredo,"['-0.10008345855698265  vicePresident(A,B):-vicePresident(A,B).\n', '-2.649229238625548  vicePresident(A,B):-president(B,A).\n']"
52,Steve_Ricchetti,Joe_Biden,"['-8.247247680362719  vicePresident(A,B):-before(B,A).\n', '-0.10008345855698265  vicePresident(A,B):-vicePresident(A,B).\n', '-5.280753973942794  vicePresident(A,B):-predecessor(B,A).\n']"
56,Mike_Donilon,Joe_Biden,"['-7.432189537120456  vicePresident(A,B):-successor(B,A).\n', '-8.228069793091183  vicePresident(A,B):-after(A,B).\n', '-8.247247680362719  vicePresident(A,B):-before(B,A).\n', '-1.758684217546271  vicePresident(A,B):-successor(A,B).\n', '-1.8405496333974871  vicePresident(A,B):-successor(A,B),successor(B,A).\n', '-0.10008345855698265  vicePresident(A,B):-vicePresident(A,B).\n', '-5.280753973942794  vicePresident(A,B):-predecessor(B,A).\n', '-2.649229238625548  vicePresident(A,B):-president(B,A).\n', '-6.129050230104118  vicePresident(A,B):-primeMinister(A,B).\n', '-7.36464408039173  vicePresident(A,B):-predecessor(A,B).\n', '-0.912775788807852  vicePresident(A,B):-president(B,A) ,successor(A,B).\n', '0.12160003105767968  negvicePresident(A,B):-successor(B,A).\n']"
58,Fayez_al-Sarraj,Ahmed_Maiteeq,"['-7.432189537120456  vicePresident(A,B):-successor(B,A).\n', '-1.758684217546271  vicePresident(A,B):-successor(A,B).\n', '-1.8405496333974871  vicePresident(A,B):-successor(A,B),successor(B,A).\n', '-0.10008345855698265  vicePresident(A,B):-vicePresident(A,B).\n', '-5.280753973942794  vicePresident(A,B):-predecessor(B,A).\n', '-2.649229238625548  vicePresident(A,B):-president(B,A).\n', '-0.912775788807852  vicePresident(A,B):-president(B,A) ,successor(A,B).\n', '0.12160003105767968  negvicePresident(A,B):-successor(B,A).\n']"
60,Neelam_Sanjiva_Reddy,Mohammad_Hidayatullah,"['-0.10008345855698265  vicePresident(A,B):-vicePresident(A,B).\n', '-2.649229238625548  vicePresident(A,B):-president(B,A).\n']"
62,Fuad_Masum,Ayad_Alawi,"['-8.247247680362719  vicePresident(A,B):-before(B,A).\n', '-0.10008345855698265  vicePresident(A,B):-vicePresident(A,B).\n']"
63,Bibliography_of_Ulysses_S._Grant,Henry_Wilson,"['-7.432189537120456  vicePresident(A,B):-successor(B,A).\n', '-8.228069793091183  vicePresident(A,B):-after(A,B).\n', '-8.247247680362719  vicePresident(A,B):-before(B,A).\n', '-1.758684217546271  vicePresident(A,B):-successor(A,B).\n', '-1.8405496333974871  vicePresident(A,B):-successor(A,B),successor(B,A).\n', '-0.10008345855698265  vicePresident(A,B):-vicePresident(A,B).\n', '-5.280753973942794  vicePresident(A,B):-predecessor(B,A).\n', '-2.649229238625548  vicePresident(A,B):-president(B,A).\n', '-6.129050230104118  vicePresident(A,B):-primeMinister(A,B).\n', '-7.36464408039173  vicePresident(A,B):-predecessor(A,B).\n', '-0.912775788807852  vicePresident(A,B):-president(B,A) ,successor(A,B).\n', '0.12160003105767968  negvicePresident(A,B):-successor(B,A).\n']"
65,Sergei_Bagapsh,Raul_Khajimba,"['-7.432189537120456  vicePresident(A,B):-successor(B,A).\n', '-8.228069793091183  vicePresident(A,B):-after(A,B).\n', '-8.247247680362719  vicePresident(A,B):-before(B,A).\n', '-1.758684217546271  vicePresident(A,B):-successor(A,B).\n', '-1.8405496333974871  vicePresident(A,B):-successor(A,B),successor(B,A).\n', '-0.10008345855698265  vicePresident(A,B):-vicePresident(A,B).\n', '-5.280753973942794  vicePresident(A,B):-predecessor(B,A).\n', '-2.649229238625548  vicePresident(A,B):-president(B,A).\n', '-7.36464408039173  vicePresident(A,B):-predecessor(A,B).\n', '-0.912775788807852  vicePresident(A,B):-president(B,A) ,successor(A,B).\n', '0.12160003105767968  negvicePresident(A,B):-successor(B,A).\n']"
71,Julius_Maada_Bio,Komba_Mondeh,"['-1.758684217546271  vicePresident(A,B):-successor(A,B).\n', '-0.10008345855698265  vicePresident(A,B):-vicePresident(A,B).\n']"
72,Levy_Mwanawasa,Nevers_Mumba,"['-8.247247680362719  vicePresident(A,B):-before(B,A).\n', '-0.10008345855698265  vicePresident(A,B):-vicePresident(A,B).\n', '-2.649229238625548  vicePresident(A,B):-president(B,A).\n']"
74,George_Washington,John_Adams,"['-7.432189537120456  vicePresident(A,B):-successor(B,A).\n', '-8.228069793091183  vicePresident(A,B):-after(A,B).\n', '-8.247247680362719  vicePresident(A,B):-before(B,A).\n', '-1.758684217546271  vicePresident(A,B):-successor(A,B).\n', '-1.8405496333974871  vicePresident(A,B):-successor(A,B),successor(B,A).\n', '-0.10008345855698265  vicePresident(A,B):-vicePresident(A,B).\n', '-5.280753973942794  vicePresident(A,B):-predecessor(B,A).\n', '-2.649229238625548  vicePresident(A,B):-president(B,A).\n', '-6.129050230104118  vicePresident(A,B):-primeMinister(A,B).\n', '-0.912775788807852  vicePresident(A,B):-president(B,A) ,successor(A,B).\n', '0.12160003105767968  negvicePresident(A,B):-successor(B,A).\n']"
75,Jack_Quinn_(lawyer),Al_Gore,"['-7.432189537120456  vicePresident(A,B):-successor(B,A).\n', '-8.228069793091183  vicePresident(A,B):-after(A,B).\n', '-8.247247680362719  vicePresident(A,B):-before(B,A).\n', '-1.758684217546271  vicePresident(A,B):-successor(A,B).\n', '-1.8405496333974871  vicePresident(A,B):-successor(A,B),successor(B,A).\n', '-0.10008345855698265  vicePresident(A,B):-vicePresident(A,B).\n', '-5.280753973942794  vicePresident(A,B):-predecessor(B,A).\n', '-2.649229238625548  vicePresident(A,B):-president(B,A).\n', '-6.129050230104118  vicePresident(A,B):-primeMinister(A,B).\n', '-7.36464408039173  vicePresident(A,B):-predecessor(A,B).\n', '-0.912775788807852  vicePresident(A,B):-president(B,A) ,successor(A,B).\n', '0.12160003105767968  negvicePresident(A,B):-successor(B,A).\n']"
77,Levy_Mwanawasa,Enoch_Kavindele,"['-7.432189537120456  vicePresident(A,B):-successor(B,A).\n', '-8.228069793091183  vicePresident(A,B):-after(A,B).\n', '-8.247247680362719  vicePresident(A,B):-before(B,A).\n', '-1.758684217546271  vicePresident(A,B):-successor(A,B).\n', '-1.8405496333974871  vicePresident(A,B):-successor(A,B),successor(B,A).\n', '-0.10008345855698265  vicePresident(A,B):-vicePresident(A,B).\n', '-5.280753973942794  vicePresident(A,B):-predecessor(B,A).\n', '-2.649229238625548  vicePresident(A,B):-president(B,A).\n', '-6.129050230104118  vicePresident(A,B):-primeMinister(A,B).\n', '-7.36464408039173  vicePresident(A,B):-predecessor(A,B).\n', '-0.912775788807852  vicePresident(A,B):-president(B,A) ,successor(A,B).\n', '0.12160003105767968  negvicePresident(A,B):-successor(B,A).\n']"
79,Shalem_College,Daniel_Gordis,"['-7.432189537120456  vicePresident(A,B):-successor(B,A).\n', '-8.247247680362719  vicePresident(A,B):-before(B,A).\n', '-1.758684217546271  vicePresident(A,B):-successor(A,B).\n', '-1.8405496333974871  vicePresident(A,B):-successor(A,B),successor(B,A).\n', '-0.10008345855698265  vicePresident(A,B):-vicePresident(A,B).\n', '-5.280753973942794  vicePresident(A,B):-predecessor(B,A).\n', '-2.649229238625548  vicePresident(A,B):-president(B,A).\n', '-0.912775788807852  vicePresident(A,B):-president(B,A) ,successor(A,B).\n', '0.12160003105767968  negvicePresident(A,B):-successor(B,A).\n']"
83,Say_Chhum,Tep_Ngorn,"['-7.432189537120456  vicePresident(A,B):-successor(B,A).\n', '-8.228069793091183  vicePresident(A,B):-after(A,B).\n', '-8.247247680362719  vicePresident(A,B):-before(B,A).\n', '-1.758684217546271  vicePresident(A,B):-successor(A,B).\n', '-1.8405496333974871  vicePresident(A,B):-successor(A,B),successor(B,A).\n', '-0.10008345855698265  vicePresident(A,B):-vicePresident(A,B).\n', '-5.280753973942794  vicePresident(A,B):-predecessor(B,A).\n', '-2.649229238625548  vicePresident(A,B):-president(B,A).\n', '-6.129050230104118  vicePresident(A,B):-primeMinister(A,B).\n', '-7.36464408039173  vicePresident(A,B):-predecessor(A,B).\n', '-0.912775788807852  vicePresident(A,B):-president(B,A) ,successor(A,B).\n', '0.12160003105767968  negvicePresident(A,B):-successor(B,A).\n']"
84,Scooter_Libby,Dick_Cheney,"['-7.432189537120456  vicePresident(A,B):-successor(B,A).\n', '-8.228069793091183  vicePresident(A,B):-after(A,B).\n', '-8.247247680362719  vicePresident(A,B):-before(B,A).\n', '-1.758684217546271  vicePresident(A,B):-successor(A,B).\n', '-1.8405496333974871  vicePresident(A,B):-successor(A,B),successor(B,A).\n', '-0.10008345855698265  vicePresident(A,B):-vicePresident(A,B).\n', '-5.280753973942794  vicePresident(A,B):-predecessor(B,A).\n', '-2.649229238625548  vicePresident(A,B):-president(B,A).\n', '-6.129050230104118  vicePresident(A,B):-primeMinister(A,B).\n', '-7.36464408039173  vicePresident(A,B):-predecessor(A,B).\n', '-0.912775788807852  vicePresident(A,B):-president(B,A) ,successor(A,B).\n', '0.12160003105767968  negvicePresident(A,B):-successor(B,A).\n']"
85,Hari_Parajuli,Paramananda_Jha,"['-0.10008345855698265  vicePresident(A,B):-vicePresident(A,B).\n']"
86,Johan_Kraag,Jules_Wijdenbosch,"['-7.432189537120456  vicePresident(A,B):-successor(B,A).\n', '-8.228069793091183  vicePresident(A,B):-after(A,B).\n', '-8.247247680362719  vicePresident(A,B):-before(B,A).\n', '-1.758684217546271  vicePresident(A,B):-successor(A,B).\n', '-1.8405496333974871  vicePresident(A,B):-successor(A,B),successor(B,A).\n', '-0.10008345855698265  vicePresident(A,B):-vicePresident(A,B).\n', '-5.280753973942794  vicePresident(A,B):-predecessor(B,A).\n', '-2.649229238625548  vicePresident(A,B):-president(B,A).\n', '-7.36464408039173  vicePresident(A,B):-predecessor(A,B).\n', '-0.912775788807852  vicePresident(A,B):-president(B,A) ,successor(A,B).\n', '0.12160003105767968  negvicePresident(A,B):-successor(B,A).\n']"
87,Charles_Burson,Al_Gore,"['-7.432189537120456  vicePresident(A,B):-successor(B,A).\n', '-8.228069793091183  vicePresident(A,B):-after(A,B).\n', '-8.247247680362719  vicePresident(A,B):-before(B,A).\n', '-1.758684217546271  vicePresident(A,B):-successor(A,B).\n', '-1.8405496333974871  vicePresident(A,B):-successor(A,B),successor(B,A).\n', '-0.10008345855698265  vicePresident(A,B):-vicePresident(A,B).\n', '-5.280753973942794  vicePresident(A,B):-predecessor(B,A).\n', '-2.649229238625548  vicePresident(A,B):-president(B,A).\n', '-6.129050230104118  vicePresident(A,B):-primeMinister(A,B).\n', '-7.36464408039173  vicePresident(A,B):-predecessor(A,B).\n', '-0.912775788807852  vicePresident(A,B):-president(B,A) ,successor(A,B).\n', '0.12160003105767968  negvicePresident(A,B):-successor(B,A).\n']"
90,Abraham_Lincoln_and_slavery,Hannibal_Hamlin,"['-7.432189537120456  vicePresident(A,B):-successor(B,A).\n', '-8.228069793091183  vicePresident(A,B):-after(A,B).\n', '-8.247247680362719  vicePresident(A,B):-before(B,A).\n', '-1.758684217546271  vicePresident(A,B):-successor(A,B).\n', '-1.8405496333974871  vicePresident(A,B):-successor(A,B),successor(B,A).\n', '-0.10008345855698265  vicePresident(A,B):-vicePresident(A,B).\n', '-5.280753973942794  vicePresident(A,B):-predecessor(B,A).\n', '-2.649229238625548  vicePresident(A,B):-president(B,A).\n', '-6.129050230104118  vicePresident(A,B):-primeMinister(A,B).\n', '-7.36464408039173  vicePresident(A,B):-predecessor(A,B).\n', '-0.912775788807852  vicePresident(A,B):-president(B,A) ,successor(A,B).\n', '0.12160003105767968  negvicePresident(A,B):-successor(B,A).\n']"
91,James_A._Garfield,Chester_A._Arthur,"['-8.228069793091183  vicePresident(A,B):-after(A,B).\n', '-1.758684217546271  vicePresident(A,B):-successor(A,B).\n', '-0.10008345855698265  vicePresident(A,B):-vicePresident(A,B).\n', '-5.280753973942794  vicePresident(A,B):-predecessor(B,A).\n', '-2.649229238625548  vicePresident(A,B):-president(B,A).\n', '-0.912775788807852  vicePresident(A,B):-president(B,A) ,successor(A,B).\n']"
92,Pierre_Nkurunziza,Martin_Nduwimana,"['-8.228069793091183  vicePresident(A,B):-after(A,B).\n', '-8.247247680362719  vicePresident(A,B):-before(B,A).\n', '-0.10008345855698265  vicePresident(A,B):-vicePresident(A,B).\n']"
93,Chandra_Maharjan,Paramananda_Jha,"['-8.228069793091183  vicePresident(A,B):-after(A,B).\n', '-8.247247680362719  vicePresident(A,B):-before(B,A).\n', '-0.10008345855698265  vicePresident(A,B):-vicePresident(A,B).\n']"
98,Central_South_University,Zhu_Xuehong,"['-7.432189537120456  vicePresident(A,B):-successor(B,A).\n', '-1.758684217546271  vicePresident(A,B):-successor(A,B).\n', '-1.8405496333974871  vicePresident(A,B):-successor(A,B),successor(B,A).\n', '-0.10008345855698265  vicePresident(A,B):-vicePresident(A,B).\n', '-5.280753973942794  vicePresident(A,B):-predecessor(B,A).\n', '-2.649229238625548  vicePresident(A,B):-president(B,A).\n', '-6.129050230104118  vicePresident(A,B):-primeMinister(A,B).\n', '-7.36464408039173  vicePresident(A,B):-predecessor(A,B).\n', '-0.912775788807852  vicePresident(A,B):-president(B,A) ,successor(A,B).\n', '0.12160003105767968  negvicePresident(A,B):-successor(B,A).\n']"
100,George_Weah,Joseph_Boakai,"['-7.432189537120456  vicePresident(A,B):-successor(B,A).\n', '-8.228069793091183  vicePresident(A,B):-after(A,B).\n', '-8.247247680362719  vicePresident(A,B):-before(B,A).\n', '-1.758684217546271  vicePresident(A,B):-successor(A,B).\n', '-1.8405496333974871  vicePresident(A,B):-successor(A,B),successor(B,A).\n', '-0.10008345855698265  vicePresident(A,B):-vicePresident(A,B).\n', '-5.280753973942794  vicePresident(A,B):-predecessor(B,A).\n', '-2.649229238625548  vicePresident(A,B):-president(B,A).\n', '-6.129050230104118  vicePresident(A,B):-primeMinister(A,B).\n', '-7.36464408039173  vicePresident(A,B):-predecessor(A,B).\n', '-0.912775788807852  vicePresident(A,B):-president(B,A) ,successor(A,B).\n', '0.12160003105767968  negvicePresident(A,B):-successor(B,A).\n']"
101,Suharto,Try_Sutrisno,"['-0.10008345855698265  vicePresident(A,B):-vicePresident(A,B).\n', '-2.649229238625548  vicePresident(A,B):-president(B,A).\n']"
103,Pascal_Couchepin,Hans-Rudolf_Merz,"['-8.228069793091183  vicePresident(A,B):-after(A,B).\n', '-1.758684217546271  vicePresident(A,B):-successor(A,B).\n', '-0.10008345855698265  vicePresident(A,B):-vicePresident(A,B).\n', '-5.280753973942794  vicePresident(A,B):-predecessor(B,A).\n', '-2.649229238625548  vicePresident(A,B):-president(B,A).\n', '-0.912775788807852  vicePresident(A,B):-president(B,A) ,successor(A,B).\n']"
105,Marianne_J_Kitany,William_Ruto,"['-7.432189537120456  vicePresident(A,B):-successor(B,A).\n', '-8.228069793091183  vicePresident(A,B):-after(A,B).\n', '-1.758684217546271  vicePresident(A,B):-successor(A,B).\n', '-1.8405496333974871  vicePresident(A,B):-successor(A,B),successor(B,A).\n', '-0.10008345855698265  vicePresident(A,B):-vicePresident(A,B).\n', '-5.280753973942794  vicePresident(A,B):-predecessor(B,A).\n', '-2.649229238625548  vicePresident(A,B):-president(B,A).\n', '-6.129050230104118  vicePresident(A,B):-primeMinister(A,B).\n', '-7.36464408039173  vicePresident(A,B):-predecessor(A,B).\n', '-0.912775788807852  vicePresident(A,B):-president(B,A) ,successor(A,B).\n', '0.12160003105767968  negvicePresident(A,B):-successor(B,A).\n']"
108,Charles_Taylor_(Liberian_politician),Moses_Blah,"['-7.432189537120456  vicePresident(A,B):-successor(B,A).\n', '-8.228069793091183  vicePresident(A,B):-after(A,B).\n', '-8.247247680362719  vicePresident(A,B):-before(B,A).\n', '-1.758684217546271  vicePresident(A,B):-successor(A,B).\n', '-1.8405496333974871  vicePresident(A,B):-successor(A,B),successor(B,A).\n', '-0.10008345855698265  vicePresident(A,B):-vicePresident(A,B).\n', '-5.280753973942794  vicePresident(A,B):-predecessor(B,A).\n', '-2.649229238625548  vicePresident(A,B):-president(B,A).\n', '-6.129050230104118  vicePresident(A,B):-primeMinister(A,B).\n', '-7.36464408039173  vicePresident(A,B):-predecessor(A,B).\n', '-0.912775788807852  vicePresident(A,B):-president(B,A) ,successor(A,B).\n', '0.12160003105767968  negvicePresident(A,B):-successor(B,A).\n']"
109,Tosiwo_Nakayama,Petrus_Tun,"['-0.10008345855698265  vicePresident(A,B):-vicePresident(A,B).\n', '-2.649229238625548  vicePresident(A,B):-president(B,A).\n']"
110,Peter_M._Christian,Yosiwo_George,"['-7.432189537120456  vicePresident(A,B):-successor(B,A).\n', '-8.228069793091183  vicePresident(A,B):-after(A,B).\n', '-8.247247680362719  vicePresident(A,B):-before(B,A).\n', '-1.758684217546271  vicePresident(A,B):-successor(A,B).\n', '-1.8405496333974871  vicePresident(A,B):-successor(A,B),successor(B,A).\n', '-0.10008345855698265  vicePresident(A,B):-vicePresident(A,B).\n', '-5.280753973942794  vicePresident(A,B):-predecessor(B,A).\n', '-2.649229238625548  vicePresident(A,B):-president(B,A).\n', '-6.129050230104118  vicePresident(A,B):-primeMinister(A,B).\n', '-7.36464408039173  vicePresident(A,B):-predecessor(A,B).\n', '-0.912775788807852  vicePresident(A,B):-president(B,A) ,successor(A,B).\n', '0.12160003105767968  negvicePresident(A,B):-successor(B,A).\n']"
111,Rutherford_B._Hayes,William_A._Wheeler,"['-0.10008345855698265  vicePresident(A,B):-vicePresident(A,B).\n', '-2.649229238625548  vicePresident(A,B):-president(B,A).\n', '-6.129050230104118  vicePresident(A,B):-primeMinister(A,B).\n']"
112,Presidency_of_Rodrigo_Duterte,Leni_Robredo,"['-0.10008345855698265  vicePresident(A,B):-vicePresident(A,B).\n']"
115,Tabarak_Husain,Abdus_Sattar_(president),"['-0.10008345855698265  vicePresident(A,B):-vicePresident(A,B).\n']"
116,Vicente_Ehate_Tomi,Ignacio_Milam_Tang,"['-7.432189537120456  vicePresident(A,B):-successor(B,A).\n', '-0.10008345855698265  vicePresident(A,B):-vicePresident(A,B).\n', '-7.36464408039173  vicePresident(A,B):-predecessor(A,B).\n', '0.12160003105767968  negvicePresident(A,B):-successor(B,A).\n']"
117,Mahendra_Bahadur_Pandey,Paramananda_Jha,"['-7.432189537120456  vicePresident(A,B):-successor(B,A).\n', '-8.228069793091183  vicePresident(A,B):-after(A,B).\n', '-1.758684217546271  vicePresident(A,B):-successor(A,B).\n', '-1.8405496333974871  vicePresident(A,B):-successor(A,B),successor(B,A).\n', '-0.10008345855698265  vicePresident(A,B):-vicePresident(A,B).\n', '-5.280753973942794  vicePresident(A,B):-predecessor(B,A).\n', '-2.649229238625548  vicePresident(A,B):-president(B,A).\n', '-6.129050230104118  vicePresident(A,B):-primeMinister(A,B).\n', '-7.36464408039173  vicePresident(A,B):-predecessor(A,B).\n', '-0.912775788807852  vicePresident(A,B):-president(B,A) ,successor(A,B).\n', '0.12160003105767968  negvicePresident(A,B):-successor(B,A).\n']"
118,Suharto,Umar_Wirahadikusumah,"['-8.228069793091183  vicePresident(A,B):-after(A,B).\n', '-8.247247680362719  vicePresident(A,B):-before(B,A).\n', '-1.758684217546271  vicePresident(A,B):-successor(A,B).\n', '-0.10008345855698265  vicePresident(A,B):-vicePresident(A,B).\n', '-2.649229238625548  vicePresident(A,B):-president(B,A).\n', '-0.912775788807852  vicePresident(A,B):-president(B,A) ,successor(A,B).\n']"
125,Alexander_Ankvab,Mikhail_Logua,"['-7.432189537120456  vicePresident(A,B):-successor(B,A).\n', '-8.228069793091183  vicePresident(A,B):-after(A,B).\n', '-8.247247680362719  vicePresident(A,B):-before(B,A).\n', '-1.758684217546271  vicePresident(A,B):-successor(A,B).\n', '-1.8405496333974871  vicePresident(A,B):-successor(A,B),successor(B,A).\n', '-0.10008345855698265  vicePresident(A,B):-vicePresident(A,B).\n', '-5.280753973942794  vicePresident(A,B):-predecessor(B,A).\n', '-2.649229238625548  vicePresident(A,B):-president(B,A).\n', '-6.129050230104118  vicePresident(A,B):-primeMinister(A,B).\n', '-0.912775788807852  vicePresident(A,B):-president(B,A) ,successor(A,B).\n', '0.12160003105767968  negvicePresident(A,B):-successor(B,A).\n']"
126,Hilla_Limann,Joseph_W.S._de-Graft_Johnson,"['-8.228069793091183  vicePresident(A,B):-after(A,B).\n', '-8.247247680362719  vicePresident(A,B):-before(B,A).\n', '-0.10008345855698265  vicePresident(A,B):-vicePresident(A,B).\n', '-2.649229238625548  vicePresident(A,B):-president(B,A).\n', '-7.36464408039173  vicePresident(A,B):-predecessor(A,B).\n']"
127,Alfredo_Zayas_y_Alfonso,Francisco_Carrillo,"['-7.432189537120456  vicePresident(A,B):-successor(B,A).\n', '-8.228069793091183  vicePresident(A,B):-after(A,B).\n', '-8.247247680362719  vicePresident(A,B):-before(B,A).\n', '-1.758684217546271  vicePresident(A,B):-successor(A,B).\n', '-1.8405496333974871  vicePresident(A,B):-successor(A,B),successor(B,A).\n', '-0.10008345855698265  vicePresident(A,B):-vicePresident(A,B).\n', '-5.280753973942794  vicePresident(A,B):-predecessor(B,A).\n', '-2.649229238625548  vicePresident(A,B):-president(B,A).\n', '-6.129050230104118  vicePresident(A,B):-primeMinister(A,B).\n', '-7.36464408039173  vicePresident(A,B):-predecessor(A,B).\n', '-0.912775788807852  vicePresident(A,B):-president(B,A) ,successor(A,B).\n', '0.12160003105767968  negvicePresident(A,B):-successor(B,A).\n']"
129,John_Fischer_(politician),Frank_Hough,"['-7.432189537120456  vicePresident(A,B):-successor(B,A).\n', '-8.228069793091183  vicePresident(A,B):-after(A,B).\n', '-8.247247680362719  vicePresident(A,B):-before(B,A).\n', '-1.758684217546271  vicePresident(A,B):-successor(A,B).\n', '-1.8405496333974871  vicePresident(A,B):-successor(A,B),successor(B,A).\n', '-0.10008345855698265  vicePresident(A,B):-vicePresident(A,B).\n', '-5.280753973942794  vicePresident(A,B):-predecessor(B,A).\n', '-2.649229238625548  vicePresident(A,B):-president(B,A).\n', '-6.129050230104118  vicePresident(A,B):-primeMinister(A,B).\n', '-7.36464408039173  vicePresident(A,B):-predecessor(A,B).\n', '-0.912775788807852  vicePresident(A,B):-president(B,A) ,successor(A,B).\n', '0.12160003105767968  negvicePresident(A,B):-successor(B,A).\n']"
132,Joyce_Bamford-Addo,Kwesi_Amissah-Arthur,"['-8.228069793091183  vicePresident(A,B):-after(A,B).\n', '-8.247247680362719  vicePresident(A,B):-before(B,A).\n', '-0.10008345855698265  vicePresident(A,B):-vicePresident(A,B).\n', '-2.649229238625548  vicePresident(A,B):-president(B,A).\n']"
133,Julius_Nyerere,Aboud_Jumbe,"['-0.10008345855698265  vicePresident(A,B):-vicePresident(A,B).\n', '-5.280753973942794  vicePresident(A,B):-predecessor(B,A).\n']"
135,Linnet_Hamasi,William_Ruto,"['-0.10008345855698265  vicePresident(A,B):-vicePresident(A,B).\n']"
136,Early_life_and_career_of_Suharto,Try_Sutrisno,"['-0.10008345855698265  vicePresident(A,B):-vicePresident(A,B).\n']"
139,Joseph_Jenkins_Roberts,Stephen_Allen_Benson,"['-7.432189537120456  vicePresident(A,B):-successor(B,A).\n', '-8.228069793091183  vicePresident(A,B):-after(A,B).\n', '-8.247247680362719  vicePresident(A,B):-before(B,A).\n', '-1.758684217546271  vicePresident(A,B):-successor(A,B).\n', '-1.8405496333974871  vicePresident(A,B):-successor(A,B),successor(B,A).\n', '-0.10008345855698265  vicePresident(A,B):-vicePresident(A,B).\n', '-5.280753973942794  vicePresident(A,B):-predecessor(B,A).\n', '-2.649229238625548  vicePresident(A,B):-president(B,A).\n', '-6.129050230104118  vicePresident(A,B):-primeMinister(A,B).\n', '-7.36464408039173  vicePresident(A,B):-predecessor(A,B).\n', '-0.912775788807852  vicePresident(A,B):-president(B,A) ,successor(A,B).\n', '0.12160003105767968  negvicePresident(A,B):-successor(B,A).\n']"
141,Ali_Abdullah_Saleh,Ali_Salim_Al-Beidh,"['-0.10008345855698265  vicePresident(A,B):-vicePresident(A,B).\n']"
145,Nicanor_Duarte,Francisco_Oviedo,"['-7.432189537120456  vicePresident(A,B):-successor(B,A).\n', '-8.228069793091183  vicePresident(A,B):-after(A,B).\n', '-8.247247680362719  vicePresident(A,B):-before(B,A).\n', '-1.758684217546271  vicePresident(A,B):-successor(A,B).\n', '-1.8405496333974871  vicePresident(A,B):-successor(A,B),successor(B,A).\n', '-0.10008345855698265  vicePresident(A,B):-vicePresident(A,B).\n', '-5.280753973942794  vicePresident(A,B):-predecessor(B,A).\n', '-2.649229238625548  vicePresident(A,B):-president(B,A).\n', '-6.129050230104118  vicePresident(A,B):-primeMinister(A,B).\n', '-7.36464408039173  vicePresident(A,B):-predecessor(A,B).\n', '-0.912775788807852  vicePresident(A,B):-president(B,A) ,successor(A,B).\n', '0.12160003105767968  negvicePresident(A,B):-successor(B,A).\n']"
147,Sam_Houston,Mirabeau_B._Lamar,"['-7.432189537120456  vicePresident(A,B):-successor(B,A).\n', '-8.228069793091183  vicePresident(A,B):-after(A,B).\n', '-8.247247680362719  vicePresident(A,B):-before(B,A).\n', '-1.758684217546271  vicePresident(A,B):-successor(A,B).\n', '-1.8405496333974871  vicePresident(A,B):-successor(A,B),successor(B,A).\n', '-0.10008345855698265  vicePresident(A,B):-vicePresident(A,B).\n', '-5.280753973942794  vicePresident(A,B):-predecessor(B,A).\n', '-2.649229238625548  vicePresident(A,B):-president(B,A).\n', '-6.129050230104118  vicePresident(A,B):-primeMinister(A,B).\n', '-7.36464408039173  vicePresident(A,B):-predecessor(A,B).\n', '-0.912775788807852  vicePresident(A,B):-president(B,A) ,successor(A,B).\n', '0.12160003105767968  negvicePresident(A,B):-successor(B,A).\n']"
151,Sukarno,Mohammad_Hatta,"['-8.228069793091183  vicePresident(A,B):-after(A,B).\n', '-8.247247680362719  vicePresident(A,B):-before(B,A).\n', '-0.10008345855698265  vicePresident(A,B):-vicePresident(A,B).\n', '-2.649229238625548  vicePresident(A,B):-president(B,A).\n']"
152,Rosen_Plevneliev,Margarita_Popova,"['-7.432189537120456  vicePresident(A,B):-successor(B,A).\n', '-8.228069793091183  vicePresident(A,B):-after(A,B).\n', '-8.247247680362719  vicePresident(A,B):-before(B,A).\n', '-1.758684217546271  vicePresident(A,B):-successor(A,B).\n', '-1.8405496333974871  vicePresident(A,B):-successor(A,B),successor(B,A).\n', '-0.10008345855698265  vicePresident(A,B):-vicePresident(A,B).\n', '-5.280753973942794  vicePresident(A,B):-predecessor(B,A).\n', '-2.649229238625548  vicePresident(A,B):-president(B,A).\n', '-7.36464408039173  vicePresident(A,B):-predecessor(A,B).\n', '-0.912775788807852  vicePresident(A,B):-president(B,A) ,successor(A,B).\n', '0.12160003105767968  negvicePresident(A,B):-successor(B,A).\n']"
153,Anil_Bachoo,Monique_Ohsan_Bellepeau,"['-0.10008345855698265  vicePresident(A,B):-vicePresident(A,B).\n']"
155,Pierre_Nkurunziza,Terence_Sinunguruza,"['-7.432189537120456  vicePresident(A,B):-successor(B,A).\n', '-8.228069793091183  vicePresident(A,B):-after(A,B).\n', '-8.247247680362719  vicePresident(A,B):-before(B,A).\n', '-1.758684217546271  vicePresident(A,B):-successor(A,B).\n', '-1.8405496333974871  vicePresident(A,B):-successor(A,B),successor(B,A).\n', '-0.10008345855698265  vicePresident(A,B):-vicePresident(A,B).\n', '-5.280753973942794  vicePresident(A,B):-predecessor(B,A).\n', '-2.649229238625548  vicePresident(A,B):-president(B,A).\n', '-6.129050230104118  vicePresident(A,B):-primeMinister(A,B).\n', '-7.36464408039173  vicePresident(A,B):-predecessor(A,B).\n', '-0.912775788807852  vicePresident(A,B):-president(B,A) ,successor(A,B).\n', '0.12160003105767968  negvicePresident(A,B):-successor(B,A).\n']"
156,Jules_Wijdenbosch,Pretaap_Radhakishun,"['-0.10008345855698265  vicePresident(A,B):-vicePresident(A,B).\n', '-7.36464408039173  vicePresident(A,B):-predecessor(A,B).\n']"
157,Malik_Amin_Aslam,Hamid_Khan_(lawyer),"['-8.228069793091183  vicePresident(A,B):-after(A,B).\n', '-8.247247680362719  vicePresident(A,B):-before(B,A).\n', '-0.10008345855698265  vicePresident(A,B):-vicePresident(A,B).\n', '-2.649229238625548  vicePresident(A,B):-president(B,A).\n']"
158,Jacob_Nena,Leo_Falcam,"['-8.228069793091183  vicePresident(A,B):-after(A,B).\n', '-8.247247680362719  vicePresident(A,B):-before(B,A).\n', '-1.758684217546271  vicePresident(A,B):-successor(A,B).\n', '-0.10008345855698265  vicePresident(A,B):-vicePresident(A,B).\n', '-5.280753973942794  vicePresident(A,B):-predecessor(B,A).\n', '-2.649229238625548  vicePresident(A,B):-president(B,A).\n', '-6.129050230104118  vicePresident(A,B):-primeMinister(A,B).\n', '-0.912775788807852  vicePresident(A,B):-president(B,A) ,successor(A,B).\n']"
160,Deodoro_da_Fonseca,Floriano_Peixoto,"['-8.247247680362719  vicePresident(A,B):-before(B,A).\n', '-1.758684217546271  vicePresident(A,B):-successor(A,B).\n', '-0.10008345855698265  vicePresident(A,B):-vicePresident(A,B).\n', '-5.280753973942794  vicePresident(A,B):-predecessor(B,A).\n', '-2.649229238625548  vicePresident(A,B):-president(B,A).\n', '-0.912775788807852  vicePresident(A,B):-president(B,A) ,successor(A,B).\n']"
165,Wim_Duisenberg,Christian_Noyer,"['-0.10008345855698265  vicePresident(A,B):-vicePresident(A,B).\n']"
166,Benjamin_Franklin,Thomas_Mifflin,"['-7.432189537120456  vicePresident(A,B):-successor(B,A).\n', '-8.228069793091183  vicePresident(A,B):-after(A,B).\n', '-8.247247680362719  vicePresident(A,B):-before(B,A).\n', '-1.758684217546271  vicePresident(A,B):-successor(A,B).\n', '-1.8405496333974871  vicePresident(A,B):-successor(A,B),successor(B,A).\n', '-0.10008345855698265  vicePresident(A,B):-vicePresident(A,B).\n', '-5.280753973942794  vicePresident(A,B):-predecessor(B,A).\n', '-2.649229238625548  vicePresident(A,B):-president(B,A).\n', '-6.129050230104118  vicePresident(A,B):-primeMinister(A,B).\n', '-7.36464408039173  vicePresident(A,B):-predecessor(A,B).\n', '-0.912775788807852  vicePresident(A,B):-president(B,A) ,successor(A,B).\n', '0.12160003105767968  negvicePresident(A,B):-successor(B,A).\n']"
170,Jakaya_Kikwete,Ali_M._Shein,"['-7.432189537120456  vicePresident(A,B):-successor(B,A).\n', '-8.247247680362719  vicePresident(A,B):-before(B,A).\n', '-0.10008345855698265  vicePresident(A,B):-vicePresident(A,B).\n', '-5.280753973942794  vicePresident(A,B):-predecessor(B,A).\n', '0.12160003105767968  negvicePresident(A,B):-successor(B,A).\n']"
172,Jalal_Talabani,Khodair_al-Khozaei,"['-0.10008345855698265  vicePresident(A,B):-vicePresident(A,B).\n', '-2.649229238625548  vicePresident(A,B):-president(B,A).\n']"
173,Mahesh_Acharya,Paramananda_Jha,"['-8.228069793091183  vicePresident(A,B):-after(A,B).\n', '-0.10008345855698265  vicePresident(A,B):-vicePresident(A,B).\n']"
174,Chandresh_Kumari_Katoch,Hamid_Ansari,"['-8.247247680362719  vicePresident(A,B):-before(B,A).\n', '-1.758684217546271  vicePresident(A,B):-successor(A,B).\n', '-0.10008345855698265  vicePresident(A,B):-vicePresident(A,B).\n', '-6.129050230104118  vicePresident(A,B):-primeMinister(A,B).\n', '-7.36464408039173  vicePresident(A,B):-predecessor(A,B).\n']"
175,Joseph_Jenkins_Roberts,Nathaniel_Brander,"['-7.432189537120456  vicePresident(A,B):-successor(B,A).\n', '-8.228069793091183  vicePresident(A,B):-after(A,B).\n', '-8.247247680362719  vicePresident(A,B):-before(B,A).\n', '-1.758684217546271  vicePresident(A,B):-successor(A,B).\n', '-1.8405496333974871  vicePresident(A,B):-successor(A,B),successor(B,A).\n', '-0.10008345855698265  vicePresident(A,B):-vicePresident(A,B).\n', '-5.280753973942794  vicePresident(A,B):-predecessor(B,A).\n', '-2.649229238625548  vicePresident(A,B):-president(B,A).\n', '-6.129050230104118  vicePresident(A,B):-primeMinister(A,B).\n', '-7.36464408039173  vicePresident(A,B):-predecessor(A,B).\n', '-0.912775788807852  vicePresident(A,B):-president(B,A) ,successor(A,B).\n', '0.12160003105767968  negvicePresident(A,B):-successor(B,A).\n']"
176,Kuber_Singh_Rana,Parmanand_Jha,"['-0.10008345855698265  vicePresident(A,B):-vicePresident(A,B).\n']"
4001,Frank_Langstone,Peter_Fraser_(New_Zealand_politician),"['-6.129050230104118  vicePresident(A,B):-primeMinister(A,B).\n']"
4002,Ulysses_S._Grant_presidential_administration_scandals,Andrew_Johnson,"['-8.228069793091183  vicePresident(A,B):-after(A,B).\n', '-8.247247680362719  vicePresident(A,B):-before(B,A).\n', '-0.10008345855698265  vicePresident(A,B):-vicePresident(A,B).\n', '-5.280753973942794  vicePresident(A,B):-predecessor(B,A).\n', '-2.649229238625548  vicePresident(A,B):-president(B,A).\n', '-7.36464408039173  vicePresident(A,B):-predecessor(A,B).\n']"
4003,Bibliography_of_George_Washington,Thomas_Jefferson,"['-1.758684217546271  vicePresident(A,B):-successor(A,B).\n']"
4004,David_G._Burnet,Mirabeau_B._Lamar,"['-7.432189537120456  vicePresident(A,B):-successor(B,A).\n', '-2.649229238625548  vicePresident(A,B):-president(B,A).\n', '-7.36464408039173  vicePresident(A,B):-predecessor(A,B).\n', '0.12160003105767968  negvicePresident(A,B):-successor(B,A).\n']"
4008,Didier_Burkhalter,Micheline_Calmy-Rey,"['-7.432189537120456  vicePresident(A,B):-successor(B,A).\n', '-6.129050230104118  vicePresident(A,B):-primeMinister(A,B).\n', '-7.36464408039173  vicePresident(A,B):-predecessor(A,B).\n', '0.12160003105767968  negvicePresident(A,B):-successor(B,A).\n']"
4009,John_Dramani_Mahama,Aliu_Mahama,"['-7.432189537120456  vicePresident(A,B):-successor(B,A).\n', '-1.758684217546271  vicePresident(A,B):-successor(A,B).\n', '-1.8405496333974871  vicePresident(A,B):-successor(A,B),successor(B,A).\n', '-6.129050230104118  vicePresident(A,B):-primeMinister(A,B).\n', '-7.36464408039173  vicePresident(A,B):-predecessor(A,B).\n', '0.12160003105767968  negvicePresident(A,B):-successor(B,A).\n']"
4010,Moritz_Leuenberger,Adolf_Ogi,"['-7.432189537120456  vicePresident(A,B):-successor(B,A).\n', '-8.247247680362719  vicePresident(A,B):-before(B,A).\n', '-0.10008345855698265  vicePresident(A,B):-vicePresident(A,B).\n', '-7.36464408039173  vicePresident(A,B):-predecessor(A,B).\n', '0.12160003105767968  negvicePresident(A,B):-successor(B,A).\n']"
4012,Chiang_Ching-kuo,Yen_Chia-kan,"['-7.432189537120456  vicePresident(A,B):-successor(B,A).\n', '-8.228069793091183  vicePresident(A,B):-after(A,B).\n', '-8.247247680362719  vicePresident(A,B):-before(B,A).\n', '-2.649229238625548  vicePresident(A,B):-president(B,A).\n', '-7.36464408039173  vicePresident(A,B):-predecessor(A,B).\n', '0.12160003105767968  negvicePresident(A,B):-successor(B,A).\n']"
4013,Atal_Bihari_Vajpayee,Shankar_Dayal_Sharma,[]
4014,Muhammad_Haji_Ibrahim_Egal,Muhammad_Ali_Samatar,"['-1.758684217546271  vicePresident(A,B):-successor(A,B).\n']"
4015,William_R._Tolbert_Jr.,Clarence_Simpson,"['-7.432189537120456  vicePresident(A,B):-successor(B,A).\n', '-7.36464408039173  vicePresident(A,B):-predecessor(A,B).\n', '0.12160003105767968  negvicePresident(A,B):-successor(B,A).\n']"
4016,Micheline_Calmy-Rey,Didier_Burkhalter,"['-1.758684217546271  vicePresident(A,B):-successor(A,B).\n', '-5.280753973942794  vicePresident(A,B):-predecessor(B,A).\n']"
4017,Lee_Teng-hui,Vincent_Siew,"['-0.10008345855698265  vicePresident(A,B):-vicePresident(A,B).\n', '-2.649229238625548  vicePresident(A,B):-president(B,A).\n', '-6.129050230104118  vicePresident(A,B):-primeMinister(A,B).\n']"
4018,Presidency_of_Benigno_Aquino_III,Gloria_Macapagal-Arroyo,"['-7.432189537120456  vicePresident(A,B):-successor(B,A).\n', '-1.758684217546271  vicePresident(A,B):-successor(A,B).\n', '-1.8405496333974871  vicePresident(A,B):-successor(A,B),successor(B,A).\n', '-0.10008345855698265  vicePresident(A,B):-vicePresident(A,B).\n', '-6.129050230104118  vicePresident(A,B):-primeMinister(A,B).\n', '-7.36464408039173  vicePresident(A,B):-predecessor(A,B).\n', '0.12160003105767968  negvicePresident(A,B):-successor(B,A).\n']"
4021,John_Atta_Mills,Aliu_Mahama,"['-1.758684217546271  vicePresident(A,B):-successor(A,B).\n', '-5.280753973942794  vicePresident(A,B):-predecessor(B,A).\n']"
4023,Peter_Fraser_(New_Zealand_politician),Arnold_Nordmeyer,"['-1.758684217546271  vicePresident(A,B):-successor(A,B).\n', '-5.280753973942794  vicePresident(A,B):-predecessor(B,A).\n']"
4024,Pascal_Couchepin,Didier_Burkhalter,"['-7.432189537120456  vicePresident(A,B):-successor(B,A).\n', '-8.247247680362719  vicePresident(A,B):-before(B,A).\n', '-1.758684217546271  vicePresident(A,B):-successor(A,B).\n', '-1.8405496333974871  vicePresident(A,B):-successor(A,B),successor(B,A).\n', '-5.280753973942794  vicePresident(A,B):-predecessor(B,A).\n', '-7.36464408039173  vicePresident(A,B):-predecessor(A,B).\n', '0.12160003105767968  negvicePresident(A,B):-successor(B,A).\n']"
4025,Benjamin_Mkapa,Ali_Hassan_Mwinyi,"['-7.432189537120456  vicePresident(A,B):-successor(B,A).\n', '-0.10008345855698265  vicePresident(A,B):-vicePresident(A,B).\n', '-2.649229238625548  vicePresident(A,B):-president(B,A).\n', '-7.36464408039173  vicePresident(A,B):-predecessor(A,B).\n', '0.12160003105767968  negvicePresident(A,B):-successor(B,A).\n']"
4026,Joyce_Banda,Cassim_Chilumpha,"['-7.432189537120456  vicePresident(A,B):-successor(B,A).\n', '-2.649229238625548  vicePresident(A,B):-president(B,A).\n', '-7.36464408039173  vicePresident(A,B):-predecessor(A,B).\n', '0.12160003105767968  negvicePresident(A,B):-successor(B,A).\n']"
4028,Juan_Carlos_Varela,Samuel_Lewis_Navarro,"['-7.432189537120456  vicePresident(A,B):-successor(B,A).\n', '-2.649229238625548  vicePresident(A,B):-president(B,A).\n', '-7.36464408039173  vicePresident(A,B):-predecessor(A,B).\n', '0.12160003105767968  negvicePresident(A,B):-successor(B,A).\n']"
4029,James_Roberts_(trade_unionist),Michael_Joseph_Savage,[]
4030,Joseph_Deiss,Doris_Leuthard,"['-7.432189537120456  vicePresident(A,B):-successor(B,A).\n', '-8.228069793091183  vicePresident(A,B):-after(A,B).\n', '-8.247247680362719  vicePresident(A,B):-before(B,A).\n', '-1.758684217546271  vicePresident(A,B):-successor(A,B).\n', '-1.8405496333974871  vicePresident(A,B):-successor(A,B),successor(B,A).\n', '-5.280753973942794  vicePresident(A,B):-predecessor(B,A).\n', '-2.649229238625548  vicePresident(A,B):-president(B,A).\n', '-0.912775788807852  vicePresident(A,B):-president(B,A) ,successor(A,B).\n', '0.12160003105767968  negvicePresident(A,B):-successor(B,A).\n']"
4031,Johnson_Toribiong,Tommy_Remengesau,"['-7.432189537120456  vicePresident(A,B):-successor(B,A).\n', '-8.228069793091183  vicePresident(A,B):-after(A,B).\n', '-8.247247680362719  vicePresident(A,B):-before(B,A).\n', '-1.758684217546271  vicePresident(A,B):-successor(A,B).\n', '-1.8405496333974871  vicePresident(A,B):-successor(A,B),successor(B,A).\n', '-5.280753973942794  vicePresident(A,B):-predecessor(B,A).\n', '-2.649229238625548  vicePresident(A,B):-president(B,A).\n', '-7.36464408039173  vicePresident(A,B):-predecessor(A,B).\n', '-0.912775788807852  vicePresident(A,B):-president(B,A) ,successor(A,B).\n', '0.12160003105767968  negvicePresident(A,B):-successor(B,A).\n']"
4033,Thomas_Jefferson,John_Adams,"['-7.432189537120456  vicePresident(A,B):-successor(B,A).\n', '-8.228069793091183  vicePresident(A,B):-after(A,B).\n', '-8.247247680362719  vicePresident(A,B):-before(B,A).\n', '-1.758684217546271  vicePresident(A,B):-successor(A,B).\n', '-1.8405496333974871  vicePresident(A,B):-successor(A,B),successor(B,A).\n', '-7.36464408039173  vicePresident(A,B):-predecessor(A,B).\n', '0.12160003105767968  negvicePresident(A,B):-successor(B,A).\n']"
4034,Walter_Nash,Tim_Armstrong_(politician),"['-7.432189537120456  vicePresident(A,B):-successor(B,A).\n', '-8.228069793091183  vicePresident(A,B):-after(A,B).\n', '-6.129050230104118  vicePresident(A,B):-primeMinister(A,B).\n', '-7.36464408039173  vicePresident(A,B):-predecessor(A,B).\n', '0.12160003105767968  negvicePresident(A,B):-successor(B,A).\n']"
4036,Simonetta_Sommaruga,Moritz_Leuenberger,"['-7.432189537120456  vicePresident(A,B):-successor(B,A).\n', '-8.228069793091183  vicePresident(A,B):-after(A,B).\n', '-8.247247680362719  vicePresident(A,B):-before(B,A).\n', '-7.36464408039173  vicePresident(A,B):-predecessor(A,B).\n', '0.12160003105767968  negvicePresident(A,B):-successor(B,A).\n']"
4037,Ikililou_Dhoinine,Idi_Nadhoim,"['-7.432189537120456  vicePresident(A,B):-successor(B,A).\n', '-8.228069793091183  vicePresident(A,B):-after(A,B).\n', '-8.247247680362719  vicePresident(A,B):-before(B,A).\n', '-5.280753973942794  vicePresident(A,B):-predecessor(B,A).\n', '-2.649229238625548  vicePresident(A,B):-president(B,A).\n', '-6.129050230104118  vicePresident(A,B):-primeMinister(A,B).\n', '0.12160003105767968  negvicePresident(A,B):-successor(B,A).\n']"
4039,Pascal_Couchepin,Jean-Pascal_Delamuraz,"['-8.228069793091183  vicePresident(A,B):-after(A,B).\n', '-8.247247680362719  vicePresident(A,B):-before(B,A).\n', '-7.36464408039173  vicePresident(A,B):-predecessor(A,B).\n']"
4040,Mwai_Kibaki,Daniel_arap_Moi,"['-7.432189537120456  vicePresident(A,B):-successor(B,A).\n', '-8.228069793091183  vicePresident(A,B):-after(A,B).\n', '-6.129050230104118  vicePresident(A,B):-primeMinister(A,B).\n', '-7.36464408039173  vicePresident(A,B):-predecessor(A,B).\n', '0.12160003105767968  negvicePresident(A,B):-successor(B,A).\n']"
4041,Prudente_de_Morais,Floriano_Peixoto,"['-7.432189537120456  vicePresident(A,B):-successor(B,A).\n', '-7.36464408039173  vicePresident(A,B):-predecessor(A,B).\n', '0.12160003105767968  negvicePresident(A,B):-successor(B,A).\n']"
4042,Daniel_Ortega,Francisco_Urcuyo,"['-6.129050230104118  vicePresident(A,B):-primeMinister(A,B).\n', '-7.36464408039173  vicePresident(A,B):-predecessor(A,B).\n']"
4043,Tim_Armstrong_(politician),Arnold_Nordmeyer,"['-1.758684217546271  vicePresident(A,B):-successor(A,B).\n', '-5.280753973942794  vicePresident(A,B):-predecessor(B,A).\n']"
4049,James_Monroe,Thomas_Jefferson,"['-7.432189537120456  vicePresident(A,B):-successor(B,A).\n', '-8.228069793091183  vicePresident(A,B):-after(A,B).\n', '-8.247247680362719  vicePresident(A,B):-before(B,A).\n', '-1.758684217546271  vicePresident(A,B):-successor(A,B).\n', '-1.8405496333974871  vicePresident(A,B):-successor(A,B),successor(B,A).\n', '-0.10008345855698265  vicePresident(A,B):-vicePresident(A,B).\n', '-5.280753973942794  vicePresident(A,B):-predecessor(B,A).\n', '-6.129050230104118  vicePresident(A,B):-primeMinister(A,B).\n', '-7.36464408039173  vicePresident(A,B):-predecessor(A,B).\n', '0.12160003105767968  negvicePresident(A,B):-successor(B,A).\n']"
4051,Kaspar_Villiger,Moritz_Leuenberger,"['-7.432189537120456  vicePresident(A,B):-successor(B,A).\n', '-8.228069793091183  vicePresident(A,B):-after(A,B).\n', '-8.247247680362719  vicePresident(A,B):-before(B,A).\n', '-7.36464408039173  vicePresident(A,B):-predecessor(A,B).\n', '0.12160003105767968  negvicePresident(A,B):-successor(B,A).\n']"
4053,Franklin_Pierce,Millard_Fillmore,"['-7.432189537120456  vicePresident(A,B):-successor(B,A).\n', '-8.247247680362719  vicePresident(A,B):-before(B,A).\n', '-7.36464408039173  vicePresident(A,B):-predecessor(A,B).\n', '0.12160003105767968  negvicePresident(A,B):-successor(B,A).\n']"
4055,Fuad_Masum,Kosrat_Rasul_Ali,"['-1.758684217546271  vicePresident(A,B):-successor(A,B).\n']"
4056,Moritz_Leuenberger,Doris_Leuthard,"['-7.432189537120456  vicePresident(A,B):-successor(B,A).\n', '-1.758684217546271  vicePresident(A,B):-successor(A,B).\n', '-1.8405496333974871  vicePresident(A,B):-successor(A,B),successor(B,A).\n', '-5.280753973942794  vicePresident(A,B):-predecessor(B,A).\n', '-7.36464408039173  vicePresident(A,B):-predecessor(A,B).\n', '0.12160003105767968  negvicePresident(A,B):-successor(B,A).\n']"
4057,George_H._W._Bush,Dick_Cheney,"['-7.432189537120456  vicePresident(A,B):-successor(B,A).\n', '-8.228069793091183  vicePresident(A,B):-after(A,B).\n', '-8.247247680362719  vicePresident(A,B):-before(B,A).\n', '-1.758684217546271  vicePresident(A,B):-successor(A,B).\n', '-1.8405496333974871  vicePresident(A,B):-successor(A,B),successor(B,A).\n', '-0.10008345855698265  vicePresident(A,B):-vicePresident(A,B).\n', '-5.280753973942794  vicePresident(A,B):-predecessor(B,A).\n', '-2.649229238625548  vicePresident(A,B):-president(B,A).\n', '-6.129050230104118  vicePresident(A,B):-primeMinister(A,B).\n', '-7.36464408039173  vicePresident(A,B):-predecessor(A,B).\n', '-0.912775788807852  vicePresident(A,B):-president(B,A) ,successor(A,B).\n', '0.12160003105767968  negvicePresident(A,B):-successor(B,A).\n']"
4059,Simonetta_Sommaruga,Didier_Burkhalter,"['-7.432189537120456  vicePresident(A,B):-successor(B,A).\n', '-7.36464408039173  vicePresident(A,B):-predecessor(A,B).\n', '0.12160003105767968  negvicePresident(A,B):-successor(B,A).\n']"
4060,Chea_Sim,Heng_Samrin,"['-7.432189537120456  vicePresident(A,B):-successor(B,A).\n', '-8.228069793091183  vicePresident(A,B):-after(A,B).\n', '-8.247247680362719  vicePresident(A,B):-before(B,A).\n', '-1.758684217546271  vicePresident(A,B):-successor(A,B).\n', '-1.8405496333974871  vicePresident(A,B):-successor(A,B),successor(B,A).\n', '-5.280753973942794  vicePresident(A,B):-predecessor(B,A).\n', '-2.649229238625548  vicePresident(A,B):-president(B,A).\n', '-6.129050230104118  vicePresident(A,B):-primeMinister(A,B).\n', '-7.36464408039173  vicePresident(A,B):-predecessor(A,B).\n', '-0.912775788807852  vicePresident(A,B):-president(B,A) ,successor(A,B).\n', '0.12160003105767968  negvicePresident(A,B):-successor(B,A).\n']"
4061,Tim_Armstrong_(politician),Peter_Fraser_(New_Zealand_politician),"['-6.129050230104118  vicePresident(A,B):-primeMinister(A,B).\n', '-7.36464408039173  vicePresident(A,B):-predecessor(A,B).\n']"
4062,Frank_Langstone,Michael_Joseph_Savage,"['-8.228069793091183  vicePresident(A,B):-after(A,B).\n', '-1.758684217546271  vicePresident(A,B):-successor(A,B).\n', '-0.10008345855698265  vicePresident(A,B):-vicePresident(A,B).\n', '-7.36464408039173  vicePresident(A,B):-predecessor(A,B).\n']"
4064,George_W._Bush,George_H._W._Bush,"['-7.432189537120456  vicePresident(A,B):-successor(B,A).\n', '-8.228069793091183  vicePresident(A,B):-after(A,B).\n', '-8.247247680362719  vicePresident(A,B):-before(B,A).\n', '-1.758684217546271  vicePresident(A,B):-successor(A,B).\n', '-1.8405496333974871  vicePresident(A,B):-successor(A,B),successor(B,A).\n', '-0.10008345855698265  vicePresident(A,B):-vicePresident(A,B).\n', '-5.280753973942794  vicePresident(A,B):-predecessor(B,A).\n', '-2.649229238625548  vicePresident(A,B):-president(B,A).\n', '-6.129050230104118  vicePresident(A,B):-primeMinister(A,B).\n', '-7.36464408039173  vicePresident(A,B):-predecessor(A,B).\n', '-0.912775788807852  vicePresident(A,B):-president(B,A) ,successor(A,B).\n', '0.12160003105767968  negvicePresident(A,B):-successor(B,A).\n']"
4065,Johann_Schneider-Ammann,Simonetta_Sommaruga,"['-7.432189537120456  vicePresident(A,B):-successor(B,A).\n', '-7.36464408039173  vicePresident(A,B):-predecessor(A,B).\n', '0.12160003105767968  negvicePresident(A,B):-successor(B,A).\n']"
4067,Leo_Falcam,Jacob_Nena,"['-7.432189537120456  vicePresident(A,B):-successor(B,A).\n', '-8.228069793091183  vicePresident(A,B):-after(A,B).\n', '-8.247247680362719  vicePresident(A,B):-before(B,A).\n', '-7.36464408039173  vicePresident(A,B):-predecessor(A,B).\n', '0.12160003105767968  negvicePresident(A,B):-successor(B,A).\n']"
4070,James_Spriggs_Payne,Daniel_Bashiel_Warner,"['-7.432189537120456  vicePresident(A,B):-successor(B,A).\n', '-8.228069793091183  vicePresident(A,B):-after(A,B).\n', '-1.758684217546271  vicePresident(A,B):-successor(A,B).\n', '-1.8405496333974871  vicePresident(A,B):-successor(A,B),successor(B,A).\n', '-0.10008345855698265  vicePresident(A,B):-vicePresident(A,B).\n', '-5.280753973942794  vicePresident(A,B):-predecessor(B,A).\n', '-7.36464408039173  vicePresident(A,B):-predecessor(A,B).\n', '0.12160003105767968  negvicePresident(A,B):-successor(B,A).\n']"
4071,Kem_Sokha,Heng_Samrin,"['-7.432189537120456  vicePresident(A,B):-successor(B,A).\n', '-8.228069793091183  vicePresident(A,B):-after(A,B).\n', '-8.247247680362719  vicePresident(A,B):-before(B,A).\n', '-1.758684217546271  vicePresident(A,B):-successor(A,B).\n', '-1.8405496333974871  vicePresident(A,B):-successor(A,B),successor(B,A).\n', '-0.10008345855698265  vicePresident(A,B):-vicePresident(A,B).\n', '-5.280753973942794  vicePresident(A,B):-predecessor(B,A).\n', '-2.649229238625548  vicePresident(A,B):-president(B,A).\n', '-6.129050230104118  vicePresident(A,B):-primeMinister(A,B).\n', '-7.36464408039173  vicePresident(A,B):-predecessor(A,B).\n', '-0.912775788807852  vicePresident(A,B):-president(B,A) ,successor(A,B).\n', '0.12160003105767968  negvicePresident(A,B):-successor(B,A).\n']"
4072,Non-importation_Act,John_Adams,"['-7.432189537120456  vicePresident(A,B):-successor(B,A).\n', '-8.228069793091183  vicePresident(A,B):-after(A,B).\n', '-8.247247680362719  vicePresident(A,B):-before(B,A).\n', '-1.758684217546271  vicePresident(A,B):-successor(A,B).\n', '-1.8405496333974871  vicePresident(A,B):-successor(A,B),successor(B,A).\n', '-0.10008345855698265  vicePresident(A,B):-vicePresident(A,B).\n', '-5.280753973942794  vicePresident(A,B):-predecessor(B,A).\n', '-2.649229238625548  vicePresident(A,B):-president(B,A).\n', '-6.129050230104118  vicePresident(A,B):-primeMinister(A,B).\n', '-7.36464408039173  vicePresident(A,B):-predecessor(A,B).\n', '-0.912775788807852  vicePresident(A,B):-president(B,A) ,successor(A,B).\n', '0.12160003105767968  negvicePresident(A,B):-successor(B,A).\n']"
4075,Jules_Wijdenbosch,Jules_Ajodhia,"['-8.228069793091183  vicePresident(A,B):-after(A,B).\n', '-8.247247680362719  vicePresident(A,B):-before(B,A).\n', '-1.758684217546271  vicePresident(A,B):-successor(A,B).\n', '-0.10008345855698265  vicePresident(A,B):-vicePresident(A,B).\n', '-2.649229238625548  vicePresident(A,B):-president(B,A).\n', '-6.129050230104118  vicePresident(A,B):-primeMinister(A,B).\n', '-0.912775788807852  vicePresident(A,B):-president(B,A) ,successor(A,B).\n']"
4077,Samuel_Schmid,Ueli_Maurer,"['-7.432189537120456  vicePresident(A,B):-successor(B,A).\n', '-8.228069793091183  vicePresident(A,B):-after(A,B).\n', '-8.247247680362719  vicePresident(A,B):-before(B,A).\n', '-1.758684217546271  vicePresident(A,B):-successor(A,B).\n', '-1.8405496333974871  vicePresident(A,B):-successor(A,B),successor(B,A).\n', '-0.10008345855698265  vicePresident(A,B):-vicePresident(A,B).\n', '-5.280753973942794  vicePresident(A,B):-predecessor(B,A).\n', '-2.649229238625548  vicePresident(A,B):-president(B,A).\n', '-6.129050230104118  vicePresident(A,B):-primeMinister(A,B).\n', '-7.36464408039173  vicePresident(A,B):-predecessor(A,B).\n', '-0.912775788807852  vicePresident(A,B):-president(B,A) ,successor(A,B).\n', '0.12160003105767968  negvicePresident(A,B):-successor(B,A).\n']"
4080,K._R._Narayanan,Shankar_Dayal_Sharma,"['-7.432189537120456  vicePresident(A,B):-successor(B,A).\n', '-7.36464408039173  vicePresident(A,B):-predecessor(A,B).\n', '0.12160003105767968  negvicePresident(A,B):-successor(B,A).\n']"
4084,Pascal_Couchepin,Kaspar_Villiger,"['-7.432189537120456  vicePresident(A,B):-successor(B,A).\n', '-0.10008345855698265  vicePresident(A,B):-vicePresident(A,B).\n', '-7.36464408039173  vicePresident(A,B):-predecessor(A,B).\n', '0.12160003105767968  negvicePresident(A,B):-successor(B,A).\n']"
4085,Hans-Rudolf_Merz,Kaspar_Villiger,"['-7.432189537120456  vicePresident(A,B):-successor(B,A).\n', '-7.36464408039173  vicePresident(A,B):-predecessor(A,B).\n', '0.12160003105767968  negvicePresident(A,B):-successor(B,A).\n']"
4086,Ma_Ying-jeou,Lien_Chan,"['-7.432189537120456  vicePresident(A,B):-successor(B,A).\n', '-8.228069793091183  vicePresident(A,B):-after(A,B).\n', '-8.247247680362719  vicePresident(A,B):-before(B,A).\n', '-1.758684217546271  vicePresident(A,B):-successor(A,B).\n', '-1.8405496333974871  vicePresident(A,B):-successor(A,B),successor(B,A).\n', '-0.10008345855698265  vicePresident(A,B):-vicePresident(A,B).\n', '-5.280753973942794  vicePresident(A,B):-predecessor(B,A).\n', '-2.649229238625548  vicePresident(A,B):-president(B,A).\n', '-6.129050230104118  vicePresident(A,B):-primeMinister(A,B).\n', '-7.36464408039173  vicePresident(A,B):-predecessor(A,B).\n', '-0.912775788807852  vicePresident(A,B):-president(B,A) ,successor(A,B).\n', '0.12160003105767968  negvicePresident(A,B):-successor(B,A).\n']"
4087,Diosdado_Macapagal,Gloria_Macapagal-Arroyo,"['-8.228069793091183  vicePresident(A,B):-after(A,B).\n', '-5.280753973942794  vicePresident(A,B):-predecessor(B,A).\n']"
4091,Chea_Sim,Pen_Sovan,"['-7.432189537120456  vicePresident(A,B):-successor(B,A).\n', '-8.228069793091183  vicePresident(A,B):-after(A,B).\n', '-8.247247680362719  vicePresident(A,B):-before(B,A).\n', '-1.758684217546271  vicePresident(A,B):-successor(A,B).\n', '-1.8405496333974871  vicePresident(A,B):-successor(A,B),successor(B,A).\n', '-0.10008345855698265  vicePresident(A,B):-vicePresident(A,B).\n', '-5.280753973942794  vicePresident(A,B):-predecessor(B,A).\n', '-2.649229238625548  vicePresident(A,B):-president(B,A).\n', '-6.129050230104118  vicePresident(A,B):-primeMinister(A,B).\n', '-7.36464408039173  vicePresident(A,B):-predecessor(A,B).\n', '-0.912775788807852  vicePresident(A,B):-president(B,A) ,successor(A,B).\n', '0.12160003105767968  negvicePresident(A,B):-successor(B,A).\n']"
4092,Mirabeau_B._Lamar,Lorenzo_de_Zavala,"['-7.432189537120456  vicePresident(A,B):-successor(B,A).\n', '-8.228069793091183  vicePresident(A,B):-after(A,B).\n', '-8.247247680362719  vicePresident(A,B):-before(B,A).\n', '-1.758684217546271  vicePresident(A,B):-successor(A,B).\n', '-1.8405496333974871  vicePresident(A,B):-successor(A,B),successor(B,A).\n', '-5.280753973942794  vicePresident(A,B):-predecessor(B,A).\n', '-6.129050230104118  vicePresident(A,B):-primeMinister(A,B).\n', '-7.36464408039173  vicePresident(A,B):-predecessor(A,B).\n', '0.12160003105767968  negvicePresident(A,B):-successor(B,A).\n']"
4093,Ronald_Venetiaan,Jules_Wijdenbosch,"['-7.432189537120456  vicePresident(A,B):-successor(B,A).\n', '-1.758684217546271  vicePresident(A,B):-successor(A,B).\n', '-1.8405496333974871  vicePresident(A,B):-successor(A,B),successor(B,A).\n', '-5.280753973942794  vicePresident(A,B):-predecessor(B,A).\n', '-7.36464408039173  vicePresident(A,B):-predecessor(A,B).\n', '0.12160003105767968  negvicePresident(A,B):-successor(B,A).\n']"
4094,Micheline_Calmy-Rey,Doris_Leuthard,"['-7.432189537120456  vicePresident(A,B):-successor(B,A).\n', '-7.36464408039173  vicePresident(A,B):-predecessor(A,B).\n', '0.12160003105767968  negvicePresident(A,B):-successor(B,A).\n']"
4095,Mwai_Kibaki,Josephat_Karanja,"['-8.228069793091183  vicePresident(A,B):-after(A,B).\n', '-8.247247680362719  vicePresident(A,B):-before(B,A).\n', '-1.758684217546271  vicePresident(A,B):-successor(A,B).\n', '-0.10008345855698265  vicePresident(A,B):-vicePresident(A,B).\n', '-5.280753973942794  vicePresident(A,B):-predecessor(B,A).\n', '-2.649229238625548  vicePresident(A,B):-president(B,A).\n', '-0.912775788807852  vicePresident(A,B):-president(B,A) ,successor(A,B).\n']"
4100,Walter_Nash,Clyde_Carr,"['-7.432189537120456  vicePresident(A,B):-successor(B,A).\n', '-8.228069793091183  vicePresident(A,B):-after(A,B).\n', '-8.247247680362719  vicePresident(A,B):-before(B,A).\n', '-1.758684217546271  vicePresident(A,B):-successor(A,B).\n', '-1.8405496333974871  vicePresident(A,B):-successor(A,B),successor(B,A).\n', '-0.10008345855698265  vicePresident(A,B):-vicePresident(A,B).\n', '-5.280753973942794  vicePresident(A,B):-predecessor(B,A).\n', '-2.649229238625548  vicePresident(A,B):-president(B,A).\n', '-6.129050230104118  vicePresident(A,B):-primeMinister(A,B).\n', '-7.36464408039173  vicePresident(A,B):-predecessor(A,B).\n', '-0.912775788807852  vicePresident(A,B):-president(B,A) ,successor(A,B).\n', '0.12160003105767968  negvicePresident(A,B):-successor(B,A).\n']"
4101,George_Washington,Thomas_Jefferson,"['-8.247247680362719  vicePresident(A,B):-before(B,A).\n', '-1.758684217546271  vicePresident(A,B):-successor(A,B).\n', '-5.280753973942794  vicePresident(A,B):-predecessor(B,A).\n', '-2.649229238625548  vicePresident(A,B):-president(B,A).\n', '-6.129050230104118  vicePresident(A,B):-primeMinister(A,B).\n', '-0.912775788807852  vicePresident(A,B):-president(B,A) ,successor(A,B).\n']"
4102,Abraham_Lincoln,Andrew_Johnson,"['-8.228069793091183  vicePresident(A,B):-after(A,B).\n', '-1.758684217546271  vicePresident(A,B):-successor(A,B).\n', '-0.10008345855698265  vicePresident(A,B):-vicePresident(A,B).\n', '-5.280753973942794  vicePresident(A,B):-predecessor(B,A).\n', '-2.649229238625548  vicePresident(A,B):-president(B,A).\n', '-0.912775788807852  vicePresident(A,B):-president(B,A) ,successor(A,B).\n']"
4103,Joseph_Deiss,Pascal_Couchepin,"['-7.432189537120456  vicePresident(A,B):-successor(B,A).\n', '-8.247247680362719  vicePresident(A,B):-before(B,A).\n', '-2.649229238625548  vicePresident(A,B):-president(B,A).\n', '-6.129050230104118  vicePresident(A,B):-primeMinister(A,B).\n', '-7.36464408039173  vicePresident(A,B):-predecessor(A,B).\n', '0.12160003105767968  negvicePresident(A,B):-successor(B,A).\n']"
4104,Eveline_Widmer-Schlumpf,Micheline_Calmy-Rey,"['-7.432189537120456  vicePresident(A,B):-successor(B,A).\n', '-7.36464408039173  vicePresident(A,B):-predecessor(A,B).\n', '0.12160003105767968  negvicePresident(A,B):-successor(B,A).\n']"
4105,Peter_Fraser_(New_Zealand_politician),Michael_Joseph_Savage,"['-7.432189537120456  vicePresident(A,B):-successor(B,A).\n', '-7.36464408039173  vicePresident(A,B):-predecessor(A,B).\n', '0.12160003105767968  negvicePresident(A,B):-successor(B,A).\n']"
4107,Francisco_de_Paula_Rodrigues_Alves,Floriano_Peixoto,[]
4108,Daniel_arap_Moi,Joseph_Murumbi,"['-7.432189537120456  vicePresident(A,B):-successor(B,A).\n', '-8.247247680362719  vicePresident(A,B):-before(B,A).\n', '-1.758684217546271  vicePresident(A,B):-successor(A,B).\n', '-1.8405496333974871  vicePresident(A,B):-successor(A,B),successor(B,A).\n', '-0.10008345855698265  vicePresident(A,B):-vicePresident(A,B).\n', '-5.280753973942794  vicePresident(A,B):-predecessor(B,A).\n', '-6.129050230104118  vicePresident(A,B):-primeMinister(A,B).\n', '-7.36464408039173  vicePresident(A,B):-predecessor(A,B).\n', '0.12160003105767968  negvicePresident(A,B):-successor(B,A).\n']"
4109,Calvin_Coolidge,Thomas_R._Marshall,"['-7.432189537120456  vicePresident(A,B):-successor(B,A).\n', '-5.280753973942794  vicePresident(A,B):-predecessor(B,A).\n', '-2.649229238625548  vicePresident(A,B):-president(B,A).\n', '-7.36464408039173  vicePresident(A,B):-predecessor(A,B).\n', '0.12160003105767968  negvicePresident(A,B):-successor(B,A).\n']"
4113,Ueli_Maurer,Eveline_Widmer-Schlumpf,"['-7.432189537120456  vicePresident(A,B):-successor(B,A).\n', '-8.228069793091183  vicePresident(A,B):-after(A,B).\n', '-8.247247680362719  vicePresident(A,B):-before(B,A).\n', '-0.10008345855698265  vicePresident(A,B):-vicePresident(A,B).\n', '-5.280753973942794  vicePresident(A,B):-predecessor(B,A).\n', '-7.36464408039173  vicePresident(A,B):-predecessor(A,B).\n', '0.12160003105767968  negvicePresident(A,B):-successor(B,A).\n']"
4114,Susilo_Bambang_Yudhoyono,Megawati_Sukarnoputri,"['-7.432189537120456  vicePresident(A,B):-successor(B,A).\n', '-8.247247680362719  vicePresident(A,B):-before(B,A).\n', '-0.10008345855698265  vicePresident(A,B):-vicePresident(A,B).\n', '-6.129050230104118  vicePresident(A,B):-primeMinister(A,B).\n', '-7.36464408039173  vicePresident(A,B):-predecessor(A,B).\n', '0.12160003105767968  negvicePresident(A,B):-successor(B,A).\n']"
4115,Grover_Cleveland,Chester_A._Arthur,"['-7.432189537120456  vicePresident(A,B):-successor(B,A).\n', '-8.228069793091183  vicePresident(A,B):-after(A,B).\n', '-8.247247680362719  vicePresident(A,B):-before(B,A).\n', '-5.280753973942794  vicePresident(A,B):-predecessor(B,A).\n', '-6.129050230104118  vicePresident(A,B):-primeMinister(A,B).\n', '-7.36464408039173  vicePresident(A,B):-predecessor(A,B).\n', '0.12160003105767968  negvicePresident(A,B):-successor(B,A).\n']"
4117,Ruth_Dreifuss,Micheline_Calmy-Rey,"['-1.758684217546271  vicePresident(A,B):-successor(A,B).\n', '-0.10008345855698265  vicePresident(A,B):-vicePresident(A,B).\n', '-5.280753973942794  vicePresident(A,B):-predecessor(B,A).\n', '-2.649229238625548  vicePresident(A,B):-president(B,A).\n', '-6.129050230104118  vicePresident(A,B):-primeMinister(A,B).\n', '-7.36464408039173  vicePresident(A,B):-predecessor(A,B).\n', '-0.912775788807852  vicePresident(A,B):-president(B,A) ,successor(A,B).\n']"
4120,James_K._Polk,John_Tyler,"['-7.432189537120456  vicePresident(A,B):-successor(B,A).\n', '-8.228069793091183  vicePresident(A,B):-after(A,B).\n', '-8.247247680362719  vicePresident(A,B):-before(B,A).\n', '-1.758684217546271  vicePresident(A,B):-successor(A,B).\n', '-1.8405496333974871  vicePresident(A,B):-successor(A,B),successor(B,A).\n', '-0.10008345855698265  vicePresident(A,B):-vicePresident(A,B).\n', '-5.280753973942794  vicePresident(A,B):-predecessor(B,A).\n', '-2.649229238625548  vicePresident(A,B):-president(B,A).\n', '-6.129050230104118  vicePresident(A,B):-primeMinister(A,B).\n', '-7.36464408039173  vicePresident(A,B):-predecessor(A,B).\n', '-0.912775788807852  vicePresident(A,B):-president(B,A) ,successor(A,B).\n', '0.12160003105767968  negvicePresident(A,B):-successor(B,A).\n']"
4124,Arnold_Nordmeyer,Peter_Fraser_(New_Zealand_politician),"['-7.432189537120456  vicePresident(A,B):-successor(B,A).\n', '-6.129050230104118  vicePresident(A,B):-primeMinister(A,B).\n', '-7.36464408039173  vicePresident(A,B):-predecessor(A,B).\n', '0.12160003105767968  negvicePresident(A,B):-successor(B,A).\n']"
4127,Moritz_Leuenberger,Simonetta_Sommaruga,"['-8.247247680362719  vicePresident(A,B):-before(B,A).\n', '-1.758684217546271  vicePresident(A,B):-successor(A,B).\n', '-5.280753973942794  vicePresident(A,B):-predecessor(B,A).\n']"
4128,Walter_Nash,Peter_Fraser_(New_Zealand_politician),"['-7.432189537120456  vicePresident(A,B):-successor(B,A).\n', '-6.129050230104118  vicePresident(A,B):-primeMinister(A,B).\n', '-7.36464408039173  vicePresident(A,B):-predecessor(A,B).\n', '0.12160003105767968  negvicePresident(A,B):-successor(B,A).\n']"
4129,Arnold_Nordmeyer,Martyn_Finlay,[]
4130,Chiang_Ching-kuo,Chen_Cheng,[]
4131,Pedro_Aguirre_Cerda,Luis_Altamirano,"['-7.432189537120456  vicePresident(A,B):-successor(B,A).\n', '-8.228069793091183  vicePresident(A,B):-after(A,B).\n', '-8.247247680362719  vicePresident(A,B):-before(B,A).\n', '-0.10008345855698265  vicePresident(A,B):-vicePresident(A,B).\n', '-5.280753973942794  vicePresident(A,B):-predecessor(B,A).\n', '0.12160003105767968  negvicePresident(A,B):-successor(B,A).\n']"
4134,Clyde_Carr,Michael_Joseph_Savage,[]
4135,Xi_Jinping,Zeng_Qinghong,"['-7.432189537120456  vicePresident(A,B):-successor(B,A).\n', '-8.247247680362719  vicePresident(A,B):-before(B,A).\n', '-1.758684217546271  vicePresident(A,B):-successor(A,B).\n', '-1.8405496333974871  vicePresident(A,B):-successor(A,B),successor(B,A).\n', '-5.280753973942794  vicePresident(A,B):-predecessor(B,A).\n', '-7.36464408039173  vicePresident(A,B):-predecessor(A,B).\n', '0.12160003105767968  negvicePresident(A,B):-successor(B,A).\n']"
4136,Shankar_Dayal_Sharma,R._Venkataraman,"['-7.432189537120456  vicePresident(A,B):-successor(B,A).\n', '-7.36464408039173  vicePresident(A,B):-predecessor(A,B).\n', '0.12160003105767968  negvicePresident(A,B):-successor(B,A).\n']"
4138,George_H._W._Bush,Richard_Nixon,"['-7.432189537120456  vicePresident(A,B):-successor(B,A).\n', '-8.228069793091183  vicePresident(A,B):-after(A,B).\n', '-8.247247680362719  vicePresident(A,B):-before(B,A).\n', '-1.758684217546271  vicePresident(A,B):-successor(A,B).\n', '-1.8405496333974871  vicePresident(A,B):-successor(A,B),successor(B,A).\n', '-0.10008345855698265  vicePresident(A,B):-vicePresident(A,B).\n', '-5.280753973942794  vicePresident(A,B):-predecessor(B,A).\n', '-2.649229238625548  vicePresident(A,B):-president(B,A).\n', '-6.129050230104118  vicePresident(A,B):-primeMinister(A,B).\n', '-7.36464408039173  vicePresident(A,B):-predecessor(A,B).\n', '-0.912775788807852  vicePresident(A,B):-president(B,A) ,successor(A,B).\n', '0.12160003105767968  negvicePresident(A,B):-successor(B,A).\n']"
4139,Bounnhang_Vorachith,Choummaly_Sayasone,"['-7.432189537120456  vicePresident(A,B):-successor(B,A).\n', '-8.228069793091183  vicePresident(A,B):-after(A,B).\n', '-8.247247680362719  vicePresident(A,B):-before(B,A).\n', '-1.758684217546271  vicePresident(A,B):-successor(A,B).\n', '-1.8405496333974871  vicePresident(A,B):-successor(A,B),successor(B,A).\n', '-0.10008345855698265  vicePresident(A,B):-vicePresident(A,B).\n', '-5.280753973942794  vicePresident(A,B):-predecessor(B,A).\n', '-2.649229238625548  vicePresident(A,B):-president(B,A).\n', '-6.129050230104118  vicePresident(A,B):-primeMinister(A,B).\n', '-7.36464408039173  vicePresident(A,B):-predecessor(A,B).\n', '-0.912775788807852  vicePresident(A,B):-president(B,A) ,successor(A,B).\n', '0.12160003105767968  negvicePresident(A,B):-successor(B,A).\n']"
4140,Gerald_Ford,Dick_Cheney,"['-7.432189537120456  vicePresident(A,B):-successor(B,A).\n', '-8.228069793091183  vicePresident(A,B):-after(A,B).\n', '-8.247247680362719  vicePresident(A,B):-before(B,A).\n', '-1.758684217546271  vicePresident(A,B):-successor(A,B).\n', '-1.8405496333974871  vicePresident(A,B):-successor(A,B),successor(B,A).\n', '-0.10008345855698265  vicePresident(A,B):-vicePresident(A,B).\n', '-5.280753973942794  vicePresident(A,B):-predecessor(B,A).\n', '-2.649229238625548  vicePresident(A,B):-president(B,A).\n', '-6.129050230104118  vicePresident(A,B):-primeMinister(A,B).\n', '-7.36464408039173  vicePresident(A,B):-predecessor(A,B).\n', '-0.912775788807852  vicePresident(A,B):-president(B,A) ,successor(A,B).\n', '0.12160003105767968  negvicePresident(A,B):-successor(B,A).\n']"
4142,John_Kufuor,John_Atta_Mills,"['-8.228069793091183  vicePresident(A,B):-after(A,B).\n', '-1.758684217546271  vicePresident(A,B):-successor(A,B).\n']"
4143,Zakir_Husain_(politician),Sarvepalli_Radhakrishnan,"['-7.36464408039173  vicePresident(A,B):-predecessor(A,B).\n']"
4144,Anthony_W._Gardiner,Charles_Harmon,"['-8.228069793091183  vicePresident(A,B):-after(A,B).\n', '-1.758684217546271  vicePresident(A,B):-successor(A,B).\n']"
4145,Bill_Clinton,George_H._W._Bush,"['-7.432189537120456  vicePresident(A,B):-successor(B,A).\n', '-8.228069793091183  vicePresident(A,B):-after(A,B).\n', '-8.247247680362719  vicePresident(A,B):-before(B,A).\n', '-1.758684217546271  vicePresident(A,B):-successor(A,B).\n', '-1.8405496333974871  vicePresident(A,B):-successor(A,B),successor(B,A).\n', '-0.10008345855698265  vicePresident(A,B):-vicePresident(A,B).\n', '-5.280753973942794  vicePresident(A,B):-predecessor(B,A).\n', '-2.649229238625548  vicePresident(A,B):-president(B,A).\n', '-6.129050230104118  vicePresident(A,B):-primeMinister(A,B).\n', '-7.36464408039173  vicePresident(A,B):-predecessor(A,B).\n', '-0.912775788807852  vicePresident(A,B):-president(B,A) ,successor(A,B).\n', '0.12160003105767968  negvicePresident(A,B):-successor(B,A).\n']"
4146,James_McCombs,Michael_Joseph_Savage,"['-8.247247680362719  vicePresident(A,B):-before(B,A).\n', '-1.758684217546271  vicePresident(A,B):-successor(A,B).\n', '-0.10008345855698265  vicePresident(A,B):-vicePresident(A,B).\n', '-5.280753973942794  vicePresident(A,B):-predecessor(B,A).\n', '-6.129050230104118  vicePresident(A,B):-primeMinister(A,B).\n', '-7.36464408039173  vicePresident(A,B):-predecessor(A,B).\n']"
4147,John_Dramani_Mahama,John_Atta_Mills,"['-7.432189537120456  vicePresident(A,B):-successor(B,A).\n', '-7.36464408039173  vicePresident(A,B):-predecessor(A,B).\n', '0.12160003105767968  negvicePresident(A,B):-successor(B,A).\n']"
4148,Ahmed_Issack_Hassan,Musalia_Mudavadi,"['-7.432189537120456  vicePresident(A,B):-successor(B,A).\n', '-8.228069793091183  vicePresident(A,B):-after(A,B).\n', '-8.247247680362719  vicePresident(A,B):-before(B,A).\n', '-1.758684217546271  vicePresident(A,B):-successor(A,B).\n', '-1.8405496333974871  vicePresident(A,B):-successor(A,B),successor(B,A).\n', '-0.10008345855698265  vicePresident(A,B):-vicePresident(A,B).\n', '-5.280753973942794  vicePresident(A,B):-predecessor(B,A).\n', '-6.129050230104118  vicePresident(A,B):-primeMinister(A,B).\n', '-7.36464408039173  vicePresident(A,B):-predecessor(A,B).\n', '0.12160003105767968  negvicePresident(A,B):-successor(B,A).\n']"
4149,Bailey_Olter,Petrus_Tun,"['-7.432189537120456  vicePresident(A,B):-successor(B,A).\n', '-8.228069793091183  vicePresident(A,B):-after(A,B).\n', '-0.10008345855698265  vicePresident(A,B):-vicePresident(A,B).\n', '-6.129050230104118  vicePresident(A,B):-primeMinister(A,B).\n', '-7.36464408039173  vicePresident(A,B):-predecessor(A,B).\n', '0.12160003105767968  negvicePresident(A,B):-successor(B,A).\n']"
4150,Gerald_Ford,Spiro_Agnew,"['-7.432189537120456  vicePresident(A,B):-successor(B,A).\n', '-8.228069793091183  vicePresident(A,B):-after(A,B).\n', '-8.247247680362719  vicePresident(A,B):-before(B,A).\n', '-7.36464408039173  vicePresident(A,B):-predecessor(A,B).\n', '0.12160003105767968  negvicePresident(A,B):-successor(B,A).\n']"
4152,John_Atta_Mills,Kow_Nkensen_Arkaah,"['-7.432189537120456  vicePresident(A,B):-successor(B,A).\n', '-8.228069793091183  vicePresident(A,B):-after(A,B).\n', '-8.247247680362719  vicePresident(A,B):-before(B,A).\n', '-1.758684217546271  vicePresident(A,B):-successor(A,B).\n', '-1.8405496333974871  vicePresident(A,B):-successor(A,B),successor(B,A).\n', '-0.10008345855698265  vicePresident(A,B):-vicePresident(A,B).\n', '-5.280753973942794  vicePresident(A,B):-predecessor(B,A).\n', '-2.649229238625548  vicePresident(A,B):-president(B,A).\n', '-6.129050230104118  vicePresident(A,B):-primeMinister(A,B).\n', '-7.36464408039173  vicePresident(A,B):-predecessor(A,B).\n', '-0.912775788807852  vicePresident(A,B):-president(B,A) ,successor(A,B).\n', '0.12160003105767968  negvicePresident(A,B):-successor(B,A).\n']"
4153,A._P._J._Abdul_Kalam,K._R._Narayanan,"['-7.432189537120456  vicePresident(A,B):-successor(B,A).\n', '-1.758684217546271  vicePresident(A,B):-successor(A,B).\n', '-1.8405496333974871  vicePresident(A,B):-successor(A,B),successor(B,A).\n', '-0.10008345855698265  vicePresident(A,B):-vicePresident(A,B).\n', '-5.280753973942794  vicePresident(A,B):-predecessor(B,A).\n', '-6.129050230104118  vicePresident(A,B):-primeMinister(A,B).\n', '-7.36464408039173  vicePresident(A,B):-predecessor(A,B).\n', '0.12160003105767968  negvicePresident(A,B):-successor(B,A).\n']"
4154,Martin_Van_Buren,John_C._Calhoun,"['-7.432189537120456  vicePresident(A,B):-successor(B,A).\n', '-8.228069793091183  vicePresident(A,B):-after(A,B).\n', '-8.247247680362719  vicePresident(A,B):-before(B,A).\n', '-1.758684217546271  vicePresident(A,B):-successor(A,B).\n', '-1.8405496333974871  vicePresident(A,B):-successor(A,B),successor(B,A).\n', '-0.10008345855698265  vicePresident(A,B):-vicePresident(A,B).\n', '-5.280753973942794  vicePresident(A,B):-predecessor(B,A).\n', '-2.649229238625548  vicePresident(A,B):-president(B,A).\n', '-6.129050230104118  vicePresident(A,B):-primeMinister(A,B).\n', '-7.36464408039173  vicePresident(A,B):-predecessor(A,B).\n', '-0.912775788807852  vicePresident(A,B):-president(B,A) ,successor(A,B).\n', '0.12160003105767968  negvicePresident(A,B):-successor(B,A).\n']"
4156,William_D._Coleman_(politician),James_Thompson_(politician),"['-7.432189537120456  vicePresident(A,B):-successor(B,A).\n', '-8.228069793091183  vicePresident(A,B):-after(A,B).\n', '-8.247247680362719  vicePresident(A,B):-before(B,A).\n', '-1.758684217546271  vicePresident(A,B):-successor(A,B).\n', '-1.8405496333974871  vicePresident(A,B):-successor(A,B),successor(B,A).\n', '-0.10008345855698265  vicePresident(A,B):-vicePresident(A,B).\n', '-5.280753973942794  vicePresident(A,B):-predecessor(B,A).\n', '-2.649229238625548  vicePresident(A,B):-president(B,A).\n', '-6.129050230104118  vicePresident(A,B):-primeMinister(A,B).\n', '-7.36464408039173  vicePresident(A,B):-predecessor(A,B).\n', '-0.912775788807852  vicePresident(A,B):-president(B,A) ,successor(A,B).\n', '0.12160003105767968  negvicePresident(A,B):-successor(B,A).\n']"
4158,Gloria_Macapagal_Arroyo,Joseph_Estrada,"['-7.432189537120456  vicePresident(A,B):-successor(B,A).\n', '-8.228069793091183  vicePresident(A,B):-after(A,B).\n', '-8.247247680362719  vicePresident(A,B):-before(B,A).\n', '-1.758684217546271  vicePresident(A,B):-successor(A,B).\n', '-1.8405496333974871  vicePresident(A,B):-successor(A,B),successor(B,A).\n', '-0.10008345855698265  vicePresident(A,B):-vicePresident(A,B).\n', '-5.280753973942794  vicePresident(A,B):-predecessor(B,A).\n', '-2.649229238625548  vicePresident(A,B):-president(B,A).\n', '-6.129050230104118  vicePresident(A,B):-primeMinister(A,B).\n', '-7.36464408039173  vicePresident(A,B):-predecessor(A,B).\n', '-0.912775788807852  vicePresident(A,B):-president(B,A) ,successor(A,B).\n', '0.12160003105767968  negvicePresident(A,B):-successor(B,A).\n']"
