296,Quintin_McMillan,Transvaal_Province,"['-5.1765229437313165  deathPlace(A,B):-country(A,B).\n', '-3.967356875572056  deathPlace(A,B):-placeOfBirth(A,B).\n', '-2.6299125337605305  deathPlace(A,B):-nationality(A,B).\n', '-1.277633109760059  deathPlace(A,B):-placeOfDeath(A,B).\n', '-2.6100234264314497  deathPlace(A,B):-birthPlace(A,B).\n', '-2.0051271911265314  deathPlace(A,B):-deathplace(A,B).\n', '-1.4656181919347486  deathPlace(A,B):-restingPlace(A,B).\n', '-2.4443591562315246  deathPlace(A,B):-residence(A,B).\n']"
1452,Asen_Peshev,Sofia_(disambiguation),"['-5.1765229437313165  deathPlace(A,B):-country(A,B).\n', '-3.967356875572056  deathPlace(A,B):-placeOfBirth(A,B).\n', '-2.6299125337605305  deathPlace(A,B):-nationality(A,B).\n', '-1.277633109760059  deathPlace(A,B):-placeOfDeath(A,B).\n', '-2.6100234264314497  deathPlace(A,B):-birthPlace(A,B).\n', '-2.0051271911265314  deathPlace(A,B):-deathplace(A,B).\n', '-1.4656181919347486  deathPlace(A,B):-restingPlace(A,B).\n', '-2.4443591562315246  deathPlace(A,B):-residence(A,B).\n']"
153,Tito_Livio_Burattini,Kraków,"['-5.1765229437313165  deathPlace(A,B):-country(A,B).\n', '-3.967356875572056  deathPlace(A,B):-placeOfBirth(A,B).\n', '-2.6299125337605305  deathPlace(A,B):-nationality(A,B).\n', '-1.277633109760059  deathPlace(A,B):-placeOfDeath(A,B).\n', '-2.6100234264314497  deathPlace(A,B):-birthPlace(A,B).\n', '-2.0051271911265314  deathPlace(A,B):-deathplace(A,B).\n', '-1.4656181919347486  deathPlace(A,B):-restingPlace(A,B).\n', '-2.4443591562315246  deathPlace(A,B):-residence(A,B).\n']"
540,Willem_van_den_Hout,The_Hague,"['-5.1765229437313165  deathPlace(A,B):-country(A,B).\n', '-3.967356875572056  deathPlace(A,B):-placeOfBirth(A,B).\n', '-2.6299125337605305  deathPlace(A,B):-nationality(A,B).\n', '-1.277633109760059  deathPlace(A,B):-placeOfDeath(A,B).\n', '-2.0051271911265314  deathPlace(A,B):-deathplace(A,B).\n', '-1.4656181919347486  deathPlace(A,B):-restingPlace(A,B).\n', '-2.4443591562315246  deathPlace(A,B):-residence(A,B).\n']"
1801,Dermot_Healy,Sligo,"['-3.967356875572056  deathPlace(A,B):-placeOfBirth(A,B).\n', '-2.6299125337605305  deathPlace(A,B):-nationality(A,B).\n', '-1.277633109760059  deathPlace(A,B):-placeOfDeath(A,B).\n', '-2.6100234264314497  deathPlace(A,B):-birthPlace(A,B).\n', '-2.0051271911265314  deathPlace(A,B):-deathplace(A,B).\n', '-1.4656181919347486  deathPlace(A,B):-restingPlace(A,B).\n', '-2.4443591562315246  deathPlace(A,B):-residence(A,B).\n']"
93,Władysław_Mieczysław_Kozłowski,http://wikidata.dbpedia.org/resource/Q20032559,[]
1006,Karl_U._Smith,Florida,[]
2635,Gurgen_Askaryan,Moscow,"['-5.1765229437313165  deathPlace(A,B):-country(A,B).\n', '-3.967356875572056  deathPlace(A,B):-placeOfBirth(A,B).\n', '-2.6299125337605305  deathPlace(A,B):-nationality(A,B).\n', '-1.277633109760059  deathPlace(A,B):-placeOfDeath(A,B).\n', '-2.6100234264314497  deathPlace(A,B):-birthPlace(A,B).\n', '-1.4656181919347486  deathPlace(A,B):-restingPlace(A,B).\n', '-2.4443591562315246  deathPlace(A,B):-residence(A,B).\n']"
1728,Arthur_Bacon,Derby,"['-5.1765229437313165  deathPlace(A,B):-country(A,B).\n', '-3.967356875572056  deathPlace(A,B):-placeOfBirth(A,B).\n', '-2.6299125337605305  deathPlace(A,B):-nationality(A,B).\n', '-1.277633109760059  deathPlace(A,B):-placeOfDeath(A,B).\n', '-2.6100234264314497  deathPlace(A,B):-birthPlace(A,B).\n', '-2.0051271911265314  deathPlace(A,B):-deathplace(A,B).\n', '-1.4656181919347486  deathPlace(A,B):-restingPlace(A,B).\n', '-2.4443591562315246  deathPlace(A,B):-residence(A,B).\n']"
1277,Francisco_Javier_de_Morales_y_Castejón_de_Arroyo,Lima,"['-5.1765229437313165  deathPlace(A,B):-country(A,B).\n', '-3.967356875572056  deathPlace(A,B):-placeOfBirth(A,B).\n', '-2.6299125337605305  deathPlace(A,B):-nationality(A,B).\n', '-1.277633109760059  deathPlace(A,B):-placeOfDeath(A,B).\n', '-2.6100234264314497  deathPlace(A,B):-birthPlace(A,B).\n', '-2.0051271911265314  deathPlace(A,B):-deathplace(A,B).\n', '-1.4656181919347486  deathPlace(A,B):-restingPlace(A,B).\n', '-2.4443591562315246  deathPlace(A,B):-residence(A,B).\n']"
572,Amiraslan_Aliyev,Azerbaijan,"['-5.1765229437313165  deathPlace(A,B):-country(A,B).\n', '-3.967356875572056  deathPlace(A,B):-placeOfBirth(A,B).\n', '-2.6299125337605305  deathPlace(A,B):-nationality(A,B).\n', '-1.277633109760059  deathPlace(A,B):-placeOfDeath(A,B).\n', '-2.6100234264314497  deathPlace(A,B):-birthPlace(A,B).\n', '-2.0051271911265314  deathPlace(A,B):-deathplace(A,B).\n', '-1.4656181919347486  deathPlace(A,B):-restingPlace(A,B).\n', '-2.4443591562315246  deathPlace(A,B):-residence(A,B).\n']"
1471,Edmund_von_Hellmer,Vienna,"['-5.1765229437313165  deathPlace(A,B):-country(A,B).\n', '-3.967356875572056  deathPlace(A,B):-placeOfBirth(A,B).\n', '-1.277633109760059  deathPlace(A,B):-placeOfDeath(A,B).\n', '-2.6100234264314497  deathPlace(A,B):-birthPlace(A,B).\n', '-2.0051271911265314  deathPlace(A,B):-deathplace(A,B).\n', '-1.4656181919347486  deathPlace(A,B):-restingPlace(A,B).\n', '-2.4443591562315246  deathPlace(A,B):-residence(A,B).\n']"
167,Haji_Mastan,Maharashtra,"['-5.1765229437313165  deathPlace(A,B):-country(A,B).\n', '-3.967356875572056  deathPlace(A,B):-placeOfBirth(A,B).\n', '-1.277633109760059  deathPlace(A,B):-placeOfDeath(A,B).\n', '-2.6100234264314497  deathPlace(A,B):-birthPlace(A,B).\n', '-2.0051271911265314  deathPlace(A,B):-deathplace(A,B).\n', '-1.4656181919347486  deathPlace(A,B):-restingPlace(A,B).\n', '-2.4443591562315246  deathPlace(A,B):-residence(A,B).\n']"
1953,Trần_Nhật_Duật,Hanoi,"['-2.6299125337605305  deathPlace(A,B):-nationality(A,B).\n', '-1.4656181919347486  deathPlace(A,B):-restingPlace(A,B).\n']"
283,Billie_Fleming,Devon,"['-5.1765229437313165  deathPlace(A,B):-country(A,B).\n', '-3.967356875572056  deathPlace(A,B):-placeOfBirth(A,B).\n', '-2.6299125337605305  deathPlace(A,B):-nationality(A,B).\n', '-1.277633109760059  deathPlace(A,B):-placeOfDeath(A,B).\n', '-2.6100234264314497  deathPlace(A,B):-birthPlace(A,B).\n', '-2.0051271911265314  deathPlace(A,B):-deathplace(A,B).\n', '-1.4656181919347486  deathPlace(A,B):-restingPlace(A,B).\n', '-2.4443591562315246  deathPlace(A,B):-residence(A,B).\n']"
2247,Hans_Schabschneider,Ybbs_an_der_Donau,"['-5.1765229437313165  deathPlace(A,B):-country(A,B).\n', '-3.967356875572056  deathPlace(A,B):-placeOfBirth(A,B).\n', '-1.277633109760059  deathPlace(A,B):-placeOfDeath(A,B).\n', '-2.6100234264314497  deathPlace(A,B):-birthPlace(A,B).\n', '-2.0051271911265314  deathPlace(A,B):-deathplace(A,B).\n', '-1.4656181919347486  deathPlace(A,B):-restingPlace(A,B).\n']"
941,Geoffrey_Orme,East_Sussex,"['-5.1765229437313165  deathPlace(A,B):-country(A,B).\n', '-3.967356875572056  deathPlace(A,B):-placeOfBirth(A,B).\n', '-2.6299125337605305  deathPlace(A,B):-nationality(A,B).\n', '-2.6100234264314497  deathPlace(A,B):-birthPlace(A,B).\n', '-2.0051271911265314  deathPlace(A,B):-deathplace(A,B).\n', '-1.4656181919347486  deathPlace(A,B):-restingPlace(A,B).\n']"
239,Talbot_Mundy,United_States,"['-5.1765229437313165  deathPlace(A,B):-country(A,B).\n', '-3.967356875572056  deathPlace(A,B):-placeOfBirth(A,B).\n', '-2.6299125337605305  deathPlace(A,B):-nationality(A,B).\n', '-1.277633109760059  deathPlace(A,B):-placeOfDeath(A,B).\n', '-2.6100234264314497  deathPlace(A,B):-birthPlace(A,B).\n', '-2.0051271911265314  deathPlace(A,B):-deathplace(A,B).\n', '-1.4656181919347486  deathPlace(A,B):-restingPlace(A,B).\n', '-2.4443591562315246  deathPlace(A,B):-residence(A,B).\n']"
1764,Grim_Natwick,Los_Angeles,"['-5.1765229437313165  deathPlace(A,B):-country(A,B).\n', '-3.967356875572056  deathPlace(A,B):-placeOfBirth(A,B).\n', '-2.6299125337605305  deathPlace(A,B):-nationality(A,B).\n', '-1.277633109760059  deathPlace(A,B):-placeOfDeath(A,B).\n', '-2.6100234264314497  deathPlace(A,B):-birthPlace(A,B).\n', '-2.0051271911265314  deathPlace(A,B):-deathplace(A,B).\n', '-1.4656181919347486  deathPlace(A,B):-restingPlace(A,B).\n', '-2.4443591562315246  deathPlace(A,B):-residence(A,B).\n']"
1344,Cecil_Allenby,Mannamead,"['-5.1765229437313165  deathPlace(A,B):-country(A,B).\n', '-3.967356875572056  deathPlace(A,B):-placeOfBirth(A,B).\n', '-2.6299125337605305  deathPlace(A,B):-nationality(A,B).\n', '-1.277633109760059  deathPlace(A,B):-placeOfDeath(A,B).\n', '-2.6100234264314497  deathPlace(A,B):-birthPlace(A,B).\n', '-2.0051271911265314  deathPlace(A,B):-deathplace(A,B).\n', '-1.4656181919347486  deathPlace(A,B):-restingPlace(A,B).\n', '-2.4443591562315246  deathPlace(A,B):-residence(A,B).\n']"
1152,George_Lyttleton-Rogers,Los_Angeles,"['-2.4443591562315246  deathPlace(A,B):-residence(A,B).\n']"
1610,Louis-Félix_Pinault,Ottawa,"['-5.1765229437313165  deathPlace(A,B):-country(A,B).\n', '-2.6299125337605305  deathPlace(A,B):-nationality(A,B).\n', '-2.6100234264314497  deathPlace(A,B):-birthPlace(A,B).\n', '-2.0051271911265314  deathPlace(A,B):-deathplace(A,B).\n', '-1.4656181919347486  deathPlace(A,B):-restingPlace(A,B).\n', '-2.4443591562315246  deathPlace(A,B):-residence(A,B).\n']"
2003,William_Arthur_Dunn,North_Adelaide,"['-5.1765229437313165  deathPlace(A,B):-country(A,B).\n', '-3.967356875572056  deathPlace(A,B):-placeOfBirth(A,B).\n', '-2.6299125337605305  deathPlace(A,B):-nationality(A,B).\n', '-1.277633109760059  deathPlace(A,B):-placeOfDeath(A,B).\n', '-2.6100234264314497  deathPlace(A,B):-birthPlace(A,B).\n', '-2.0051271911265314  deathPlace(A,B):-deathplace(A,B).\n', '-1.4656181919347486  deathPlace(A,B):-restingPlace(A,B).\n', '-2.4443591562315246  deathPlace(A,B):-residence(A,B).\n']"
2384,Cyril_Coote,Cottenham,"['-5.1765229437313165  deathPlace(A,B):-country(A,B).\n', '-3.967356875572056  deathPlace(A,B):-placeOfBirth(A,B).\n', '-2.6299125337605305  deathPlace(A,B):-nationality(A,B).\n', '-1.277633109760059  deathPlace(A,B):-placeOfDeath(A,B).\n', '-2.6100234264314497  deathPlace(A,B):-birthPlace(A,B).\n', '-2.0051271911265314  deathPlace(A,B):-deathplace(A,B).\n', '-1.4656181919347486  deathPlace(A,B):-restingPlace(A,B).\n', '-2.4443591562315246  deathPlace(A,B):-residence(A,B).\n']"
139,Louis_Gauffier,Livorno,"['-3.967356875572056  deathPlace(A,B):-placeOfBirth(A,B).\n', '-2.6299125337605305  deathPlace(A,B):-nationality(A,B).\n', '-1.277633109760059  deathPlace(A,B):-placeOfDeath(A,B).\n', '-2.6100234264314497  deathPlace(A,B):-birthPlace(A,B).\n', '-2.0051271911265314  deathPlace(A,B):-deathplace(A,B).\n', '-1.4656181919347486  deathPlace(A,B):-restingPlace(A,B).\n', '-2.4443591562315246  deathPlace(A,B):-residence(A,B).\n']"
2125,Michael_Gannon_(Australian_politician),Queensland,"['-5.1765229437313165  deathPlace(A,B):-country(A,B).\n', '-3.967356875572056  deathPlace(A,B):-placeOfBirth(A,B).\n', '-2.6299125337605305  deathPlace(A,B):-nationality(A,B).\n', '-1.277633109760059  deathPlace(A,B):-placeOfDeath(A,B).\n', '-2.6100234264314497  deathPlace(A,B):-birthPlace(A,B).\n', '-2.0051271911265314  deathPlace(A,B):-deathplace(A,B).\n', '-1.4656181919347486  deathPlace(A,B):-restingPlace(A,B).\n', '-2.4443591562315246  deathPlace(A,B):-residence(A,B).\n']"
1011,Giovan_Battista_di_Crollalanza,Pisa,"['-5.1765229437313165  deathPlace(A,B):-country(A,B).\n', '-3.967356875572056  deathPlace(A,B):-placeOfBirth(A,B).\n', '-2.6299125337605305  deathPlace(A,B):-nationality(A,B).\n', '-1.277633109760059  deathPlace(A,B):-placeOfDeath(A,B).\n', '-2.6100234264314497  deathPlace(A,B):-birthPlace(A,B).\n', '-2.0051271911265314  deathPlace(A,B):-deathplace(A,B).\n', '-1.4656181919347486  deathPlace(A,B):-restingPlace(A,B).\n', '-2.4443591562315246  deathPlace(A,B):-residence(A,B).\n']"
1675,Marie-Eugène_de_l'Enfant-Jésus,Venasque,"['-5.1765229437313165  deathPlace(A,B):-country(A,B).\n', '-3.967356875572056  deathPlace(A,B):-placeOfBirth(A,B).\n', '-2.6299125337605305  deathPlace(A,B):-nationality(A,B).\n', '-2.6100234264314497  deathPlace(A,B):-birthPlace(A,B).\n', '-2.4443591562315246  deathPlace(A,B):-residence(A,B).\n']"
2839,Domenico_Manetti,Siena,"['-5.1765229437313165  deathPlace(A,B):-country(A,B).\n', '-3.967356875572056  deathPlace(A,B):-placeOfBirth(A,B).\n', '-2.6299125337605305  deathPlace(A,B):-nationality(A,B).\n', '-1.277633109760059  deathPlace(A,B):-placeOfDeath(A,B).\n', '-2.6100234264314497  deathPlace(A,B):-birthPlace(A,B).\n', '-2.0051271911265314  deathPlace(A,B):-deathplace(A,B).\n', '-1.4656181919347486  deathPlace(A,B):-restingPlace(A,B).\n', '-2.4443591562315246  deathPlace(A,B):-residence(A,B).\n']"
978,Maciej_Radziwiłł,Dobrut,[]
720,Jean-François_Regnard,Dourdan,"['-5.1765229437313165  deathPlace(A,B):-country(A,B).\n', '-2.6299125337605305  deathPlace(A,B):-nationality(A,B).\n', '-2.0051271911265314  deathPlace(A,B):-deathplace(A,B).\n', '-1.4656181919347486  deathPlace(A,B):-restingPlace(A,B).\n', '-2.4443591562315246  deathPlace(A,B):-residence(A,B).\n']"
1832,Rose_Cleveland,Kingdom_of_Italy,[]
2619,William_John_Codrington,London,"['-5.1765229437313165  deathPlace(A,B):-country(A,B).\n', '-3.967356875572056  deathPlace(A,B):-placeOfBirth(A,B).\n', '-2.6299125337605305  deathPlace(A,B):-nationality(A,B).\n', '-1.277633109760059  deathPlace(A,B):-placeOfDeath(A,B).\n', '-2.6100234264314497  deathPlace(A,B):-birthPlace(A,B).\n', '-2.0051271911265314  deathPlace(A,B):-deathplace(A,B).\n', '-1.4656181919347486  deathPlace(A,B):-restingPlace(A,B).\n', '-2.4443591562315246  deathPlace(A,B):-residence(A,B).\n']"
1177,Edward_Boxer,Balaklava,"['-5.1765229437313165  deathPlace(A,B):-country(A,B).\n', '-3.967356875572056  deathPlace(A,B):-placeOfBirth(A,B).\n', '-2.6299125337605305  deathPlace(A,B):-nationality(A,B).\n', '-1.277633109760059  deathPlace(A,B):-placeOfDeath(A,B).\n', '-2.6100234264314497  deathPlace(A,B):-birthPlace(A,B).\n', '-2.0051271911265314  deathPlace(A,B):-deathplace(A,B).\n', '-1.4656181919347486  deathPlace(A,B):-restingPlace(A,B).\n', '-2.4443591562315246  deathPlace(A,B):-residence(A,B).\n']"
2796,Charles_Maurras,Tours,"['-5.1765229437313165  deathPlace(A,B):-country(A,B).\n', '-3.967356875572056  deathPlace(A,B):-placeOfBirth(A,B).\n', '-2.6299125337605305  deathPlace(A,B):-nationality(A,B).\n', '-1.277633109760059  deathPlace(A,B):-placeOfDeath(A,B).\n', '-2.6100234264314497  deathPlace(A,B):-birthPlace(A,B).\n', '-2.0051271911265314  deathPlace(A,B):-deathplace(A,B).\n', '-1.4656181919347486  deathPlace(A,B):-restingPlace(A,B).\n', '-2.4443591562315246  deathPlace(A,B):-residence(A,B).\n']"
1730,Purushottam_K._Chauhan,Dhanbad,[]
1686,Francis_Dhanis,Belgium,[]
287,Bandsman_Jack_Blake,Great_Yarmouth,"['-3.967356875572056  deathPlace(A,B):-placeOfBirth(A,B).\n', '-1.277633109760059  deathPlace(A,B):-placeOfDeath(A,B).\n', '-2.6100234264314497  deathPlace(A,B):-birthPlace(A,B).\n', '-1.4656181919347486  deathPlace(A,B):-restingPlace(A,B).\n']"
1529,Claiborne_Williams,United_States,"['-5.1765229437313165  deathPlace(A,B):-country(A,B).\n', '-1.277633109760059  deathPlace(A,B):-placeOfDeath(A,B).\n', '-2.6100234264314497  deathPlace(A,B):-birthPlace(A,B).\n', '-2.4443591562315246  deathPlace(A,B):-residence(A,B).\n']"
1111,Gérald_Martineau,Quebec,"['-3.967356875572056  deathPlace(A,B):-placeOfBirth(A,B).\n', '-2.6299125337605305  deathPlace(A,B):-nationality(A,B).\n', '-1.277633109760059  deathPlace(A,B):-placeOfDeath(A,B).\n', '-2.6100234264314497  deathPlace(A,B):-birthPlace(A,B).\n', '-2.0051271911265314  deathPlace(A,B):-deathplace(A,B).\n', '-1.4656181919347486  deathPlace(A,B):-restingPlace(A,B).\n']"
1811,Gustavus_Woodson_Smith,New_York_City,"['-5.1765229437313165  deathPlace(A,B):-country(A,B).\n', '-3.967356875572056  deathPlace(A,B):-placeOfBirth(A,B).\n', '-2.6299125337605305  deathPlace(A,B):-nationality(A,B).\n', '-1.277633109760059  deathPlace(A,B):-placeOfDeath(A,B).\n', '-2.6100234264314497  deathPlace(A,B):-birthPlace(A,B).\n', '-2.0051271911265314  deathPlace(A,B):-deathplace(A,B).\n', '-1.4656181919347486  deathPlace(A,B):-restingPlace(A,B).\n', '-2.4443591562315246  deathPlace(A,B):-residence(A,B).\n']"
1706,Susan_of_Albania,Tirana,"['-5.1765229437313165  deathPlace(A,B):-country(A,B).\n', '-3.967356875572056  deathPlace(A,B):-placeOfBirth(A,B).\n', '-2.6299125337605305  deathPlace(A,B):-nationality(A,B).\n', '-1.277633109760059  deathPlace(A,B):-placeOfDeath(A,B).\n', '-2.6100234264314497  deathPlace(A,B):-birthPlace(A,B).\n', '-2.0051271911265314  deathPlace(A,B):-deathplace(A,B).\n', '-1.4656181919347486  deathPlace(A,B):-restingPlace(A,B).\n', '-2.4443591562315246  deathPlace(A,B):-residence(A,B).\n']"
1447,Louisa_Ulrika_of_Prussia,Svartsjö_Palace,"['-5.1765229437313165  deathPlace(A,B):-country(A,B).\n', '-2.6299125337605305  deathPlace(A,B):-nationality(A,B).\n', '-1.277633109760059  deathPlace(A,B):-placeOfDeath(A,B).\n', '-2.6100234264314497  deathPlace(A,B):-birthPlace(A,B).\n']"
1510,Benedetto_Giustiniani,Rome,"['-5.1765229437313165  deathPlace(A,B):-country(A,B).\n', '-3.967356875572056  deathPlace(A,B):-placeOfBirth(A,B).\n', '-2.6299125337605305  deathPlace(A,B):-nationality(A,B).\n', '-1.277633109760059  deathPlace(A,B):-placeOfDeath(A,B).\n', '-2.6100234264314497  deathPlace(A,B):-birthPlace(A,B).\n', '-2.0051271911265314  deathPlace(A,B):-deathplace(A,B).\n', '-1.4656181919347486  deathPlace(A,B):-restingPlace(A,B).\n', '-2.4443591562315246  deathPlace(A,B):-residence(A,B).\n']"
649,Folke_Wassén,Västra_Frölunda,"['-3.967356875572056  deathPlace(A,B):-placeOfBirth(A,B).\n']"
441,André_Kempster,Skikda,"['-5.1765229437313165  deathPlace(A,B):-country(A,B).\n', '-3.967356875572056  deathPlace(A,B):-placeOfBirth(A,B).\n', '-2.6299125337605305  deathPlace(A,B):-nationality(A,B).\n', '-1.277633109760059  deathPlace(A,B):-placeOfDeath(A,B).\n', '-2.6100234264314497  deathPlace(A,B):-birthPlace(A,B).\n', '-2.0051271911265314  deathPlace(A,B):-deathplace(A,B).\n', '-1.4656181919347486  deathPlace(A,B):-restingPlace(A,B).\n', '-2.4443591562315246  deathPlace(A,B):-residence(A,B).\n']"
398,Eudoxia_Laskarina,Zaragoza,"['-5.1765229437313165  deathPlace(A,B):-country(A,B).\n', '-3.967356875572056  deathPlace(A,B):-placeOfBirth(A,B).\n', '-2.6299125337605305  deathPlace(A,B):-nationality(A,B).\n', '-1.277633109760059  deathPlace(A,B):-placeOfDeath(A,B).\n', '-2.6100234264314497  deathPlace(A,B):-birthPlace(A,B).\n', '-2.0051271911265314  deathPlace(A,B):-deathplace(A,B).\n', '-1.4656181919347486  deathPlace(A,B):-restingPlace(A,B).\n', '-2.4443591562315246  deathPlace(A,B):-residence(A,B).\n']"
1138,Adolf_Schreiber,Liechtenstein,"['-5.1765229437313165  deathPlace(A,B):-country(A,B).\n', '-2.6299125337605305  deathPlace(A,B):-nationality(A,B).\n', '-2.6100234264314497  deathPlace(A,B):-birthPlace(A,B).\n', '-2.4443591562315246  deathPlace(A,B):-residence(A,B).\n']"
1439,Sergei_Yesenin,Saint_Petersburg,"['-5.1765229437313165  deathPlace(A,B):-country(A,B).\n', '-3.967356875572056  deathPlace(A,B):-placeOfBirth(A,B).\n', '-1.277633109760059  deathPlace(A,B):-placeOfDeath(A,B).\n', '-2.6100234264314497  deathPlace(A,B):-birthPlace(A,B).\n', '-2.0051271911265314  deathPlace(A,B):-deathplace(A,B).\n', '-1.4656181919347486  deathPlace(A,B):-restingPlace(A,B).\n', '-2.4443591562315246  deathPlace(A,B):-residence(A,B).\n']"
2216,Reginald_Baker_(film_producer),Australia,"['-2.6100234264314497  deathPlace(A,B):-birthPlace(A,B).\n']"
1682,Alfred_Dunlop,Melbourne,"['-2.6299125337605305  deathPlace(A,B):-nationality(A,B).\n', '-1.277633109760059  deathPlace(A,B):-placeOfDeath(A,B).\n', '-2.6100234264314497  deathPlace(A,B):-birthPlace(A,B).\n', '-2.4443591562315246  deathPlace(A,B):-residence(A,B).\n']"
2811,Jean-Louis_Pezant,France,"['-5.1765229437313165  deathPlace(A,B):-country(A,B).\n', '-3.967356875572056  deathPlace(A,B):-placeOfBirth(A,B).\n', '-2.6299125337605305  deathPlace(A,B):-nationality(A,B).\n', '-1.277633109760059  deathPlace(A,B):-placeOfDeath(A,B).\n', '-2.6100234264314497  deathPlace(A,B):-birthPlace(A,B).\n', '-2.0051271911265314  deathPlace(A,B):-deathplace(A,B).\n', '-1.4656181919347486  deathPlace(A,B):-restingPlace(A,B).\n', '-2.4443591562315246  deathPlace(A,B):-residence(A,B).\n']"
1943,Iya_Savvina,Moscow,"['-5.1765229437313165  deathPlace(A,B):-country(A,B).\n', '-3.967356875572056  deathPlace(A,B):-placeOfBirth(A,B).\n', '-2.6299125337605305  deathPlace(A,B):-nationality(A,B).\n', '-1.277633109760059  deathPlace(A,B):-placeOfDeath(A,B).\n', '-2.6100234264314497  deathPlace(A,B):-birthPlace(A,B).\n', '-2.0051271911265314  deathPlace(A,B):-deathplace(A,B).\n', '-1.4656181919347486  deathPlace(A,B):-restingPlace(A,B).\n', '-2.4443591562315246  deathPlace(A,B):-residence(A,B).\n']"
505,Luigi_Bilio,Rome,"['-5.1765229437313165  deathPlace(A,B):-country(A,B).\n', '-3.967356875572056  deathPlace(A,B):-placeOfBirth(A,B).\n', '-1.277633109760059  deathPlace(A,B):-placeOfDeath(A,B).\n']"
663,Gustave_Ador,Geneva,"['-5.1765229437313165  deathPlace(A,B):-country(A,B).\n', '-3.967356875572056  deathPlace(A,B):-placeOfBirth(A,B).\n', '-2.6299125337605305  deathPlace(A,B):-nationality(A,B).\n', '-1.277633109760059  deathPlace(A,B):-placeOfDeath(A,B).\n', '-2.6100234264314497  deathPlace(A,B):-birthPlace(A,B).\n', '-2.0051271911265314  deathPlace(A,B):-deathplace(A,B).\n', '-1.4656181919347486  deathPlace(A,B):-restingPlace(A,B).\n', '-2.4443591562315246  deathPlace(A,B):-residence(A,B).\n']"
2285,Kenichi_Fukui,Kyoto,"['-2.4443591562315246  deathPlace(A,B):-residence(A,B).\n']"
968,Thomas_J._Barratt,Margate,"['-3.967356875572056  deathPlace(A,B):-placeOfBirth(A,B).\n', '-2.0051271911265314  deathPlace(A,B):-deathplace(A,B).\n', '-1.4656181919347486  deathPlace(A,B):-restingPlace(A,B).\n']"
883,Luigi_Legnani,Ravenna,"['-5.1765229437313165  deathPlace(A,B):-country(A,B).\n', '-3.967356875572056  deathPlace(A,B):-placeOfBirth(A,B).\n', '-2.6299125337605305  deathPlace(A,B):-nationality(A,B).\n', '-1.277633109760059  deathPlace(A,B):-placeOfDeath(A,B).\n', '-2.0051271911265314  deathPlace(A,B):-deathplace(A,B).\n', '-1.4656181919347486  deathPlace(A,B):-restingPlace(A,B).\n', '-2.4443591562315246  deathPlace(A,B):-residence(A,B).\n']"
12,Albrecht_Feez,Germany,"['-5.1765229437313165  deathPlace(A,B):-country(A,B).\n', '-3.967356875572056  deathPlace(A,B):-placeOfBirth(A,B).\n', '-2.6299125337605305  deathPlace(A,B):-nationality(A,B).\n', '-1.277633109760059  deathPlace(A,B):-placeOfDeath(A,B).\n', '-2.6100234264314497  deathPlace(A,B):-birthPlace(A,B).\n', '-2.0051271911265314  deathPlace(A,B):-deathplace(A,B).\n', '-1.4656181919347486  deathPlace(A,B):-restingPlace(A,B).\n', '-2.4443591562315246  deathPlace(A,B):-residence(A,B).\n']"
1909,Miriam_Shomer_Zunser,New_York_City,"['-5.1765229437313165  deathPlace(A,B):-country(A,B).\n', '-3.967356875572056  deathPlace(A,B):-placeOfBirth(A,B).\n', '-2.6299125337605305  deathPlace(A,B):-nationality(A,B).\n', '-1.277633109760059  deathPlace(A,B):-placeOfDeath(A,B).\n', '-2.6100234264314497  deathPlace(A,B):-birthPlace(A,B).\n', '-2.0051271911265314  deathPlace(A,B):-deathplace(A,B).\n', '-1.4656181919347486  deathPlace(A,B):-restingPlace(A,B).\n', '-2.4443591562315246  deathPlace(A,B):-residence(A,B).\n']"
3000,Anne_de_Rohan-Chabot,Paris,"['-5.1765229437313165  deathPlace(A,B):-country(A,B).\n', '-3.967356875572056  deathPlace(A,B):-placeOfBirth(A,B).\n', '-2.6299125337605305  deathPlace(A,B):-nationality(A,B).\n', '-1.277633109760059  deathPlace(A,B):-placeOfDeath(A,B).\n', '-2.6100234264314497  deathPlace(A,B):-birthPlace(A,B).\n', '-2.0051271911265314  deathPlace(A,B):-deathplace(A,B).\n', '-1.4656181919347486  deathPlace(A,B):-restingPlace(A,B).\n']"
1847,Ward_Hunt,United_States,"['-5.1765229437313165  deathPlace(A,B):-country(A,B).\n', '-2.6299125337605305  deathPlace(A,B):-nationality(A,B).\n', '-2.6100234264314497  deathPlace(A,B):-birthPlace(A,B).\n', '-1.4656181919347486  deathPlace(A,B):-restingPlace(A,B).\n', '-2.4443591562315246  deathPlace(A,B):-residence(A,B).\n']"
1199,Alfred_Andersch,Ticino,"['-5.1765229437313165  deathPlace(A,B):-country(A,B).\n', '-3.967356875572056  deathPlace(A,B):-placeOfBirth(A,B).\n', '-2.6299125337605305  deathPlace(A,B):-nationality(A,B).\n', '-1.277633109760059  deathPlace(A,B):-placeOfDeath(A,B).\n', '-2.6100234264314497  deathPlace(A,B):-birthPlace(A,B).\n', '-2.0051271911265314  deathPlace(A,B):-deathplace(A,B).\n', '-1.4656181919347486  deathPlace(A,B):-restingPlace(A,B).\n', '-2.4443591562315246  deathPlace(A,B):-residence(A,B).\n']"
2055,Butch_Ballard,Philadelphia,"['-3.967356875572056  deathPlace(A,B):-placeOfBirth(A,B).\n', '-2.6299125337605305  deathPlace(A,B):-nationality(A,B).\n', '-1.277633109760059  deathPlace(A,B):-placeOfDeath(A,B).\n', '-2.6100234264314497  deathPlace(A,B):-birthPlace(A,B).\n', '-2.0051271911265314  deathPlace(A,B):-deathplace(A,B).\n', '-1.4656181919347486  deathPlace(A,B):-restingPlace(A,B).\n', '-2.4443591562315246  deathPlace(A,B):-residence(A,B).\n']"
712,June_Keithley,Philippines,"['-5.1765229437313165  deathPlace(A,B):-country(A,B).\n', '-3.967356875572056  deathPlace(A,B):-placeOfBirth(A,B).\n', '-2.6299125337605305  deathPlace(A,B):-nationality(A,B).\n', '-1.277633109760059  deathPlace(A,B):-placeOfDeath(A,B).\n', '-2.6100234264314497  deathPlace(A,B):-birthPlace(A,B).\n', '-2.0051271911265314  deathPlace(A,B):-deathplace(A,B).\n', '-1.4656181919347486  deathPlace(A,B):-restingPlace(A,B).\n', '-2.4443591562315246  deathPlace(A,B):-residence(A,B).\n']"
1285,Louise_Glaum,Los_Angeles,"['-5.1765229437313165  deathPlace(A,B):-country(A,B).\n', '-3.967356875572056  deathPlace(A,B):-placeOfBirth(A,B).\n', '-2.6299125337605305  deathPlace(A,B):-nationality(A,B).\n', '-1.277633109760059  deathPlace(A,B):-placeOfDeath(A,B).\n', '-2.6100234264314497  deathPlace(A,B):-birthPlace(A,B).\n', '-2.0051271911265314  deathPlace(A,B):-deathplace(A,B).\n', '-1.4656181919347486  deathPlace(A,B):-restingPlace(A,B).\n', '-2.4443591562315246  deathPlace(A,B):-residence(A,B).\n']"
2005,Constantine_Hering,Philadelphia,"['-5.1765229437313165  deathPlace(A,B):-country(A,B).\n', '-3.967356875572056  deathPlace(A,B):-placeOfBirth(A,B).\n', '-2.6299125337605305  deathPlace(A,B):-nationality(A,B).\n', '-1.277633109760059  deathPlace(A,B):-placeOfDeath(A,B).\n', '-2.0051271911265314  deathPlace(A,B):-deathplace(A,B).\n', '-1.4656181919347486  deathPlace(A,B):-restingPlace(A,B).\n', '-2.4443591562315246  deathPlace(A,B):-residence(A,B).\n']"
1136,Zoran_Đinđić,Serbia_and_Montenegro,"['-5.1765229437313165  deathPlace(A,B):-country(A,B).\n', '-3.967356875572056  deathPlace(A,B):-placeOfBirth(A,B).\n', '-1.277633109760059  deathPlace(A,B):-placeOfDeath(A,B).\n', '-2.6100234264314497  deathPlace(A,B):-birthPlace(A,B).\n', '-2.0051271911265314  deathPlace(A,B):-deathplace(A,B).\n', '-1.4656181919347486  deathPlace(A,B):-restingPlace(A,B).\n', '-2.4443591562315246  deathPlace(A,B):-residence(A,B).\n']"
1164,Grigory_Romanov,Moscow,"['-5.1765229437313165  deathPlace(A,B):-country(A,B).\n', '-2.4443591562315246  deathPlace(A,B):-residence(A,B).\n']"
1500,Stanisław_Grochowiak,Warsaw,"['-5.1765229437313165  deathPlace(A,B):-country(A,B).\n', '-3.967356875572056  deathPlace(A,B):-placeOfBirth(A,B).\n', '-2.6299125337605305  deathPlace(A,B):-nationality(A,B).\n', '-1.277633109760059  deathPlace(A,B):-placeOfDeath(A,B).\n', '-2.6100234264314497  deathPlace(A,B):-birthPlace(A,B).\n', '-2.0051271911265314  deathPlace(A,B):-deathplace(A,B).\n', '-1.4656181919347486  deathPlace(A,B):-restingPlace(A,B).\n', '-2.4443591562315246  deathPlace(A,B):-residence(A,B).\n']"
1772,Puig_Aubert,Carcassonne,"['-5.1765229437313165  deathPlace(A,B):-country(A,B).\n', '-3.967356875572056  deathPlace(A,B):-placeOfBirth(A,B).\n', '-2.6299125337605305  deathPlace(A,B):-nationality(A,B).\n', '-1.277633109760059  deathPlace(A,B):-placeOfDeath(A,B).\n', '-2.6100234264314497  deathPlace(A,B):-birthPlace(A,B).\n', '-2.0051271911265314  deathPlace(A,B):-deathplace(A,B).\n', '-1.4656181919347486  deathPlace(A,B):-restingPlace(A,B).\n', '-2.4443591562315246  deathPlace(A,B):-residence(A,B).\n']"
862,Richard_Wordsworth,Kendal,"['-5.1765229437313165  deathPlace(A,B):-country(A,B).\n', '-3.967356875572056  deathPlace(A,B):-placeOfBirth(A,B).\n', '-2.6299125337605305  deathPlace(A,B):-nationality(A,B).\n', '-1.277633109760059  deathPlace(A,B):-placeOfDeath(A,B).\n', '-2.6100234264314497  deathPlace(A,B):-birthPlace(A,B).\n', '-2.0051271911265314  deathPlace(A,B):-deathplace(A,B).\n', '-1.4656181919347486  deathPlace(A,B):-restingPlace(A,B).\n', '-2.4443591562315246  deathPlace(A,B):-residence(A,B).\n']"
548,Carl_Hayden,Arizona,"['-5.1765229437313165  deathPlace(A,B):-country(A,B).\n', '-3.967356875572056  deathPlace(A,B):-placeOfBirth(A,B).\n', '-2.6299125337605305  deathPlace(A,B):-nationality(A,B).\n', '-1.277633109760059  deathPlace(A,B):-placeOfDeath(A,B).\n', '-2.6100234264314497  deathPlace(A,B):-birthPlace(A,B).\n', '-2.0051271911265314  deathPlace(A,B):-deathplace(A,B).\n', '-1.4656181919347486  deathPlace(A,B):-restingPlace(A,B).\n', '-2.4443591562315246  deathPlace(A,B):-residence(A,B).\n']"
1482,Henry_Gallop,Bitton,"['-5.1765229437313165  deathPlace(A,B):-country(A,B).\n', '-3.967356875572056  deathPlace(A,B):-placeOfBirth(A,B).\n', '-1.277633109760059  deathPlace(A,B):-placeOfDeath(A,B).\n', '-2.0051271911265314  deathPlace(A,B):-deathplace(A,B).\n', '-1.4656181919347486  deathPlace(A,B):-restingPlace(A,B).\n', '-2.4443591562315246  deathPlace(A,B):-residence(A,B).\n']"
2920,Anna_Ancher,Skagen,"['-5.1765229437313165  deathPlace(A,B):-country(A,B).\n', '-3.967356875572056  deathPlace(A,B):-placeOfBirth(A,B).\n', '-2.6299125337605305  deathPlace(A,B):-nationality(A,B).\n', '-1.277633109760059  deathPlace(A,B):-placeOfDeath(A,B).\n', '-2.6100234264314497  deathPlace(A,B):-birthPlace(A,B).\n', '-2.0051271911265314  deathPlace(A,B):-deathplace(A,B).\n', '-1.4656181919347486  deathPlace(A,B):-restingPlace(A,B).\n', '-2.4443591562315246  deathPlace(A,B):-residence(A,B).\n']"
248,Abe_Reles,New_York_(state),"['-5.1765229437313165  deathPlace(A,B):-country(A,B).\n', '-3.967356875572056  deathPlace(A,B):-placeOfBirth(A,B).\n', '-2.6299125337605305  deathPlace(A,B):-nationality(A,B).\n', '-2.6100234264314497  deathPlace(A,B):-birthPlace(A,B).\n', '-2.0051271911265314  deathPlace(A,B):-deathplace(A,B).\n', '-2.4443591562315246  deathPlace(A,B):-residence(A,B).\n']"
233,Nanabhai_Bhatt_(Lokbharti),Gujarat,"['-5.1765229437313165  deathPlace(A,B):-country(A,B).\n', '-3.967356875572056  deathPlace(A,B):-placeOfBirth(A,B).\n', '-1.277633109760059  deathPlace(A,B):-placeOfDeath(A,B).\n', '-2.6100234264314497  deathPlace(A,B):-birthPlace(A,B).\n', '-2.0051271911265314  deathPlace(A,B):-deathplace(A,B).\n', '-1.4656181919347486  deathPlace(A,B):-restingPlace(A,B).\n', '-2.4443591562315246  deathPlace(A,B):-residence(A,B).\n']"
1189,Lujo_Brentano,München,"['-3.967356875572056  deathPlace(A,B):-placeOfBirth(A,B).\n', '-1.277633109760059  deathPlace(A,B):-placeOfDeath(A,B).\n', '-1.4656181919347486  deathPlace(A,B):-restingPlace(A,B).\n']"
2323,Umberto_Tupini,Rome,"['-3.967356875572056  deathPlace(A,B):-placeOfBirth(A,B).\n', '-1.277633109760059  deathPlace(A,B):-placeOfDeath(A,B).\n', '-2.6100234264314497  deathPlace(A,B):-birthPlace(A,B).\n', '-2.0051271911265314  deathPlace(A,B):-deathplace(A,B).\n', '-1.4656181919347486  deathPlace(A,B):-restingPlace(A,B).\n', '-2.4443591562315246  deathPlace(A,B):-residence(A,B).\n']"
2100,Oscar_Gelbfuhs,Austrian_Silesia,"['-5.1765229437313165  deathPlace(A,B):-country(A,B).\n', '-3.967356875572056  deathPlace(A,B):-placeOfBirth(A,B).\n', '-2.6299125337605305  deathPlace(A,B):-nationality(A,B).\n', '-1.277633109760059  deathPlace(A,B):-placeOfDeath(A,B).\n', '-2.6100234264314497  deathPlace(A,B):-birthPlace(A,B).\n', '-2.0051271911265314  deathPlace(A,B):-deathplace(A,B).\n', '-1.4656181919347486  deathPlace(A,B):-restingPlace(A,B).\n', '-2.4443591562315246  deathPlace(A,B):-residence(A,B).\n']"
958,Dinshaw_Maneckji_Petit,Bombay,"['-5.1765229437313165  deathPlace(A,B):-country(A,B).\n', '-3.967356875572056  deathPlace(A,B):-placeOfBirth(A,B).\n', '-2.6299125337605305  deathPlace(A,B):-nationality(A,B).\n', '-1.277633109760059  deathPlace(A,B):-placeOfDeath(A,B).\n', '-2.6100234264314497  deathPlace(A,B):-birthPlace(A,B).\n', '-2.0051271911265314  deathPlace(A,B):-deathplace(A,B).\n', '-1.4656181919347486  deathPlace(A,B):-restingPlace(A,B).\n', '-2.4443591562315246  deathPlace(A,B):-residence(A,B).\n']"
178,Nahum_Levin,Israel,"['-5.1765229437313165  deathPlace(A,B):-country(A,B).\n']"
817,Venus_Xtravaganza,New_York_City,[]
1079,Eglantyne_Jebb,Geneva,"['-5.1765229437313165  deathPlace(A,B):-country(A,B).\n', '-3.967356875572056  deathPlace(A,B):-placeOfBirth(A,B).\n', '-2.6299125337605305  deathPlace(A,B):-nationality(A,B).\n', '-1.277633109760059  deathPlace(A,B):-placeOfDeath(A,B).\n', '-2.6100234264314497  deathPlace(A,B):-birthPlace(A,B).\n', '-2.0051271911265314  deathPlace(A,B):-deathplace(A,B).\n', '-1.4656181919347486  deathPlace(A,B):-restingPlace(A,B).\n', '-2.4443591562315246  deathPlace(A,B):-residence(A,B).\n']"
116,Alfred_Noble_(footballer),Norwich,"['-5.1765229437313165  deathPlace(A,B):-country(A,B).\n']"
2168,Harold_Edge,Cheshire,"['-5.1765229437313165  deathPlace(A,B):-country(A,B).\n', '-3.967356875572056  deathPlace(A,B):-placeOfBirth(A,B).\n', '-1.277633109760059  deathPlace(A,B):-placeOfDeath(A,B).\n', '-1.4656181919347486  deathPlace(A,B):-restingPlace(A,B).\n', '-2.4443591562315246  deathPlace(A,B):-residence(A,B).\n']"
698,Gustave_Albitte,Neuilly-sur-Seine,"['-3.967356875572056  deathPlace(A,B):-placeOfBirth(A,B).\n', '-1.277633109760059  deathPlace(A,B):-placeOfDeath(A,B).\n', '-2.0051271911265314  deathPlace(A,B):-deathplace(A,B).\n', '-1.4656181919347486  deathPlace(A,B):-restingPlace(A,B).\n']"
1411,Giulio_Pontedera,Lonigo,"['-2.6299125337605305  deathPlace(A,B):-nationality(A,B).\n']"
980,Johann_Alexander_Thiele,Dresden,"['-5.1765229437313165  deathPlace(A,B):-country(A,B).\n', '-3.967356875572056  deathPlace(A,B):-placeOfBirth(A,B).\n', '-2.6299125337605305  deathPlace(A,B):-nationality(A,B).\n', '-1.277633109760059  deathPlace(A,B):-placeOfDeath(A,B).\n', '-2.6100234264314497  deathPlace(A,B):-birthPlace(A,B).\n', '-2.0051271911265314  deathPlace(A,B):-deathplace(A,B).\n', '-1.4656181919347486  deathPlace(A,B):-restingPlace(A,B).\n', '-2.4443591562315246  deathPlace(A,B):-residence(A,B).\n']"
1378,Emilio_Prados,Mexico_City,"['-2.6299125337605305  deathPlace(A,B):-nationality(A,B).\n', '-1.4656181919347486  deathPlace(A,B):-restingPlace(A,B).\n', '-2.4443591562315246  deathPlace(A,B):-residence(A,B).\n']"
204,Llukë_Bogdani,Kaçanik,[]
1640,Henry_Enfield,England,"['-5.1765229437313165  deathPlace(A,B):-country(A,B).\n', '-3.967356875572056  deathPlace(A,B):-placeOfBirth(A,B).\n', '-1.277633109760059  deathPlace(A,B):-placeOfDeath(A,B).\n', '-2.6100234264314497  deathPlace(A,B):-birthPlace(A,B).\n', '-2.0051271911265314  deathPlace(A,B):-deathplace(A,B).\n', '-2.4443591562315246  deathPlace(A,B):-residence(A,B).\n']"
1220,Suzanne_Briet,France,"['-5.1765229437313165  deathPlace(A,B):-country(A,B).\n', '-3.967356875572056  deathPlace(A,B):-placeOfBirth(A,B).\n', '-2.6299125337605305  deathPlace(A,B):-nationality(A,B).\n', '-1.277633109760059  deathPlace(A,B):-placeOfDeath(A,B).\n', '-2.6100234264314497  deathPlace(A,B):-birthPlace(A,B).\n', '-2.0051271911265314  deathPlace(A,B):-deathplace(A,B).\n', '-1.4656181919347486  deathPlace(A,B):-restingPlace(A,B).\n', '-2.4443591562315246  deathPlace(A,B):-residence(A,B).\n']"
62,Saint_Almus,Scotland,"['-5.1765229437313165  deathPlace(A,B):-country(A,B).\n', '-3.967356875572056  deathPlace(A,B):-placeOfBirth(A,B).\n', '-2.6299125337605305  deathPlace(A,B):-nationality(A,B).\n', '-1.277633109760059  deathPlace(A,B):-placeOfDeath(A,B).\n', '-2.6100234264314497  deathPlace(A,B):-birthPlace(A,B).\n', '-2.0051271911265314  deathPlace(A,B):-deathplace(A,B).\n', '-1.4656181919347486  deathPlace(A,B):-restingPlace(A,B).\n', '-2.4443591562315246  deathPlace(A,B):-residence(A,B).\n']"
1463,Eugene_Emond,Pittsburgh,"['-5.1765229437313165  deathPlace(A,B):-country(A,B).\n', '-3.967356875572056  deathPlace(A,B):-placeOfBirth(A,B).\n', '-2.6299125337605305  deathPlace(A,B):-nationality(A,B).\n', '-1.277633109760059  deathPlace(A,B):-placeOfDeath(A,B).\n', '-2.6100234264314497  deathPlace(A,B):-birthPlace(A,B).\n', '-2.0051271911265314  deathPlace(A,B):-deathplace(A,B).\n', '-1.4656181919347486  deathPlace(A,B):-restingPlace(A,B).\n', '-2.4443591562315246  deathPlace(A,B):-residence(A,B).\n']"
462,Arthur_Wigglesworth,Kingston_upon_Hull,"['-5.1765229437313165  deathPlace(A,B):-country(A,B).\n', '-2.6299125337605305  deathPlace(A,B):-nationality(A,B).\n', '-2.6100234264314497  deathPlace(A,B):-birthPlace(A,B).\n', '-2.4443591562315246  deathPlace(A,B):-residence(A,B).\n']"
2421,André_Calmettes,16th_arrondissement_of_Paris,"['-5.1765229437313165  deathPlace(A,B):-country(A,B).\n', '-1.277633109760059  deathPlace(A,B):-placeOfDeath(A,B).\n', '-1.4656181919347486  deathPlace(A,B):-restingPlace(A,B).\n', '-2.4443591562315246  deathPlace(A,B):-residence(A,B).\n']"
39,János_Rajz,Budapest,[]
1654,Manuel_Parera,Barcelona,"['-2.6299125337605305  deathPlace(A,B):-nationality(A,B).\n', '-2.0051271911265314  deathPlace(A,B):-deathplace(A,B).\n', '-1.4656181919347486  deathPlace(A,B):-restingPlace(A,B).\n']"
422,Johannes_Sejersted_Bødtker,Oslo,"['-3.967356875572056  deathPlace(A,B):-placeOfBirth(A,B).\n', '-2.6299125337605305  deathPlace(A,B):-nationality(A,B).\n', '-1.277633109760059  deathPlace(A,B):-placeOfDeath(A,B).\n', '-2.6100234264314497  deathPlace(A,B):-birthPlace(A,B).\n', '-2.0051271911265314  deathPlace(A,B):-deathplace(A,B).\n', '-1.4656181919347486  deathPlace(A,B):-restingPlace(A,B).\n', '-2.4443591562315246  deathPlace(A,B):-residence(A,B).\n']"
4843,Theoderic_the_Great,Pannonia,"['-2.6100234264314497  deathPlace(A,B):-birthPlace(A,B).\n']"
5915,Eric_Robinson_(conductor),Leeds,"['-5.1765229437313165  deathPlace(A,B):-country(A,B).\n', '-1.277633109760059  deathPlace(A,B):-placeOfDeath(A,B).\n', '-2.6100234264314497  deathPlace(A,B):-birthPlace(A,B).\n', '-2.0051271911265314  deathPlace(A,B):-deathplace(A,B).\n', '-2.4443591562315246  deathPlace(A,B):-residence(A,B).\n']"
3813,Gabrielle_Renaudot_Flammarion,Meudon,"['-5.1765229437313165  deathPlace(A,B):-country(A,B).\n', '-2.6299125337605305  deathPlace(A,B):-nationality(A,B).\n', '-2.6100234264314497  deathPlace(A,B):-birthPlace(A,B).\n', '-1.4656181919347486  deathPlace(A,B):-restingPlace(A,B).\n', '-2.4443591562315246  deathPlace(A,B):-residence(A,B).\n']"
5393,Dita_Parlo,Szczecin,"['-3.967356875572056  deathPlace(A,B):-placeOfBirth(A,B).\n', '-2.6299125337605305  deathPlace(A,B):-nationality(A,B).\n', '-2.6100234264314497  deathPlace(A,B):-birthPlace(A,B).\n', '-2.4443591562315246  deathPlace(A,B):-residence(A,B).\n']"
3793,Alberto_Rivera_(activist),Gran_Canaria,"['-2.6100234264314497  deathPlace(A,B):-birthPlace(A,B).\n']"
5321,Hans_Vermeer,Iserlohn,"['-5.1765229437313165  deathPlace(A,B):-country(A,B).\n', '-2.6299125337605305  deathPlace(A,B):-nationality(A,B).\n', '-1.277633109760059  deathPlace(A,B):-placeOfDeath(A,B).\n', '-2.6100234264314497  deathPlace(A,B):-birthPlace(A,B).\n', '-2.0051271911265314  deathPlace(A,B):-deathplace(A,B).\n', '-1.4656181919347486  deathPlace(A,B):-restingPlace(A,B).\n', '-2.4443591562315246  deathPlace(A,B):-residence(A,B).\n']"
5402,Hendrick_Andriessen,Antwerp,"['-3.967356875572056  deathPlace(A,B):-placeOfBirth(A,B).\n', '-2.6299125337605305  deathPlace(A,B):-nationality(A,B).\n', '-1.277633109760059  deathPlace(A,B):-placeOfDeath(A,B).\n', '-2.6100234264314497  deathPlace(A,B):-birthPlace(A,B).\n', '-2.0051271911265314  deathPlace(A,B):-deathplace(A,B).\n', '-1.4656181919347486  deathPlace(A,B):-restingPlace(A,B).\n', '-2.4443591562315246  deathPlace(A,B):-residence(A,B).\n']"
3381,Emilio_Lussu,Lazio,"['-5.1765229437313165  deathPlace(A,B):-country(A,B).\n', '-3.967356875572056  deathPlace(A,B):-placeOfBirth(A,B).\n', '-1.277633109760059  deathPlace(A,B):-placeOfDeath(A,B).\n', '-2.0051271911265314  deathPlace(A,B):-deathplace(A,B).\n', '-1.4656181919347486  deathPlace(A,B):-restingPlace(A,B).\n', '-2.4443591562315246  deathPlace(A,B):-residence(A,B).\n']"
3102,Grand_Duchess_Olga_Nikolaevna_of_Russia,Alexander_Palace,"['-5.1765229437313165  deathPlace(A,B):-country(A,B).\n', '-3.967356875572056  deathPlace(A,B):-placeOfBirth(A,B).\n', '-2.6299125337605305  deathPlace(A,B):-nationality(A,B).\n', '-1.277633109760059  deathPlace(A,B):-placeOfDeath(A,B).\n', '-2.6100234264314497  deathPlace(A,B):-birthPlace(A,B).\n', '-2.0051271911265314  deathPlace(A,B):-deathplace(A,B).\n', '-1.4656181919347486  deathPlace(A,B):-restingPlace(A,B).\n', '-2.4443591562315246  deathPlace(A,B):-residence(A,B).\n']"
4913,Giuseppe_Castiglione_(1829–1908),Naples,"['-5.1765229437313165  deathPlace(A,B):-country(A,B).\n', '-3.967356875572056  deathPlace(A,B):-placeOfBirth(A,B).\n', '-2.6299125337605305  deathPlace(A,B):-nationality(A,B).\n', '-1.277633109760059  deathPlace(A,B):-placeOfDeath(A,B).\n', '-2.6100234264314497  deathPlace(A,B):-birthPlace(A,B).\n', '-2.0051271911265314  deathPlace(A,B):-deathplace(A,B).\n', '-1.4656181919347486  deathPlace(A,B):-restingPlace(A,B).\n', '-2.4443591562315246  deathPlace(A,B):-residence(A,B).\n']"
4626,George_Mason_II,English_people,"['-5.1765229437313165  deathPlace(A,B):-country(A,B).\n', '-2.6100234264314497  deathPlace(A,B):-birthPlace(A,B).\n', '-2.4443591562315246  deathPlace(A,B):-residence(A,B).\n']"
5472,Michael_Graves,Indianapolis,"['-5.1765229437313165  deathPlace(A,B):-country(A,B).\n', '-1.277633109760059  deathPlace(A,B):-placeOfDeath(A,B).\n', '-2.6100234264314497  deathPlace(A,B):-birthPlace(A,B).\n', '-2.0051271911265314  deathPlace(A,B):-deathplace(A,B).\n', '-2.4443591562315246  deathPlace(A,B):-residence(A,B).\n']"
3606,Jack_London,San_Francisco,"['-5.1765229437313165  deathPlace(A,B):-country(A,B).\n', '-3.967356875572056  deathPlace(A,B):-placeOfBirth(A,B).\n', '-2.6299125337605305  deathPlace(A,B):-nationality(A,B).\n', '-1.277633109760059  deathPlace(A,B):-placeOfDeath(A,B).\n', '-2.6100234264314497  deathPlace(A,B):-birthPlace(A,B).\n', '-2.0051271911265314  deathPlace(A,B):-deathplace(A,B).\n', '-1.4656181919347486  deathPlace(A,B):-restingPlace(A,B).\n', '-2.4443591562315246  deathPlace(A,B):-residence(A,B).\n']"
5314,Sofonisba_Anguissola,Cremona,"['-5.1765229437313165  deathPlace(A,B):-country(A,B).\n', '-3.967356875572056  deathPlace(A,B):-placeOfBirth(A,B).\n', '-2.6299125337605305  deathPlace(A,B):-nationality(A,B).\n', '-1.277633109760059  deathPlace(A,B):-placeOfDeath(A,B).\n', '-2.6100234264314497  deathPlace(A,B):-birthPlace(A,B).\n', '-2.0051271911265314  deathPlace(A,B):-deathplace(A,B).\n', '-1.4656181919347486  deathPlace(A,B):-restingPlace(A,B).\n', '-2.4443591562315246  deathPlace(A,B):-residence(A,B).\n']"
5358,Don_Barry_(Canadian_football),Alberta,"['-5.1765229437313165  deathPlace(A,B):-country(A,B).\n', '-3.967356875572056  deathPlace(A,B):-placeOfBirth(A,B).\n', '-2.6299125337605305  deathPlace(A,B):-nationality(A,B).\n', '-1.277633109760059  deathPlace(A,B):-placeOfDeath(A,B).\n', '-2.6100234264314497  deathPlace(A,B):-birthPlace(A,B).\n', '-2.0051271911265314  deathPlace(A,B):-deathplace(A,B).\n', '-1.4656181919347486  deathPlace(A,B):-restingPlace(A,B).\n', '-2.4443591562315246  deathPlace(A,B):-residence(A,B).\n']"
4223,Candi_Kubeck,Hollywood,"['-5.1765229437313165  deathPlace(A,B):-country(A,B).\n', '-3.967356875572056  deathPlace(A,B):-placeOfBirth(A,B).\n', '-2.6299125337605305  deathPlace(A,B):-nationality(A,B).\n', '-1.277633109760059  deathPlace(A,B):-placeOfDeath(A,B).\n', '-2.6100234264314497  deathPlace(A,B):-birthPlace(A,B).\n', '-2.0051271911265314  deathPlace(A,B):-deathplace(A,B).\n', '-1.4656181919347486  deathPlace(A,B):-restingPlace(A,B).\n', '-2.4443591562315246  deathPlace(A,B):-residence(A,B).\n']"
5535,William_IV_of_the_United_Kingdom,Buckingham_Palace,"['-5.1765229437313165  deathPlace(A,B):-country(A,B).\n', '-3.967356875572056  deathPlace(A,B):-placeOfBirth(A,B).\n', '-2.6299125337605305  deathPlace(A,B):-nationality(A,B).\n', '-1.277633109760059  deathPlace(A,B):-placeOfDeath(A,B).\n', '-2.6100234264314497  deathPlace(A,B):-birthPlace(A,B).\n', '-2.0051271911265314  deathPlace(A,B):-deathplace(A,B).\n', '-1.4656181919347486  deathPlace(A,B):-restingPlace(A,B).\n']"
3512,Raman_Lamba,Ireland_national_cricket_team,"['-5.1765229437313165  deathPlace(A,B):-country(A,B).\n', '-3.967356875572056  deathPlace(A,B):-placeOfBirth(A,B).\n', '-2.6299125337605305  deathPlace(A,B):-nationality(A,B).\n', '-1.277633109760059  deathPlace(A,B):-placeOfDeath(A,B).\n', '-2.6100234264314497  deathPlace(A,B):-birthPlace(A,B).\n', '-2.0051271911265314  deathPlace(A,B):-deathplace(A,B).\n', '-1.4656181919347486  deathPlace(A,B):-restingPlace(A,B).\n', '-2.4443591562315246  deathPlace(A,B):-residence(A,B).\n']"
3416,Charles_Brun_(France),France,"['-5.1765229437313165  deathPlace(A,B):-country(A,B).\n', '-3.967356875572056  deathPlace(A,B):-placeOfBirth(A,B).\n', '-2.6299125337605305  deathPlace(A,B):-nationality(A,B).\n', '-1.277633109760059  deathPlace(A,B):-placeOfDeath(A,B).\n', '-2.6100234264314497  deathPlace(A,B):-birthPlace(A,B).\n', '-2.0051271911265314  deathPlace(A,B):-deathplace(A,B).\n', '-1.4656181919347486  deathPlace(A,B):-restingPlace(A,B).\n', '-2.4443591562315246  deathPlace(A,B):-residence(A,B).\n']"
3655,Ashok_Kumar_(cinematographer),Allahabad,"['-2.6100234264314497  deathPlace(A,B):-birthPlace(A,B).\n']"
4139,L._Sprague_de_Camp,New_York_City,"['-5.1765229437313165  deathPlace(A,B):-country(A,B).\n', '-3.967356875572056  deathPlace(A,B):-placeOfBirth(A,B).\n', '-2.6100234264314497  deathPlace(A,B):-birthPlace(A,B).\n', '-1.4656181919347486  deathPlace(A,B):-restingPlace(A,B).\n']"
3777,Charles_Scott_(governor),Colony_of_Virginia,"['-5.1765229437313165  deathPlace(A,B):-country(A,B).\n', '-3.967356875572056  deathPlace(A,B):-placeOfBirth(A,B).\n', '-2.6299125337605305  deathPlace(A,B):-nationality(A,B).\n', '-1.277633109760059  deathPlace(A,B):-placeOfDeath(A,B).\n', '-2.6100234264314497  deathPlace(A,B):-birthPlace(A,B).\n', '-2.0051271911265314  deathPlace(A,B):-deathplace(A,B).\n', '-1.4656181919347486  deathPlace(A,B):-restingPlace(A,B).\n', '-2.4443591562315246  deathPlace(A,B):-residence(A,B).\n']"
3218,Archduke_John_of_Austria,Florence,"['-5.1765229437313165  deathPlace(A,B):-country(A,B).\n', '-3.967356875572056  deathPlace(A,B):-placeOfBirth(A,B).\n', '-2.6299125337605305  deathPlace(A,B):-nationality(A,B).\n', '-1.277633109760059  deathPlace(A,B):-placeOfDeath(A,B).\n', '-2.6100234264314497  deathPlace(A,B):-birthPlace(A,B).\n', '-2.0051271911265314  deathPlace(A,B):-deathplace(A,B).\n', '-1.4656181919347486  deathPlace(A,B):-restingPlace(A,B).\n', '-2.4443591562315246  deathPlace(A,B):-residence(A,B).\n']"
4730,Ignacio_Zuloaga,Spain,"['-5.1765229437313165  deathPlace(A,B):-country(A,B).\n', '-3.967356875572056  deathPlace(A,B):-placeOfBirth(A,B).\n', '-2.6299125337605305  deathPlace(A,B):-nationality(A,B).\n', '-1.277633109760059  deathPlace(A,B):-placeOfDeath(A,B).\n', '-2.6100234264314497  deathPlace(A,B):-birthPlace(A,B).\n', '-2.0051271911265314  deathPlace(A,B):-deathplace(A,B).\n', '-1.4656181919347486  deathPlace(A,B):-restingPlace(A,B).\n', '-2.4443591562315246  deathPlace(A,B):-residence(A,B).\n']"
5654,Thomas_Nast,Kingdom_of_Bavaria,"['-5.1765229437313165  deathPlace(A,B):-country(A,B).\n', '-3.967356875572056  deathPlace(A,B):-placeOfBirth(A,B).\n', '-2.6299125337605305  deathPlace(A,B):-nationality(A,B).\n', '-1.277633109760059  deathPlace(A,B):-placeOfDeath(A,B).\n', '-2.6100234264314497  deathPlace(A,B):-birthPlace(A,B).\n', '-2.0051271911265314  deathPlace(A,B):-deathplace(A,B).\n', '-1.4656181919347486  deathPlace(A,B):-restingPlace(A,B).\n', '-2.4443591562315246  deathPlace(A,B):-residence(A,B).\n']"
5464,George_Llewelyn_Davies,London,"['-5.1765229437313165  deathPlace(A,B):-country(A,B).\n', '-3.967356875572056  deathPlace(A,B):-placeOfBirth(A,B).\n', '-2.6299125337605305  deathPlace(A,B):-nationality(A,B).\n', '-1.277633109760059  deathPlace(A,B):-placeOfDeath(A,B).\n', '-2.6100234264314497  deathPlace(A,B):-birthPlace(A,B).\n', '-2.0051271911265314  deathPlace(A,B):-deathplace(A,B).\n', '-1.4656181919347486  deathPlace(A,B):-restingPlace(A,B).\n', '-2.4443591562315246  deathPlace(A,B):-residence(A,B).\n']"
4962,Brian_Horrocks,British_Raj,"['-5.1765229437313165  deathPlace(A,B):-country(A,B).\n', '-3.967356875572056  deathPlace(A,B):-placeOfBirth(A,B).\n', '-2.6299125337605305  deathPlace(A,B):-nationality(A,B).\n', '-1.277633109760059  deathPlace(A,B):-placeOfDeath(A,B).\n', '-2.6100234264314497  deathPlace(A,B):-birthPlace(A,B).\n', '-2.0051271911265314  deathPlace(A,B):-deathplace(A,B).\n', '-1.4656181919347486  deathPlace(A,B):-restingPlace(A,B).\n', '-2.4443591562315246  deathPlace(A,B):-residence(A,B).\n']"
5176,Bipan_Chandra,Stanford_University,"['-5.1765229437313165  deathPlace(A,B):-country(A,B).\n', '-3.967356875572056  deathPlace(A,B):-placeOfBirth(A,B).\n', '-2.6299125337605305  deathPlace(A,B):-nationality(A,B).\n', '-1.277633109760059  deathPlace(A,B):-placeOfDeath(A,B).\n', '-2.6100234264314497  deathPlace(A,B):-birthPlace(A,B).\n', '-2.0051271911265314  deathPlace(A,B):-deathplace(A,B).\n', '-1.4656181919347486  deathPlace(A,B):-restingPlace(A,B).\n', '-2.4443591562315246  deathPlace(A,B):-residence(A,B).\n']"
4129,Arthur_Robertson_(athlete),Great_Britain,"['-5.1765229437313165  deathPlace(A,B):-country(A,B).\n', '-3.967356875572056  deathPlace(A,B):-placeOfBirth(A,B).\n', '-2.6299125337605305  deathPlace(A,B):-nationality(A,B).\n', '-1.277633109760059  deathPlace(A,B):-placeOfDeath(A,B).\n', '-2.6100234264314497  deathPlace(A,B):-birthPlace(A,B).\n', '-2.0051271911265314  deathPlace(A,B):-deathplace(A,B).\n', '-1.4656181919347486  deathPlace(A,B):-restingPlace(A,B).\n', '-2.4443591562315246  deathPlace(A,B):-residence(A,B).\n']"
3498,Anne_Claude_de_Caylus,France,"['-5.1765229437313165  deathPlace(A,B):-country(A,B).\n', '-3.967356875572056  deathPlace(A,B):-placeOfBirth(A,B).\n', '-2.6299125337605305  deathPlace(A,B):-nationality(A,B).\n', '-1.277633109760059  deathPlace(A,B):-placeOfDeath(A,B).\n', '-2.6100234264314497  deathPlace(A,B):-birthPlace(A,B).\n', '-2.0051271911265314  deathPlace(A,B):-deathplace(A,B).\n', '-1.4656181919347486  deathPlace(A,B):-restingPlace(A,B).\n', '-2.4443591562315246  deathPlace(A,B):-residence(A,B).\n']"
5188,Henry_Thomas_(boxer),Birmingham,"['-5.1765229437313165  deathPlace(A,B):-country(A,B).\n', '-3.967356875572056  deathPlace(A,B):-placeOfBirth(A,B).\n', '-2.6299125337605305  deathPlace(A,B):-nationality(A,B).\n', '-1.277633109760059  deathPlace(A,B):-placeOfDeath(A,B).\n', '-2.6100234264314497  deathPlace(A,B):-birthPlace(A,B).\n', '-2.0051271911265314  deathPlace(A,B):-deathplace(A,B).\n', '-1.4656181919347486  deathPlace(A,B):-restingPlace(A,B).\n', '-2.4443591562315246  deathPlace(A,B):-residence(A,B).\n']"
3930,Grand_Duchess_Olga_Alexandrovna_of_Russia,Russian_Empire,"['-5.1765229437313165  deathPlace(A,B):-country(A,B).\n', '-3.967356875572056  deathPlace(A,B):-placeOfBirth(A,B).\n', '-2.6299125337605305  deathPlace(A,B):-nationality(A,B).\n', '-1.277633109760059  deathPlace(A,B):-placeOfDeath(A,B).\n', '-2.6100234264314497  deathPlace(A,B):-birthPlace(A,B).\n', '-2.0051271911265314  deathPlace(A,B):-deathplace(A,B).\n', '-1.4656181919347486  deathPlace(A,B):-restingPlace(A,B).\n', '-2.4443591562315246  deathPlace(A,B):-residence(A,B).\n']"
5155,Laxmi_Raman_Acharya,Rajasthan,"['-5.1765229437313165  deathPlace(A,B):-country(A,B).\n', '-3.967356875572056  deathPlace(A,B):-placeOfBirth(A,B).\n', '-2.6299125337605305  deathPlace(A,B):-nationality(A,B).\n', '-1.277633109760059  deathPlace(A,B):-placeOfDeath(A,B).\n', '-2.6100234264314497  deathPlace(A,B):-birthPlace(A,B).\n', '-2.0051271911265314  deathPlace(A,B):-deathplace(A,B).\n', '-1.4656181919347486  deathPlace(A,B):-restingPlace(A,B).\n', '-2.4443591562315246  deathPlace(A,B):-residence(A,B).\n']"
4132,Urho_Kekkonen,Grand_Duchy_of_Finland,"['-3.967356875572056  deathPlace(A,B):-placeOfBirth(A,B).\n', '-2.6299125337605305  deathPlace(A,B):-nationality(A,B).\n', '-1.277633109760059  deathPlace(A,B):-placeOfDeath(A,B).\n', '-2.6100234264314497  deathPlace(A,B):-birthPlace(A,B).\n', '-2.0051271911265314  deathPlace(A,B):-deathplace(A,B).\n', '-1.4656181919347486  deathPlace(A,B):-restingPlace(A,B).\n', '-2.4443591562315246  deathPlace(A,B):-residence(A,B).\n']"
3395,Strom_Thurmond,United_States_of_America,"['-5.1765229437313165  deathPlace(A,B):-country(A,B).\n', '-3.967356875572056  deathPlace(A,B):-placeOfBirth(A,B).\n', '-2.6299125337605305  deathPlace(A,B):-nationality(A,B).\n', '-1.277633109760059  deathPlace(A,B):-placeOfDeath(A,B).\n', '-2.6100234264314497  deathPlace(A,B):-birthPlace(A,B).\n', '-2.0051271911265314  deathPlace(A,B):-deathplace(A,B).\n', '-1.4656181919347486  deathPlace(A,B):-restingPlace(A,B).\n', '-2.4443591562315246  deathPlace(A,B):-residence(A,B).\n']"
3190,Pope_Paul_IV,Kingdom_of_Naples,"['-2.6100234264314497  deathPlace(A,B):-birthPlace(A,B).\n']"
3369,Hildegard_Knef,Ulm,"['-5.1765229437313165  deathPlace(A,B):-country(A,B).\n', '-3.967356875572056  deathPlace(A,B):-placeOfBirth(A,B).\n', '-2.6299125337605305  deathPlace(A,B):-nationality(A,B).\n', '-1.277633109760059  deathPlace(A,B):-placeOfDeath(A,B).\n', '-2.6100234264314497  deathPlace(A,B):-birthPlace(A,B).\n', '-2.0051271911265314  deathPlace(A,B):-deathplace(A,B).\n', '-1.4656181919347486  deathPlace(A,B):-restingPlace(A,B).\n', '-2.4443591562315246  deathPlace(A,B):-residence(A,B).\n']"
3577,Thomas_McKean,Province_of_Pennsylvania,"['-2.6100234264314497  deathPlace(A,B):-birthPlace(A,B).\n']"
3602,Han_van_Meegeren,Heart_attack,"['-3.967356875572056  deathPlace(A,B):-placeOfBirth(A,B).\n', '-2.0051271911265314  deathPlace(A,B):-deathplace(A,B).\n', '-1.4656181919347486  deathPlace(A,B):-restingPlace(A,B).\n']"
3108,Abraham_de_Moivre,Vitry-le-François,"['-5.1765229437313165  deathPlace(A,B):-country(A,B).\n', '-2.6299125337605305  deathPlace(A,B):-nationality(A,B).\n', '-2.6100234264314497  deathPlace(A,B):-birthPlace(A,B).\n', '-1.4656181919347486  deathPlace(A,B):-restingPlace(A,B).\n']"
5150,Fabian_Gottlieb_von_Bellingshausen,Saaremaa,"['-5.1765229437313165  deathPlace(A,B):-country(A,B).\n', '-3.967356875572056  deathPlace(A,B):-placeOfBirth(A,B).\n', '-2.6299125337605305  deathPlace(A,B):-nationality(A,B).\n', '-1.277633109760059  deathPlace(A,B):-placeOfDeath(A,B).\n', '-2.6100234264314497  deathPlace(A,B):-birthPlace(A,B).\n', '-2.0051271911265314  deathPlace(A,B):-deathplace(A,B).\n', '-1.4656181919347486  deathPlace(A,B):-restingPlace(A,B).\n', '-2.4443591562315246  deathPlace(A,B):-residence(A,B).\n']"
4449,Kenzō_Tange,Osaka,"['-3.967356875572056  deathPlace(A,B):-placeOfBirth(A,B).\n', '-2.6299125337605305  deathPlace(A,B):-nationality(A,B).\n', '-1.277633109760059  deathPlace(A,B):-placeOfDeath(A,B).\n', '-2.0051271911265314  deathPlace(A,B):-deathplace(A,B).\n', '-1.4656181919347486  deathPlace(A,B):-restingPlace(A,B).\n', '-2.4443591562315246  deathPlace(A,B):-residence(A,B).\n']"
5159,Tony_Hancock,Birmingham,"['-5.1765229437313165  deathPlace(A,B):-country(A,B).\n', '-3.967356875572056  deathPlace(A,B):-placeOfBirth(A,B).\n', '-1.277633109760059  deathPlace(A,B):-placeOfDeath(A,B).\n', '-2.6100234264314497  deathPlace(A,B):-birthPlace(A,B).\n', '-2.0051271911265314  deathPlace(A,B):-deathplace(A,B).\n', '-1.4656181919347486  deathPlace(A,B):-restingPlace(A,B).\n', '-2.4443591562315246  deathPlace(A,B):-residence(A,B).\n']"
5795,Henry_Williams_(Massachusetts),Massachusetts's_10th_congressional_district,"['-5.1765229437313165  deathPlace(A,B):-country(A,B).\n', '-3.967356875572056  deathPlace(A,B):-placeOfBirth(A,B).\n', '-2.6299125337605305  deathPlace(A,B):-nationality(A,B).\n', '-1.277633109760059  deathPlace(A,B):-placeOfDeath(A,B).\n', '-2.6100234264314497  deathPlace(A,B):-birthPlace(A,B).\n', '-2.0051271911265314  deathPlace(A,B):-deathplace(A,B).\n', '-1.4656181919347486  deathPlace(A,B):-restingPlace(A,B).\n', '-2.4443591562315246  deathPlace(A,B):-residence(A,B).\n']"
4846,William_Radcliffe_Birt,London,"['-2.6100234264314497  deathPlace(A,B):-birthPlace(A,B).\n']"
4498,Bernardo_Soto_Alfaro,Alajuela,"['-5.1765229437313165  deathPlace(A,B):-country(A,B).\n', '-3.967356875572056  deathPlace(A,B):-placeOfBirth(A,B).\n', '-2.6299125337605305  deathPlace(A,B):-nationality(A,B).\n', '-1.277633109760059  deathPlace(A,B):-placeOfDeath(A,B).\n', '-2.0051271911265314  deathPlace(A,B):-deathplace(A,B).\n', '-1.4656181919347486  deathPlace(A,B):-restingPlace(A,B).\n', '-2.4443591562315246  deathPlace(A,B):-residence(A,B).\n']"
3847,Bagrat_III_of_Georgia,Kutaisi,"['-5.1765229437313165  deathPlace(A,B):-country(A,B).\n', '-3.967356875572056  deathPlace(A,B):-placeOfBirth(A,B).\n', '-2.6299125337605305  deathPlace(A,B):-nationality(A,B).\n', '-1.277633109760059  deathPlace(A,B):-placeOfDeath(A,B).\n', '-2.6100234264314497  deathPlace(A,B):-birthPlace(A,B).\n', '-2.0051271911265314  deathPlace(A,B):-deathplace(A,B).\n', '-1.4656181919347486  deathPlace(A,B):-restingPlace(A,B).\n', '-2.4443591562315246  deathPlace(A,B):-residence(A,B).\n']"
4728,Elvira_Quintana,Second_Spanish_Republic,"['-2.6100234264314497  deathPlace(A,B):-birthPlace(A,B).\n']"
5725,Francis_McClean,Westminster,"['-2.6299125337605305  deathPlace(A,B):-nationality(A,B).\n', '-2.6100234264314497  deathPlace(A,B):-birthPlace(A,B).\n', '-2.4443591562315246  deathPlace(A,B):-residence(A,B).\n']"
3422,Lloyd_Alexander,Philadelphia,"['-5.1765229437313165  deathPlace(A,B):-country(A,B).\n', '-3.967356875572056  deathPlace(A,B):-placeOfBirth(A,B).\n', '-2.6299125337605305  deathPlace(A,B):-nationality(A,B).\n', '-1.277633109760059  deathPlace(A,B):-placeOfDeath(A,B).\n', '-2.6100234264314497  deathPlace(A,B):-birthPlace(A,B).\n', '-2.0051271911265314  deathPlace(A,B):-deathplace(A,B).\n', '-1.4656181919347486  deathPlace(A,B):-restingPlace(A,B).\n', '-2.4443591562315246  deathPlace(A,B):-residence(A,B).\n']"
5737,Trofim_Lysenko,Poltava_Governorate,"['-5.1765229437313165  deathPlace(A,B):-country(A,B).\n', '-3.967356875572056  deathPlace(A,B):-placeOfBirth(A,B).\n', '-2.6299125337605305  deathPlace(A,B):-nationality(A,B).\n', '-1.277633109760059  deathPlace(A,B):-placeOfDeath(A,B).\n', '-2.6100234264314497  deathPlace(A,B):-birthPlace(A,B).\n', '-2.0051271911265314  deathPlace(A,B):-deathplace(A,B).\n', '-1.4656181919347486  deathPlace(A,B):-restingPlace(A,B).\n', '-2.4443591562315246  deathPlace(A,B):-residence(A,B).\n']"
4271,Francisco_Noronha,Seville,"['-5.1765229437313165  deathPlace(A,B):-country(A,B).\n', '-3.967356875572056  deathPlace(A,B):-placeOfBirth(A,B).\n', '-2.6299125337605305  deathPlace(A,B):-nationality(A,B).\n', '-1.277633109760059  deathPlace(A,B):-placeOfDeath(A,B).\n', '-2.6100234264314497  deathPlace(A,B):-birthPlace(A,B).\n', '-2.0051271911265314  deathPlace(A,B):-deathplace(A,B).\n', '-1.4656181919347486  deathPlace(A,B):-restingPlace(A,B).\n', '-2.4443591562315246  deathPlace(A,B):-residence(A,B).\n']"
5707,Georg_Lindemann,Osterburg_(Altmark),"['-5.1765229437313165  deathPlace(A,B):-country(A,B).\n', '-3.967356875572056  deathPlace(A,B):-placeOfBirth(A,B).\n', '-2.6299125337605305  deathPlace(A,B):-nationality(A,B).\n', '-1.277633109760059  deathPlace(A,B):-placeOfDeath(A,B).\n', '-2.6100234264314497  deathPlace(A,B):-birthPlace(A,B).\n', '-2.0051271911265314  deathPlace(A,B):-deathplace(A,B).\n', '-1.4656181919347486  deathPlace(A,B):-restingPlace(A,B).\n', '-2.4443591562315246  deathPlace(A,B):-residence(A,B).\n']"
5461,Ulugh_Beg,Soltaniyeh,"['-5.1765229437313165  deathPlace(A,B):-country(A,B).\n', '-3.967356875572056  deathPlace(A,B):-placeOfBirth(A,B).\n', '-2.6299125337605305  deathPlace(A,B):-nationality(A,B).\n', '-1.277633109760059  deathPlace(A,B):-placeOfDeath(A,B).\n', '-2.6100234264314497  deathPlace(A,B):-birthPlace(A,B).\n', '-2.0051271911265314  deathPlace(A,B):-deathplace(A,B).\n', '-1.4656181919347486  deathPlace(A,B):-restingPlace(A,B).\n', '-2.4443591562315246  deathPlace(A,B):-residence(A,B).\n']"
3236,Dash_Snow,United_States,"['-3.967356875572056  deathPlace(A,B):-placeOfBirth(A,B).\n', '-1.277633109760059  deathPlace(A,B):-placeOfDeath(A,B).\n', '-2.6100234264314497  deathPlace(A,B):-birthPlace(A,B).\n', '-2.0051271911265314  deathPlace(A,B):-deathplace(A,B).\n', '-1.4656181919347486  deathPlace(A,B):-restingPlace(A,B).\n', '-2.4443591562315246  deathPlace(A,B):-residence(A,B).\n']"
4512,Robert_Travers_Atkin,County_Cork,"['-5.1765229437313165  deathPlace(A,B):-country(A,B).\n', '-3.967356875572056  deathPlace(A,B):-placeOfBirth(A,B).\n', '-2.6299125337605305  deathPlace(A,B):-nationality(A,B).\n', '-1.277633109760059  deathPlace(A,B):-placeOfDeath(A,B).\n', '-2.6100234264314497  deathPlace(A,B):-birthPlace(A,B).\n', '-2.0051271911265314  deathPlace(A,B):-deathplace(A,B).\n', '-1.4656181919347486  deathPlace(A,B):-restingPlace(A,B).\n', '-2.4443591562315246  deathPlace(A,B):-residence(A,B).\n']"
4121,David_Lloyd_George,Chorlton-on-Medlock,"['-5.1765229437313165  deathPlace(A,B):-country(A,B).\n', '-2.6299125337605305  deathPlace(A,B):-nationality(A,B).\n', '-1.277633109760059  deathPlace(A,B):-placeOfDeath(A,B).\n', '-1.4656181919347486  deathPlace(A,B):-restingPlace(A,B).\n']"
5577,Xerxes_I,Iran,"['-5.1765229437313165  deathPlace(A,B):-country(A,B).\n', '-2.6299125337605305  deathPlace(A,B):-nationality(A,B).\n', '-1.277633109760059  deathPlace(A,B):-placeOfDeath(A,B).\n', '-2.6100234264314497  deathPlace(A,B):-birthPlace(A,B).\n', '-2.0051271911265314  deathPlace(A,B):-deathplace(A,B).\n', '-1.4656181919347486  deathPlace(A,B):-restingPlace(A,B).\n']"
4310,Hem_Vejakorn,Phra_Nakhon_District,"['-3.967356875572056  deathPlace(A,B):-placeOfBirth(A,B).\n', '-2.6299125337605305  deathPlace(A,B):-nationality(A,B).\n', '-1.277633109760059  deathPlace(A,B):-placeOfDeath(A,B).\n', '-2.6100234264314497  deathPlace(A,B):-birthPlace(A,B).\n', '-1.4656181919347486  deathPlace(A,B):-restingPlace(A,B).\n']"
3620,Vitus_Bering,Denmark,"['-5.1765229437313165  deathPlace(A,B):-country(A,B).\n', '-3.967356875572056  deathPlace(A,B):-placeOfBirth(A,B).\n', '-2.6299125337605305  deathPlace(A,B):-nationality(A,B).\n', '-1.277633109760059  deathPlace(A,B):-placeOfDeath(A,B).\n', '-2.6100234264314497  deathPlace(A,B):-birthPlace(A,B).\n', '-2.0051271911265314  deathPlace(A,B):-deathplace(A,B).\n', '-1.4656181919347486  deathPlace(A,B):-restingPlace(A,B).\n', '-2.4443591562315246  deathPlace(A,B):-residence(A,B).\n']"
5430,Saul_Bellow,Boston_University,"['-5.1765229437313165  deathPlace(A,B):-country(A,B).\n', '-3.967356875572056  deathPlace(A,B):-placeOfBirth(A,B).\n', '-2.6299125337605305  deathPlace(A,B):-nationality(A,B).\n', '-1.277633109760059  deathPlace(A,B):-placeOfDeath(A,B).\n', '-2.6100234264314497  deathPlace(A,B):-birthPlace(A,B).\n', '-2.0051271911265314  deathPlace(A,B):-deathplace(A,B).\n', '-1.4656181919347486  deathPlace(A,B):-restingPlace(A,B).\n', '-2.4443591562315246  deathPlace(A,B):-residence(A,B).\n']"
4177,William_Hartnell,Actor,[]
3307,Oswald_of_Northumbria,Northumbria,"['-5.1765229437313165  deathPlace(A,B):-country(A,B).\n', '-3.967356875572056  deathPlace(A,B):-placeOfBirth(A,B).\n', '-2.6299125337605305  deathPlace(A,B):-nationality(A,B).\n', '-1.277633109760059  deathPlace(A,B):-placeOfDeath(A,B).\n', '-2.6100234264314497  deathPlace(A,B):-birthPlace(A,B).\n', '-2.0051271911265314  deathPlace(A,B):-deathplace(A,B).\n', '-1.4656181919347486  deathPlace(A,B):-restingPlace(A,B).\n', '-2.4443591562315246  deathPlace(A,B):-residence(A,B).\n']"
5623,Derek_Roy_(comedian),London,"['-3.967356875572056  deathPlace(A,B):-placeOfBirth(A,B).\n', '-2.6299125337605305  deathPlace(A,B):-nationality(A,B).\n', '-1.277633109760059  deathPlace(A,B):-placeOfDeath(A,B).\n', '-2.6100234264314497  deathPlace(A,B):-birthPlace(A,B).\n', '-2.4443591562315246  deathPlace(A,B):-residence(A,B).\n']"
3671,Sun_Tzu,Shandong,"['-5.1765229437313165  deathPlace(A,B):-country(A,B).\n', '-3.967356875572056  deathPlace(A,B):-placeOfBirth(A,B).\n', '-2.6299125337605305  deathPlace(A,B):-nationality(A,B).\n', '-1.277633109760059  deathPlace(A,B):-placeOfDeath(A,B).\n', '-2.6100234264314497  deathPlace(A,B):-birthPlace(A,B).\n', '-2.0051271911265314  deathPlace(A,B):-deathplace(A,B).\n', '-1.4656181919347486  deathPlace(A,B):-restingPlace(A,B).\n', '-2.4443591562315246  deathPlace(A,B):-residence(A,B).\n']"
3281,James_Kerr_(Pennsylvania),Pennsylvania,"['-5.1765229437313165  deathPlace(A,B):-country(A,B).\n', '-3.967356875572056  deathPlace(A,B):-placeOfBirth(A,B).\n', '-2.6299125337605305  deathPlace(A,B):-nationality(A,B).\n', '-1.277633109760059  deathPlace(A,B):-placeOfDeath(A,B).\n', '-2.6100234264314497  deathPlace(A,B):-birthPlace(A,B).\n', '-2.0051271911265314  deathPlace(A,B):-deathplace(A,B).\n', '-1.4656181919347486  deathPlace(A,B):-restingPlace(A,B).\n', '-2.4443591562315246  deathPlace(A,B):-residence(A,B).\n']"
3305,Henry_Daniell,London,"['-5.1765229437313165  deathPlace(A,B):-country(A,B).\n', '-3.967356875572056  deathPlace(A,B):-placeOfBirth(A,B).\n', '-2.6299125337605305  deathPlace(A,B):-nationality(A,B).\n', '-1.277633109760059  deathPlace(A,B):-placeOfDeath(A,B).\n', '-2.6100234264314497  deathPlace(A,B):-birthPlace(A,B).\n', '-2.0051271911265314  deathPlace(A,B):-deathplace(A,B).\n', '-1.4656181919347486  deathPlace(A,B):-restingPlace(A,B).\n', '-2.4443591562315246  deathPlace(A,B):-residence(A,B).\n']"
5220,Daniel_Bernoulli,Switzerland,"['-5.1765229437313165  deathPlace(A,B):-country(A,B).\n', '-2.6299125337605305  deathPlace(A,B):-nationality(A,B).\n', '-2.4443591562315246  deathPlace(A,B):-residence(A,B).\n']"
4552,Ian_Curtis,Lancashire,"['-3.967356875572056  deathPlace(A,B):-placeOfBirth(A,B).\n', '-2.6299125337605305  deathPlace(A,B):-nationality(A,B).\n', '-1.277633109760059  deathPlace(A,B):-placeOfDeath(A,B).\n', '-2.6100234264314497  deathPlace(A,B):-birthPlace(A,B).\n', '-2.0051271911265314  deathPlace(A,B):-deathplace(A,B).\n', '-1.4656181919347486  deathPlace(A,B):-restingPlace(A,B).\n', '-2.4443591562315246  deathPlace(A,B):-residence(A,B).\n']"
3801,Arthur_Watkin,Forward_(association_football),"['-5.1765229437313165  deathPlace(A,B):-country(A,B).\n', '-3.967356875572056  deathPlace(A,B):-placeOfBirth(A,B).\n', '-2.6299125337605305  deathPlace(A,B):-nationality(A,B).\n', '-1.277633109760059  deathPlace(A,B):-placeOfDeath(A,B).\n', '-2.6100234264314497  deathPlace(A,B):-birthPlace(A,B).\n', '-2.0051271911265314  deathPlace(A,B):-deathplace(A,B).\n', '-1.4656181919347486  deathPlace(A,B):-restingPlace(A,B).\n', '-2.4443591562315246  deathPlace(A,B):-residence(A,B).\n']"
4986,Ignaz_Brüll,Prostějov,[]
3130,Carl_H._Eigenmann,Germany,"['-5.1765229437313165  deathPlace(A,B):-country(A,B).\n', '-3.967356875572056  deathPlace(A,B):-placeOfBirth(A,B).\n', '-2.6299125337605305  deathPlace(A,B):-nationality(A,B).\n', '-1.277633109760059  deathPlace(A,B):-placeOfDeath(A,B).\n', '-2.6100234264314497  deathPlace(A,B):-birthPlace(A,B).\n', '-2.0051271911265314  deathPlace(A,B):-deathplace(A,B).\n', '-1.4656181919347486  deathPlace(A,B):-restingPlace(A,B).\n', '-2.4443591562315246  deathPlace(A,B):-residence(A,B).\n']"
4216,Casimir_IV_Jagiellon,Poland,"['-1.4656181919347486  deathPlace(A,B):-restingPlace(A,B).\n', '-2.4443591562315246  deathPlace(A,B):-residence(A,B).\n']"
4534,Alfred_Rosenberg,Russian_Empire,[]
5569,Utah_Phillips,Cleveland,"['-5.1765229437313165  deathPlace(A,B):-country(A,B).\n', '-3.967356875572056  deathPlace(A,B):-placeOfBirth(A,B).\n', '-2.6299125337605305  deathPlace(A,B):-nationality(A,B).\n', '-1.277633109760059  deathPlace(A,B):-placeOfDeath(A,B).\n', '-2.6100234264314497  deathPlace(A,B):-birthPlace(A,B).\n', '-2.0051271911265314  deathPlace(A,B):-deathplace(A,B).\n', '-1.4656181919347486  deathPlace(A,B):-restingPlace(A,B).\n', '-2.4443591562315246  deathPlace(A,B):-residence(A,B).\n']"
3448,Nicolas_Freeling,London,"['-5.1765229437313165  deathPlace(A,B):-country(A,B).\n', '-3.967356875572056  deathPlace(A,B):-placeOfBirth(A,B).\n', '-2.6299125337605305  deathPlace(A,B):-nationality(A,B).\n', '-1.277633109760059  deathPlace(A,B):-placeOfDeath(A,B).\n', '-2.6100234264314497  deathPlace(A,B):-birthPlace(A,B).\n', '-2.0051271911265314  deathPlace(A,B):-deathplace(A,B).\n', '-1.4656181919347486  deathPlace(A,B):-restingPlace(A,B).\n', '-2.4443591562315246  deathPlace(A,B):-residence(A,B).\n']"
3474,Peter_Walker_(racing_driver),Leeds,"['-5.1765229437313165  deathPlace(A,B):-country(A,B).\n', '-3.967356875572056  deathPlace(A,B):-placeOfBirth(A,B).\n', '-2.6299125337605305  deathPlace(A,B):-nationality(A,B).\n', '-1.277633109760059  deathPlace(A,B):-placeOfDeath(A,B).\n', '-2.6100234264314497  deathPlace(A,B):-birthPlace(A,B).\n', '-2.0051271911265314  deathPlace(A,B):-deathplace(A,B).\n', '-1.4656181919347486  deathPlace(A,B):-restingPlace(A,B).\n']"
5572,Alexander_King_(scientist),Glasgow,"['-5.1765229437313165  deathPlace(A,B):-country(A,B).\n', '-2.6100234264314497  deathPlace(A,B):-birthPlace(A,B).\n', '-2.4443591562315246  deathPlace(A,B):-residence(A,B).\n']"
3466,Antonio_Gramsci,Sardinia,"['-5.1765229437313165  deathPlace(A,B):-country(A,B).\n', '-1.277633109760059  deathPlace(A,B):-placeOfDeath(A,B).\n', '-2.6100234264314497  deathPlace(A,B):-birthPlace(A,B).\n', '-2.0051271911265314  deathPlace(A,B):-deathplace(A,B).\n', '-1.4656181919347486  deathPlace(A,B):-restingPlace(A,B).\n', '-2.4443591562315246  deathPlace(A,B):-residence(A,B).\n']"
5955,Wojciech_Kilar,Poles,"['-5.1765229437313165  deathPlace(A,B):-country(A,B).\n', '-3.967356875572056  deathPlace(A,B):-placeOfBirth(A,B).\n', '-2.6299125337605305  deathPlace(A,B):-nationality(A,B).\n', '-1.277633109760059  deathPlace(A,B):-placeOfDeath(A,B).\n', '-2.6100234264314497  deathPlace(A,B):-birthPlace(A,B).\n', '-2.0051271911265314  deathPlace(A,B):-deathplace(A,B).\n', '-1.4656181919347486  deathPlace(A,B):-restingPlace(A,B).\n', '-2.4443591562315246  deathPlace(A,B):-residence(A,B).\n']"
5639,George_Mason_III,Virginia,"['-5.1765229437313165  deathPlace(A,B):-country(A,B).\n', '-3.967356875572056  deathPlace(A,B):-placeOfBirth(A,B).\n', '-2.6299125337605305  deathPlace(A,B):-nationality(A,B).\n', '-1.277633109760059  deathPlace(A,B):-placeOfDeath(A,B).\n', '-2.6100234264314497  deathPlace(A,B):-birthPlace(A,B).\n', '-2.0051271911265314  deathPlace(A,B):-deathplace(A,B).\n', '-1.4656181919347486  deathPlace(A,B):-restingPlace(A,B).\n', '-2.4443591562315246  deathPlace(A,B):-residence(A,B).\n']"
4779,George_Mills_(RAF_officer),London,"['-5.1765229437313165  deathPlace(A,B):-country(A,B).\n', '-3.967356875572056  deathPlace(A,B):-placeOfBirth(A,B).\n', '-2.6299125337605305  deathPlace(A,B):-nationality(A,B).\n', '-1.277633109760059  deathPlace(A,B):-placeOfDeath(A,B).\n', '-2.6100234264314497  deathPlace(A,B):-birthPlace(A,B).\n', '-2.0051271911265314  deathPlace(A,B):-deathplace(A,B).\n', '-1.4656181919347486  deathPlace(A,B):-restingPlace(A,B).\n', '-2.4443591562315246  deathPlace(A,B):-residence(A,B).\n']"
4259,Alfred_Richard_Orage,West_Riding_of_Yorkshire,"['-2.6100234264314497  deathPlace(A,B):-birthPlace(A,B).\n']"
3389,John_Herschel,Westminster_Abbey,"['-5.1765229437313165  deathPlace(A,B):-country(A,B).\n', '-3.967356875572056  deathPlace(A,B):-placeOfBirth(A,B).\n', '-2.6299125337605305  deathPlace(A,B):-nationality(A,B).\n', '-1.277633109760059  deathPlace(A,B):-placeOfDeath(A,B).\n', '-2.6100234264314497  deathPlace(A,B):-birthPlace(A,B).\n', '-2.0051271911265314  deathPlace(A,B):-deathplace(A,B).\n', '-1.4656181919347486  deathPlace(A,B):-restingPlace(A,B).\n', '-2.4443591562315246  deathPlace(A,B):-residence(A,B).\n']"
3374,George_Barnes_(Australian_politician),Victoria_(Australia),"['-1.4656181919347486  deathPlace(A,B):-restingPlace(A,B).\n']"
5349,Louis_I_of_Hungary,Visegrád,"['-5.1765229437313165  deathPlace(A,B):-country(A,B).\n', '-3.967356875572056  deathPlace(A,B):-placeOfBirth(A,B).\n', '-2.6299125337605305  deathPlace(A,B):-nationality(A,B).\n', '-1.277633109760059  deathPlace(A,B):-placeOfDeath(A,B).\n', '-2.6100234264314497  deathPlace(A,B):-birthPlace(A,B).\n', '-2.0051271911265314  deathPlace(A,B):-deathplace(A,B).\n', '-1.4656181919347486  deathPlace(A,B):-restingPlace(A,B).\n', '-2.4443591562315246  deathPlace(A,B):-residence(A,B).\n']"
4297,George_Cheyne_(physician),Aberdeenshire,"['-5.1765229437313165  deathPlace(A,B):-country(A,B).\n', '-3.967356875572056  deathPlace(A,B):-placeOfBirth(A,B).\n', '-2.6299125337605305  deathPlace(A,B):-nationality(A,B).\n', '-1.277633109760059  deathPlace(A,B):-placeOfDeath(A,B).\n', '-2.6100234264314497  deathPlace(A,B):-birthPlace(A,B).\n', '-2.0051271911265314  deathPlace(A,B):-deathplace(A,B).\n', '-1.4656181919347486  deathPlace(A,B):-restingPlace(A,B).\n', '-2.4443591562315246  deathPlace(A,B):-residence(A,B).\n']"
5817,Hedd_Wyn,Wales,"['-5.1765229437313165  deathPlace(A,B):-country(A,B).\n', '-3.967356875572056  deathPlace(A,B):-placeOfBirth(A,B).\n', '-2.6299125337605305  deathPlace(A,B):-nationality(A,B).\n', '-1.277633109760059  deathPlace(A,B):-placeOfDeath(A,B).\n', '-2.6100234264314497  deathPlace(A,B):-birthPlace(A,B).\n', '-2.0051271911265314  deathPlace(A,B):-deathplace(A,B).\n', '-1.4656181919347486  deathPlace(A,B):-restingPlace(A,B).\n', '-2.4443591562315246  deathPlace(A,B):-residence(A,B).\n']"
5010,Peter_Minuit,Holy_Roman_Empire,"['-2.6100234264314497  deathPlace(A,B):-birthPlace(A,B).\n']"
3802,Saddam_Hussein,Coalition_Provisional_Authority,"['-5.1765229437313165  deathPlace(A,B):-country(A,B).\n', '-3.967356875572056  deathPlace(A,B):-placeOfBirth(A,B).\n', '-2.6299125337605305  deathPlace(A,B):-nationality(A,B).\n', '-1.277633109760059  deathPlace(A,B):-placeOfDeath(A,B).\n', '-2.6100234264314497  deathPlace(A,B):-birthPlace(A,B).\n', '-2.0051271911265314  deathPlace(A,B):-deathplace(A,B).\n', '-1.4656181919347486  deathPlace(A,B):-restingPlace(A,B).\n', '-2.4443591562315246  deathPlace(A,B):-residence(A,B).\n']"
5893,Sigrid_Undset,Kalundborg,"['-5.1765229437313165  deathPlace(A,B):-country(A,B).\n', '-3.967356875572056  deathPlace(A,B):-placeOfBirth(A,B).\n', '-2.6299125337605305  deathPlace(A,B):-nationality(A,B).\n', '-1.277633109760059  deathPlace(A,B):-placeOfDeath(A,B).\n', '-2.6100234264314497  deathPlace(A,B):-birthPlace(A,B).\n', '-2.0051271911265314  deathPlace(A,B):-deathplace(A,B).\n', '-1.4656181919347486  deathPlace(A,B):-restingPlace(A,B).\n', '-2.4443591562315246  deathPlace(A,B):-residence(A,B).\n']"
4937,Edward_Higgins_White,Texas,[]
3886,Karl_Friedrich_von_Steinmetz,Thuringia,"['-5.1765229437313165  deathPlace(A,B):-country(A,B).\n', '-3.967356875572056  deathPlace(A,B):-placeOfBirth(A,B).\n', '-2.6299125337605305  deathPlace(A,B):-nationality(A,B).\n', '-1.277633109760059  deathPlace(A,B):-placeOfDeath(A,B).\n', '-2.6100234264314497  deathPlace(A,B):-birthPlace(A,B).\n', '-2.0051271911265314  deathPlace(A,B):-deathplace(A,B).\n', '-1.4656181919347486  deathPlace(A,B):-restingPlace(A,B).\n', '-2.4443591562315246  deathPlace(A,B):-residence(A,B).\n']"
4546,Adalbert_of_Magdeburg,Lorraine,"['-5.1765229437313165  deathPlace(A,B):-country(A,B).\n', '-3.967356875572056  deathPlace(A,B):-placeOfBirth(A,B).\n', '-2.6299125337605305  deathPlace(A,B):-nationality(A,B).\n', '-1.277633109760059  deathPlace(A,B):-placeOfDeath(A,B).\n', '-2.6100234264314497  deathPlace(A,B):-birthPlace(A,B).\n', '-2.0051271911265314  deathPlace(A,B):-deathplace(A,B).\n', '-1.4656181919347486  deathPlace(A,B):-restingPlace(A,B).\n', '-2.4443591562315246  deathPlace(A,B):-residence(A,B).\n']"
5770,Trofim_Lysenko,Russian_Empire,[]
3015,Vasco_da_Gama,Alentejo,"['-5.1765229437313165  deathPlace(A,B):-country(A,B).\n', '-3.967356875572056  deathPlace(A,B):-placeOfBirth(A,B).\n', '-2.6299125337605305  deathPlace(A,B):-nationality(A,B).\n', '-1.277633109760059  deathPlace(A,B):-placeOfDeath(A,B).\n', '-2.6100234264314497  deathPlace(A,B):-birthPlace(A,B).\n', '-2.0051271911265314  deathPlace(A,B):-deathplace(A,B).\n', '-1.4656181919347486  deathPlace(A,B):-restingPlace(A,B).\n', '-2.4443591562315246  deathPlace(A,B):-residence(A,B).\n']"
5908,Abdol_Hossein_Sardari,Tehran,"['-5.1765229437313165  deathPlace(A,B):-country(A,B).\n', '-3.967356875572056  deathPlace(A,B):-placeOfBirth(A,B).\n', '-2.6299125337605305  deathPlace(A,B):-nationality(A,B).\n', '-1.277633109760059  deathPlace(A,B):-placeOfDeath(A,B).\n', '-2.6100234264314497  deathPlace(A,B):-birthPlace(A,B).\n', '-2.0051271911265314  deathPlace(A,B):-deathplace(A,B).\n', '-1.4656181919347486  deathPlace(A,B):-restingPlace(A,B).\n', '-2.4443591562315246  deathPlace(A,B):-residence(A,B).\n']"
4978,Henri-Joseph_Rigel,Wertheim_am_Main,"['-5.1765229437313165  deathPlace(A,B):-country(A,B).\n', '-3.967356875572056  deathPlace(A,B):-placeOfBirth(A,B).\n', '-2.6299125337605305  deathPlace(A,B):-nationality(A,B).\n', '-1.277633109760059  deathPlace(A,B):-placeOfDeath(A,B).\n', '-2.6100234264314497  deathPlace(A,B):-birthPlace(A,B).\n', '-2.0051271911265314  deathPlace(A,B):-deathplace(A,B).\n', '-1.4656181919347486  deathPlace(A,B):-restingPlace(A,B).\n', '-2.4443591562315246  deathPlace(A,B):-residence(A,B).\n']"
5657,Charles_Yerkes,Philadelphia,"['-5.1765229437313165  deathPlace(A,B):-country(A,B).\n', '-3.967356875572056  deathPlace(A,B):-placeOfBirth(A,B).\n', '-2.6299125337605305  deathPlace(A,B):-nationality(A,B).\n', '-1.277633109760059  deathPlace(A,B):-placeOfDeath(A,B).\n', '-2.6100234264314497  deathPlace(A,B):-birthPlace(A,B).\n', '-2.0051271911265314  deathPlace(A,B):-deathplace(A,B).\n', '-1.4656181919347486  deathPlace(A,B):-restingPlace(A,B).\n', '-2.4443591562315246  deathPlace(A,B):-residence(A,B).\n']"
5726,Norman_Granz,Los_Angeles,"['-5.1765229437313165  deathPlace(A,B):-country(A,B).\n', '-2.6299125337605305  deathPlace(A,B):-nationality(A,B).\n', '-1.277633109760059  deathPlace(A,B):-placeOfDeath(A,B).\n', '-2.6100234264314497  deathPlace(A,B):-birthPlace(A,B).\n', '-2.0051271911265314  deathPlace(A,B):-deathplace(A,B).\n', '-1.4656181919347486  deathPlace(A,B):-restingPlace(A,B).\n', '-2.4443591562315246  deathPlace(A,B):-residence(A,B).\n']"
