4378,Aravind_Joshi,Indian_Institute_of_Science,"['0.6597759921955553  negalmaMater(A,B):-knownFor(A,B).\n', '-0.4682200967189177  negalmaMater(A,B):-employer(A,B).\n', '0.36077762752233233  negalmaMater(A,B):-occupation(A,B).\n', '-0.1201802729321677  negalmaMater(A,B):-award(A,B).\n']"
2774,Teresa_Torres,Claude_Bernard_University,[]
2967,Htin_Kyaw,Yangon_Institute_of_Economics,[]
4063,Alberto_Gonzales,Rice_University,"['0.6597759921955553  negalmaMater(A,B):-knownFor(A,B).\n', '-0.4682200967189177  negalmaMater(A,B):-employer(A,B).\n', '-0.1201802729321677  negalmaMater(A,B):-award(A,B).\n']"
4383,Mildred_Dresselhaus,Cambridge_University,[]
4560,Lauren_Lake,University_of_Michigan,"['0.6597759921955553  negalmaMater(A,B):-knownFor(A,B).\n', '-0.4682200967189177  negalmaMater(A,B):-employer(A,B).\n', '0.36077762752233233  negalmaMater(A,B):-occupation(A,B).\n', '-0.1201802729321677  negalmaMater(A,B):-award(A,B).\n']"
182,Abdul_Ilah_Khatib,Johns_Hopkins_University,[]
4499,Vincent_A._Calarco,Polytechnic_Institute_of_New_York_University,"['0.6597759921955553  negalmaMater(A,B):-knownFor(A,B).\n', '-0.4682200967189177  negalmaMater(A,B):-employer(A,B).\n', '0.36077762752233233  negalmaMater(A,B):-occupation(A,B).\n', '-0.1201802729321677  negalmaMater(A,B):-award(A,B).\n']"
3248,Andrea_Smith_(academic),Union_Theological_Seminary_in_the_City_of_New_York,[]
2024,Leslie_Hilton_Brown,St_Andrews_University,"['0.6597759921955553  negalmaMater(A,B):-knownFor(A,B).\n', '-0.4682200967189177  negalmaMater(A,B):-employer(A,B).\n', '0.36077762752233233  negalmaMater(A,B):-occupation(A,B).\n', '-0.1201802729321677  negalmaMater(A,B):-award(A,B).\n']"
4021,David_S._Cohen_(attorney),Yale_Law_School,"['0.6597759921955553  negalmaMater(A,B):-knownFor(A,B).\n', '-0.4682200967189177  negalmaMater(A,B):-employer(A,B).\n', '0.36077762752233233  negalmaMater(A,B):-occupation(A,B).\n', '-0.1201802729321677  negalmaMater(A,B):-award(A,B).\n']"
1286,Ivan_Matveyevich_Vinogradov,St._Petersburg_State_University,"['0.6597759921955553  negalmaMater(A,B):-knownFor(A,B).\n', '-0.4682200967189177  negalmaMater(A,B):-employer(A,B).\n', '0.36077762752233233  negalmaMater(A,B):-occupation(A,B).\n', '-0.1201802729321677  negalmaMater(A,B):-award(A,B).\n']"
2690,Kurt_Schrader,Cornell_University,"['0.36077762752233233  negalmaMater(A,B):-occupation(A,B).\n']"
4933,Brendan_Sullivan,Georgetown_University,"['0.6597759921955553  negalmaMater(A,B):-knownFor(A,B).\n', '-0.4682200967189177  negalmaMater(A,B):-employer(A,B).\n', '0.36077762752233233  negalmaMater(A,B):-occupation(A,B).\n', '-0.1201802729321677  negalmaMater(A,B):-award(A,B).\n']"
1904,David_Haussler,Connecticut_College,"['0.6597759921955553  negalmaMater(A,B):-knownFor(A,B).\n', '-0.4682200967189177  negalmaMater(A,B):-employer(A,B).\n', '0.36077762752233233  negalmaMater(A,B):-occupation(A,B).\n', '-0.1201802729321677  negalmaMater(A,B):-award(A,B).\n']"
1060,Manuel_Lajo,University_of_East_Anglia,"['0.6597759921955553  negalmaMater(A,B):-knownFor(A,B).\n', '-0.4682200967189177  negalmaMater(A,B):-employer(A,B).\n', '0.36077762752233233  negalmaMater(A,B):-occupation(A,B).\n', '-0.1201802729321677  negalmaMater(A,B):-award(A,B).\n']"
4130,Emiel_van_Lennep,University_of_Amsterdam,[]
147,Raneo_Abu,University_of_Batangas,"['0.6597759921955553  negalmaMater(A,B):-knownFor(A,B).\n', '-0.4682200967189177  negalmaMater(A,B):-employer(A,B).\n', '0.36077762752233233  negalmaMater(A,B):-occupation(A,B).\n', '-0.1201802729321677  negalmaMater(A,B):-award(A,B).\n']"
164,Giorgos_Papakonstantinou,New_York_University,[]
936,John_Podesta,Knox_College_(Illinois),[]
3130,Michael_T._Flynn,Golden_Gate_University,"['-0.4682200967189177  negalmaMater(A,B):-employer(A,B).\n', '-0.1201802729321677  negalmaMater(A,B):-award(A,B).\n']"
3500,David_E._Sanger,Magna_cum_laude,"['0.6597759921955553  negalmaMater(A,B):-knownFor(A,B).\n', '-0.4682200967189177  negalmaMater(A,B):-employer(A,B).\n', '0.36077762752233233  negalmaMater(A,B):-occupation(A,B).\n']"
4175,Anthony_Cartwright_(writer),University_of_East_Anglia,"['0.6597759921955553  negalmaMater(A,B):-knownFor(A,B).\n', '-0.4682200967189177  negalmaMater(A,B):-employer(A,B).\n', '0.36077762752233233  negalmaMater(A,B):-occupation(A,B).\n', '-0.1201802729321677  negalmaMater(A,B):-award(A,B).\n']"
1576,James_C._Oliver,Bowdoin_College,"['0.6597759921955553  negalmaMater(A,B):-knownFor(A,B).\n', '-0.4682200967189177  negalmaMater(A,B):-employer(A,B).\n', '0.36077762752233233  negalmaMater(A,B):-occupation(A,B).\n', '-0.1201802729321677  negalmaMater(A,B):-award(A,B).\n']"
138,Khalifa_AlJaziri,American_University_of_Sharjah,"['0.6597759921955553  negalmaMater(A,B):-knownFor(A,B).\n', '-0.4682200967189177  negalmaMater(A,B):-employer(A,B).\n', '0.36077762752233233  negalmaMater(A,B):-occupation(A,B).\n', '-0.1201802729321677  negalmaMater(A,B):-award(A,B).\n']"
4645,Carol_Rosenberg,University_of_Massachusetts_Amherst,"['0.6597759921955553  negalmaMater(A,B):-knownFor(A,B).\n', '0.36077762752233233  negalmaMater(A,B):-occupation(A,B).\n', '-0.1201802729321677  negalmaMater(A,B):-award(A,B).\n']"
2530,Robert_A._Frosch,Columbia_University,[]
2467,Joel_D._Heck,Trinity_Evangelical_Divinity_School,"['0.6597759921955553  negalmaMater(A,B):-knownFor(A,B).\n', '-0.4682200967189177  negalmaMater(A,B):-employer(A,B).\n', '0.36077762752233233  negalmaMater(A,B):-occupation(A,B).\n', '-0.1201802729321677  negalmaMater(A,B):-award(A,B).\n']"
2777,Jacques_Peyrat,University_of_Paris,[]
1633,Amos_Makalla,Institute_of_Finance_Management,"['-0.1201802729321677  negalmaMater(A,B):-award(A,B).\n']"
4122,Mark_Reed_(academic),Boston_College,[]
3161,Sagala_Ratnayaka,Lewis_&_Clark_College,[]
3379,Neville_Roy_Singham,Howard_University,"['0.6597759921955553  negalmaMater(A,B):-knownFor(A,B).\n', '-0.4682200967189177  negalmaMater(A,B):-employer(A,B).\n', '0.36077762752233233  negalmaMater(A,B):-occupation(A,B).\n']"
316,Joseph_Lade_Pawsey,University_of_Cambridge,[]
1454,Afoa_Moega_Lutu,Valparaiso_University_School_of_Law,"['0.6597759921955553  negalmaMater(A,B):-knownFor(A,B).\n', '-0.4682200967189177  negalmaMater(A,B):-employer(A,B).\n', '0.36077762752233233  negalmaMater(A,B):-occupation(A,B).\n', '-0.1201802729321677  negalmaMater(A,B):-award(A,B).\n']"
2300,Pietro_Paoli,University_of_Pisa,"['-0.4682200967189177  negalmaMater(A,B):-employer(A,B).\n', '0.36077762752233233  negalmaMater(A,B):-occupation(A,B).\n', '-0.1201802729321677  negalmaMater(A,B):-award(A,B).\n']"
553,Archibald_Blacklow,University_of_Sydney,"['0.6597759921955553  negalmaMater(A,B):-knownFor(A,B).\n', '-0.4682200967189177  negalmaMater(A,B):-employer(A,B).\n', '0.36077762752233233  negalmaMater(A,B):-occupation(A,B).\n', '-0.1201802729321677  negalmaMater(A,B):-award(A,B).\n']"
4570,Eric_Boe,United_States_Air_Force_Academy,[]
4557,Penny_Pritzker,Stanford_University,"['0.6597759921955553  negalmaMater(A,B):-knownFor(A,B).\n', '0.36077762752233233  negalmaMater(A,B):-occupation(A,B).\n', '-0.1201802729321677  negalmaMater(A,B):-award(A,B).\n']"
1794,Gregory_Wheeler,University_of_Rochester,[]
487,Yasuhisa_Shiozaki,Harvard_University,[]
725,Deorao_Madguji_Holi,MBBS,"['0.6597759921955553  negalmaMater(A,B):-knownFor(A,B).\n', '-0.4682200967189177  negalmaMater(A,B):-employer(A,B).\n']"
3751,Norm_Thurston,Princeton_University,"['0.6597759921955553  negalmaMater(A,B):-knownFor(A,B).\n', '-0.4682200967189177  negalmaMater(A,B):-employer(A,B).\n', '0.36077762752233233  negalmaMater(A,B):-occupation(A,B).\n', '-0.1201802729321677  negalmaMater(A,B):-award(A,B).\n']"
733,Sue_Paterno,Penn_State_University,"['0.6597759921955553  negalmaMater(A,B):-knownFor(A,B).\n', '-0.4682200967189177  negalmaMater(A,B):-employer(A,B).\n', '0.36077762752233233  negalmaMater(A,B):-occupation(A,B).\n', '-0.1201802729321677  negalmaMater(A,B):-award(A,B).\n']"
3205,Adolfo_Nicolás,Pontifical_Gregorian_University,"['0.6597759921955553  negalmaMater(A,B):-knownFor(A,B).\n', '-0.4682200967189177  negalmaMater(A,B):-employer(A,B).\n', '0.36077762752233233  negalmaMater(A,B):-occupation(A,B).\n', '-0.1201802729321677  negalmaMater(A,B):-award(A,B).\n']"
2005,Lynne_Pancrazi,Northern_Arizona_University,"['0.6597759921955553  negalmaMater(A,B):-knownFor(A,B).\n', '-0.4682200967189177  negalmaMater(A,B):-employer(A,B).\n', '0.36077762752233233  negalmaMater(A,B):-occupation(A,B).\n', '-0.1201802729321677  negalmaMater(A,B):-award(A,B).\n']"
3988,Norbert_Lammert,Ruhr_University_Bochum,"['0.6597759921955553  negalmaMater(A,B):-knownFor(A,B).\n', '-0.4682200967189177  negalmaMater(A,B):-employer(A,B).\n', '0.36077762752233233  negalmaMater(A,B):-occupation(A,B).\n', '-0.1201802729321677  negalmaMater(A,B):-award(A,B).\n']"
3026,John_C._Watts,University_of_Kentucky,"['0.6597759921955553  negalmaMater(A,B):-knownFor(A,B).\n', '-0.4682200967189177  negalmaMater(A,B):-employer(A,B).\n', '0.36077762752233233  negalmaMater(A,B):-occupation(A,B).\n', '-0.1201802729321677  negalmaMater(A,B):-award(A,B).\n']"
1500,Vincent_Laforet,Northwestern_University,[]
4701,Thomas_Mann_(Iowa_politician),University_of_Iowa,"['0.6597759921955553  negalmaMater(A,B):-knownFor(A,B).\n', '0.36077762752233233  negalmaMater(A,B):-occupation(A,B).\n', '-0.1201802729321677  negalmaMater(A,B):-award(A,B).\n']"
643,Greg_Avioli,University_of_North_Carolina,"['0.6597759921955553  negalmaMater(A,B):-knownFor(A,B).\n', '-0.4682200967189177  negalmaMater(A,B):-employer(A,B).\n', '0.36077762752233233  negalmaMater(A,B):-occupation(A,B).\n', '-0.1201802729321677  negalmaMater(A,B):-award(A,B).\n']"
2263,Șerban_Iliescu,University_of_Bucharest,[]
2466,Dirk_Brouwer,Leiden_University,"['0.6597759921955553  negalmaMater(A,B):-knownFor(A,B).\n', '-0.4682200967189177  negalmaMater(A,B):-employer(A,B).\n', '0.36077762752233233  negalmaMater(A,B):-occupation(A,B).\n', '-0.1201802729321677  negalmaMater(A,B):-award(A,B).\n']"
1360,George_Haven_Putnam,Columbia_University,"['0.6597759921955553  negalmaMater(A,B):-knownFor(A,B).\n', '-0.4682200967189177  negalmaMater(A,B):-employer(A,B).\n', '0.36077762752233233  negalmaMater(A,B):-occupation(A,B).\n', '-0.1201802729321677  negalmaMater(A,B):-award(A,B).\n']"
4325,George_A._O'Toole_Jr.,Boston_College,"['0.6597759921955553  negalmaMater(A,B):-knownFor(A,B).\n', '-0.4682200967189177  negalmaMater(A,B):-employer(A,B).\n', '0.36077762752233233  negalmaMater(A,B):-occupation(A,B).\n', '-0.1201802729321677  negalmaMater(A,B):-award(A,B).\n']"
2086,Sara_Ali_Khan,Columbia_University,"['0.6597759921955553  negalmaMater(A,B):-knownFor(A,B).\n', '-0.4682200967189177  negalmaMater(A,B):-employer(A,B).\n', '-0.1201802729321677  negalmaMater(A,B):-award(A,B).\n']"
65,Ronald_Mourad_Cohen,Harvard_Business_School,[]
4616,Karl_C._King,Wharton_School_of_Business,"['0.6597759921955553  negalmaMater(A,B):-knownFor(A,B).\n']"
3985,Bruce_Ponder,University_of_Cambridge,"['0.6597759921955553  negalmaMater(A,B):-knownFor(A,B).\n', '-0.4682200967189177  negalmaMater(A,B):-employer(A,B).\n', '0.36077762752233233  negalmaMater(A,B):-occupation(A,B).\n', '-0.1201802729321677  negalmaMater(A,B):-award(A,B).\n']"
1659,Jerome_Karle,Harvard_University,"['0.6597759921955553  negalmaMater(A,B):-knownFor(A,B).\n', '-0.4682200967189177  negalmaMater(A,B):-employer(A,B).\n', '0.36077762752233233  negalmaMater(A,B):-occupation(A,B).\n', '-0.1201802729321677  negalmaMater(A,B):-award(A,B).\n']"
4842,Mark_Overmars,Utrecht_University,"['0.6597759921955553  negalmaMater(A,B):-knownFor(A,B).\n', '-0.4682200967189177  negalmaMater(A,B):-employer(A,B).\n', '0.36077762752233233  negalmaMater(A,B):-occupation(A,B).\n', '-0.1201802729321677  negalmaMater(A,B):-award(A,B).\n']"
1674,Betty_Harris_(scientist),Southern_University,"['0.6597759921955553  negalmaMater(A,B):-knownFor(A,B).\n', '-0.4682200967189177  negalmaMater(A,B):-employer(A,B).\n', '0.36077762752233233  negalmaMater(A,B):-occupation(A,B).\n', '-0.1201802729321677  negalmaMater(A,B):-award(A,B).\n']"
4618,Hosahalli_Ramaswamy,Central_Food_Technological_Research_Institute,[]
1521,Ruzena_Bajcsy,Stanford,"['0.6597759921955553  negalmaMater(A,B):-knownFor(A,B).\n', '-0.4682200967189177  negalmaMater(A,B):-employer(A,B).\n', '0.36077762752233233  negalmaMater(A,B):-occupation(A,B).\n', '-0.1201802729321677  negalmaMater(A,B):-award(A,B).\n']"
3407,Kyriakos_Mavronikolas,University_of_Athens,"['0.6597759921955553  negalmaMater(A,B):-knownFor(A,B).\n', '-0.4682200967189177  negalmaMater(A,B):-employer(A,B).\n', '0.36077762752233233  negalmaMater(A,B):-occupation(A,B).\n', '-0.1201802729321677  negalmaMater(A,B):-award(A,B).\n']"
2003,Rafiq_Azad,University_of_Dhaka,"['0.6597759921955553  negalmaMater(A,B):-knownFor(A,B).\n', '-0.4682200967189177  negalmaMater(A,B):-employer(A,B).\n', '0.36077762752233233  negalmaMater(A,B):-occupation(A,B).\n', '-0.1201802729321677  negalmaMater(A,B):-award(A,B).\n']"
2736,Hassiba_Ben_Bouali,University_of_Algiers,[]
3817,Jackie_Sumell,College_of_Charleston,"['0.6597759921955553  negalmaMater(A,B):-knownFor(A,B).\n', '-0.4682200967189177  negalmaMater(A,B):-employer(A,B).\n', '0.36077762752233233  negalmaMater(A,B):-occupation(A,B).\n', '-0.1201802729321677  negalmaMater(A,B):-award(A,B).\n']"
1123,Albert_Black,Southern_Methodist_University,"['0.6597759921955553  negalmaMater(A,B):-knownFor(A,B).\n', '-0.4682200967189177  negalmaMater(A,B):-employer(A,B).\n', '0.36077762752233233  negalmaMater(A,B):-occupation(A,B).\n', '-0.1201802729321677  negalmaMater(A,B):-award(A,B).\n']"
1163,Judd_Apatow,University_of_Southern_California,"['0.6597759921955553  negalmaMater(A,B):-knownFor(A,B).\n', '-0.4682200967189177  negalmaMater(A,B):-employer(A,B).\n', '0.36077762752233233  negalmaMater(A,B):-occupation(A,B).\n', '-0.1201802729321677  negalmaMater(A,B):-award(A,B).\n']"
2021,Walter_Dubislav,Technical_University_of_Berlin,"['0.6597759921955553  negalmaMater(A,B):-knownFor(A,B).\n', '-0.1201802729321677  negalmaMater(A,B):-award(A,B).\n']"
648,Shelby_Stephenson,University_of_North_Carolina_at_Chapel_Hill,"['0.6597759921955553  negalmaMater(A,B):-knownFor(A,B).\n', '-0.4682200967189177  negalmaMater(A,B):-employer(A,B).\n', '0.36077762752233233  negalmaMater(A,B):-occupation(A,B).\n', '-0.1201802729321677  negalmaMater(A,B):-award(A,B).\n']"
3968,Francis_deSouza,Master_of_Science,"['0.6597759921955553  negalmaMater(A,B):-knownFor(A,B).\n', '0.36077762752233233  negalmaMater(A,B):-occupation(A,B).\n']"
742,Stanley_B._Prusiner,University_of_Pennsylvania,"['0.6597759921955553  negalmaMater(A,B):-knownFor(A,B).\n', '-0.4682200967189177  negalmaMater(A,B):-employer(A,B).\n', '0.36077762752233233  negalmaMater(A,B):-occupation(A,B).\n', '-0.1201802729321677  negalmaMater(A,B):-award(A,B).\n']"
4680,Walter_Thurnherr,ETH_Zurich,"['0.6597759921955553  negalmaMater(A,B):-knownFor(A,B).\n', '-0.4682200967189177  negalmaMater(A,B):-employer(A,B).\n', '0.36077762752233233  negalmaMater(A,B):-occupation(A,B).\n', '-0.1201802729321677  negalmaMater(A,B):-award(A,B).\n']"
16,Raül_Romeva,Autonomous_University_of_Barcelona,[]
1338,Robert_J._Desnick,University_of_Minnesota_Medical_School,"['0.6597759921955553  negalmaMater(A,B):-knownFor(A,B).\n', '-0.4682200967189177  negalmaMater(A,B):-employer(A,B).\n', '0.36077762752233233  negalmaMater(A,B):-occupation(A,B).\n', '-0.1201802729321677  negalmaMater(A,B):-award(A,B).\n']"
3867,Ivan_Mrkić,University_of_Belgrade_Faculty_of_Law,"['0.6597759921955553  negalmaMater(A,B):-knownFor(A,B).\n', '-0.4682200967189177  negalmaMater(A,B):-employer(A,B).\n', '0.36077762752233233  negalmaMater(A,B):-occupation(A,B).\n', '-0.1201802729321677  negalmaMater(A,B):-award(A,B).\n']"
1516,Peter_Guy_Wolynes,Harvard_University,[]
3615,Arthur_J._Weaver,University_of_Nebraska,"['0.6597759921955553  negalmaMater(A,B):-knownFor(A,B).\n', '-0.4682200967189177  negalmaMater(A,B):-employer(A,B).\n', '0.36077762752233233  negalmaMater(A,B):-occupation(A,B).\n', '-0.1201802729321677  negalmaMater(A,B):-award(A,B).\n']"
627,Luis_von_Ahn,Duke_University,"['0.6597759921955553  negalmaMater(A,B):-knownFor(A,B).\n', '-0.4682200967189177  negalmaMater(A,B):-employer(A,B).\n', '0.36077762752233233  negalmaMater(A,B):-occupation(A,B).\n', '-0.1201802729321677  negalmaMater(A,B):-award(A,B).\n']"
2025,Nina_Jablonski,Bryn_Mawr_College,"['-0.1201802729321677  negalmaMater(A,B):-award(A,B).\n']"
2431,Lily_May_Perry,Radcliffe_College,[]
3848,Robert_Hurt_(politician),Hampden-Sydney_College,[]
4413,Salome_Mwambu,Teacher_training_college,[]
4568,Adam_Lilling,University_of_Southern_California,"['0.6597759921955553  negalmaMater(A,B):-knownFor(A,B).\n']"
3582,William_O._Harbach,Hun_School_of_Princeton,"['0.6597759921955553  negalmaMater(A,B):-knownFor(A,B).\n', '-0.4682200967189177  negalmaMater(A,B):-employer(A,B).\n', '0.36077762752233233  negalmaMater(A,B):-occupation(A,B).\n', '-0.1201802729321677  negalmaMater(A,B):-award(A,B).\n']"
595,John_W._Mohr,Yale_University,"['0.36077762752233233  negalmaMater(A,B):-occupation(A,B).\n']"
124,Carissa_Phelps,UCLA_School_of_Law,"['0.6597759921955553  negalmaMater(A,B):-knownFor(A,B).\n', '-0.4682200967189177  negalmaMater(A,B):-employer(A,B).\n', '0.36077762752233233  negalmaMater(A,B):-occupation(A,B).\n', '-0.1201802729321677  negalmaMater(A,B):-award(A,B).\n']"
1136,Glenn_Hegar,Bachelor_of_Arts,[]
3044,Pavel_Luspekayev,Mikhail_Shchepkin_Higher_Theatre_School_(Institute),"['0.6597759921955553  negalmaMater(A,B):-knownFor(A,B).\n', '-0.4682200967189177  negalmaMater(A,B):-employer(A,B).\n', '-0.1201802729321677  negalmaMater(A,B):-award(A,B).\n']"
3087,Regina_Benjamin,Morehouse_School_of_Medicine,"['0.6597759921955553  negalmaMater(A,B):-knownFor(A,B).\n', '0.36077762752233233  negalmaMater(A,B):-occupation(A,B).\n', '-0.1201802729321677  negalmaMater(A,B):-award(A,B).\n']"
4210,Edward_Joseph_Schwartz,University_of_San_Francisco_School_of_Law,"['0.6597759921955553  negalmaMater(A,B):-knownFor(A,B).\n', '-0.4682200967189177  negalmaMater(A,B):-employer(A,B).\n', '0.36077762752233233  negalmaMater(A,B):-occupation(A,B).\n', '-0.1201802729321677  negalmaMater(A,B):-award(A,B).\n']"
2500,Jimmy_Halliday,University_of_Glasgow,"['0.6597759921955553  negalmaMater(A,B):-knownFor(A,B).\n', '-0.4682200967189177  negalmaMater(A,B):-employer(A,B).\n', '0.36077762752233233  negalmaMater(A,B):-occupation(A,B).\n', '-0.1201802729321677  negalmaMater(A,B):-award(A,B).\n']"
3725,Ana_Pastor_Julián,University_of_Salamanca,"['0.6597759921955553  negalmaMater(A,B):-knownFor(A,B).\n', '-0.4682200967189177  negalmaMater(A,B):-employer(A,B).\n', '0.36077762752233233  negalmaMater(A,B):-occupation(A,B).\n', '-0.1201802729321677  negalmaMater(A,B):-award(A,B).\n']"
4030,John_R._Gregg,Indiana_State_University,"['0.6597759921955553  negalmaMater(A,B):-knownFor(A,B).\n', '-0.4682200967189177  negalmaMater(A,B):-employer(A,B).\n', '0.36077762752233233  negalmaMater(A,B):-occupation(A,B).\n', '-0.1201802729321677  negalmaMater(A,B):-award(A,B).\n']"
355,Martha_Coakley,Boston_University_School_of_Law,"['-0.4682200967189177  negalmaMater(A,B):-employer(A,B).\n']"
201,Yan_Jeou-rong,Asian_Institute_of_Technology,[]
62,George_Diggs,University_of_Wisconsin–Madison,[]
3513,Michael_Driscoll_(Pennsylvania_politician),La_Salle_University,"['0.36077762752233233  negalmaMater(A,B):-occupation(A,B).\n']"
9521,Adele_Goldberg_(computer_scientist),Computer_science,[]
5820,Malinda_Brumfield_White,Business,"['0.36077762752233233  negalmaMater(A,B):-occupation(A,B).\n']"
5925,Susan_J._Kelley,Psychology,"['0.6597759921955553  negalmaMater(A,B):-knownFor(A,B).\n', '-0.4682200967189177  negalmaMater(A,B):-employer(A,B).\n']"
6241,Henry_Briggs_(mathematician),England,[]
8691,John_Kelly_(artist),UK,"['0.6597759921955553  negalmaMater(A,B):-knownFor(A,B).\n', '-0.4682200967189177  negalmaMater(A,B):-employer(A,B).\n', '0.36077762752233233  negalmaMater(A,B):-occupation(A,B).\n', '-0.1201802729321677  negalmaMater(A,B):-award(A,B).\n']"
6013,Laura_Woods,French_language,[]
8701,Temístocles_Montás,Engineering,"['-0.1201802729321677  negalmaMater(A,B):-award(A,B).\n']"
7392,Armin_Falk,Economist,"['0.6597759921955553  negalmaMater(A,B):-knownFor(A,B).\n', '-0.4682200967189177  negalmaMater(A,B):-employer(A,B).\n', '0.36077762752233233  negalmaMater(A,B):-occupation(A,B).\n', '-0.1201802729321677  negalmaMater(A,B):-award(A,B).\n']"
7849,Bob_Diamond_(banker),Master_of_Business_Administration,"['-0.1201802729321677  negalmaMater(A,B):-award(A,B).\n']"
6479,Kimberly_Wright_Cassidy,Bryn_Mawr_College,"['0.6597759921955553  negalmaMater(A,B):-knownFor(A,B).\n']"
7113,Pantur_Silaban,Physics,"['0.6597759921955553  negalmaMater(A,B):-knownFor(A,B).\n', '-0.4682200967189177  negalmaMater(A,B):-employer(A,B).\n', '0.36077762752233233  negalmaMater(A,B):-occupation(A,B).\n', '-0.1201802729321677  negalmaMater(A,B):-award(A,B).\n']"
9730,Mohammad_Hajiaghayi,Computer_science,"['0.6597759921955553  negalmaMater(A,B):-knownFor(A,B).\n', '-0.4682200967189177  negalmaMater(A,B):-employer(A,B).\n', '0.36077762752233233  negalmaMater(A,B):-occupation(A,B).\n', '-0.1201802729321677  negalmaMater(A,B):-award(A,B).\n']"
7841,Ernest_Wedderburn,Doctor_of_Science,[]
8368,James_Stewart_(mathematician),Mathematics,[]
9306,Arnold_Zellner,Econometrics,"['0.6597759921955553  negalmaMater(A,B):-knownFor(A,B).\n', '-0.4682200967189177  negalmaMater(A,B):-employer(A,B).\n', '0.36077762752233233  negalmaMater(A,B):-occupation(A,B).\n', '-0.1201802729321677  negalmaMater(A,B):-award(A,B).\n']"
5897,Marc_Melitz,Economist,"['0.6597759921955553  negalmaMater(A,B):-knownFor(A,B).\n', '-0.4682200967189177  negalmaMater(A,B):-employer(A,B).\n', '0.36077762752233233  negalmaMater(A,B):-occupation(A,B).\n', '-0.1201802729321677  negalmaMater(A,B):-award(A,B).\n']"
7177,Yvette_Kosmann-Schwarzbach,Mathematics,"['0.6597759921955553  negalmaMater(A,B):-knownFor(A,B).\n', '-0.4682200967189177  negalmaMater(A,B):-employer(A,B).\n', '0.36077762752233233  negalmaMater(A,B):-occupation(A,B).\n', '-0.1201802729321677  negalmaMater(A,B):-award(A,B).\n']"
9026,Fran_Bošnjaković,University_of_Stuttgart,"['0.6597759921955553  negalmaMater(A,B):-knownFor(A,B).\n', '-0.4682200967189177  negalmaMater(A,B):-employer(A,B).\n', '0.36077762752233233  negalmaMater(A,B):-occupation(A,B).\n', '-0.1201802729321677  negalmaMater(A,B):-award(A,B).\n']"
8215,Neil_Hamilton_(politician),Barrister,"['0.36077762752233233  negalmaMater(A,B):-occupation(A,B).\n', '-0.1201802729321677  negalmaMater(A,B):-award(A,B).\n']"
8378,Michael_Tate,Doctor_of_Laws,[]
6552,Jonathan_Stickland,Business,"['0.6597759921955553  negalmaMater(A,B):-knownFor(A,B).\n', '-0.4682200967189177  negalmaMater(A,B):-employer(A,B).\n', '0.36077762752233233  negalmaMater(A,B):-occupation(A,B).\n']"
8727,Asadullah_Bhutto,LL.B,[]
7243,Helen_Gleeson,Physics,"['-0.1201802729321677  negalmaMater(A,B):-award(A,B).\n']"
8738,Terry_Connolly,Barrister,"['0.6597759921955553  negalmaMater(A,B):-knownFor(A,B).\n', '-0.4682200967189177  negalmaMater(A,B):-employer(A,B).\n', '0.36077762752233233  negalmaMater(A,B):-occupation(A,B).\n', '-0.1201802729321677  negalmaMater(A,B):-award(A,B).\n']"
8832,David_Hanson_(politician),England,"['0.6597759921955553  negalmaMater(A,B):-knownFor(A,B).\n', '-0.4682200967189177  negalmaMater(A,B):-employer(A,B).\n', '-0.1201802729321677  negalmaMater(A,B):-award(A,B).\n']"
7972,Chung_Kai-lai,Columbia_University,"['-0.1201802729321677  negalmaMater(A,B):-award(A,B).\n']"
7439,Richard_Kayne,City_University_of_New_York,[]
6284,Siméon_Denis_Poisson,Mathematics,"['0.6597759921955553  negalmaMater(A,B):-knownFor(A,B).\n', '-0.4682200967189177  negalmaMater(A,B):-employer(A,B).\n', '0.36077762752233233  negalmaMater(A,B):-occupation(A,B).\n', '-0.1201802729321677  negalmaMater(A,B):-award(A,B).\n']"
7169,Henry_Ludwell_Moore,Econometrics,"['0.6597759921955553  negalmaMater(A,B):-knownFor(A,B).\n', '-0.4682200967189177  negalmaMater(A,B):-employer(A,B).\n', '0.36077762752233233  negalmaMater(A,B):-occupation(A,B).\n', '-0.1201802729321677  negalmaMater(A,B):-award(A,B).\n']"
6903,Eddie_Francis,Ontario,"['0.6597759921955553  negalmaMater(A,B):-knownFor(A,B).\n', '-0.4682200967189177  negalmaMater(A,B):-employer(A,B).\n', '0.36077762752233233  negalmaMater(A,B):-occupation(A,B).\n', '-0.1201802729321677  negalmaMater(A,B):-award(A,B).\n']"
9439,H._Foster_Pettit,Business,"['0.6597759921955553  negalmaMater(A,B):-knownFor(A,B).\n', '-0.4682200967189177  negalmaMater(A,B):-employer(A,B).\n', '0.36077762752233233  negalmaMater(A,B):-occupation(A,B).\n', '-0.1201802729321677  negalmaMater(A,B):-award(A,B).\n']"
6655,Richard_Crossman,UK,[]
9572,Philip_M._Morse,Ludwig_Maximilians_University_of_Munich,"['-0.1201802729321677  negalmaMater(A,B):-award(A,B).\n']"
8172,Karl_Rubin,Columbia_University,"['0.6597759921955553  negalmaMater(A,B):-knownFor(A,B).\n', '-0.4682200967189177  negalmaMater(A,B):-employer(A,B).\n', '0.36077762752233233  negalmaMater(A,B):-occupation(A,B).\n', '-0.1201802729321677  negalmaMater(A,B):-award(A,B).\n']"
9087,Rahima_Begum,England,"['0.6597759921955553  negalmaMater(A,B):-knownFor(A,B).\n', '-0.4682200967189177  negalmaMater(A,B):-employer(A,B).\n', '0.36077762752233233  negalmaMater(A,B):-occupation(A,B).\n', '-0.1201802729321677  negalmaMater(A,B):-award(A,B).\n']"
6236,Christopher_Hansteen,Mathematics,"['-0.4682200967189177  negalmaMater(A,B):-employer(A,B).\n', '-0.1201802729321677  negalmaMater(A,B):-award(A,B).\n']"
5981,José_Bonet_Solves,Mathematics,[]
6826,Ian_Prentice,Barrister,"['0.36077762752233233  negalmaMater(A,B):-occupation(A,B).\n']"
5653,Michael_M._Crow,Arizona_State_University,"['0.36077762752233233  negalmaMater(A,B):-occupation(A,B).\n']"
6132,Michelle_Gray,Business,"['-0.4682200967189177  negalmaMater(A,B):-employer(A,B).\n', '0.36077762752233233  negalmaMater(A,B):-occupation(A,B).\n']"
9290,Joseph_Lykken,Physics,"['0.6597759921955553  negalmaMater(A,B):-knownFor(A,B).\n', '-0.4682200967189177  negalmaMater(A,B):-employer(A,B).\n', '-0.1201802729321677  negalmaMater(A,B):-award(A,B).\n']"
9810,John_Zachary_Young,Zoology,[]
5406,Howard_Harry_Rosenbrock,England,[]
6006,Erminio_Costa,Columbia_University,"['0.6597759921955553  negalmaMater(A,B):-knownFor(A,B).\n', '0.36077762752233233  negalmaMater(A,B):-occupation(A,B).\n', '-0.1201802729321677  negalmaMater(A,B):-award(A,B).\n']"
7107,Liz_Jones,England,"['0.6597759921955553  negalmaMater(A,B):-knownFor(A,B).\n', '0.36077762752233233  negalmaMater(A,B):-occupation(A,B).\n', '-0.1201802729321677  negalmaMater(A,B):-award(A,B).\n']"
8141,Fraser_Stoddart,UK,"['0.6597759921955553  negalmaMater(A,B):-knownFor(A,B).\n', '-0.4682200967189177  negalmaMater(A,B):-employer(A,B).\n', '0.36077762752233233  negalmaMater(A,B):-occupation(A,B).\n', '-0.1201802729321677  negalmaMater(A,B):-award(A,B).\n']"
8812,Victor_Fuchs,Economist,"['0.6597759921955553  negalmaMater(A,B):-knownFor(A,B).\n', '0.36077762752233233  negalmaMater(A,B):-occupation(A,B).\n', '-0.1201802729321677  negalmaMater(A,B):-award(A,B).\n']"
5650,Jon_David_Erickson,Economist,"['0.6597759921955553  negalmaMater(A,B):-knownFor(A,B).\n', '-0.4682200967189177  negalmaMater(A,B):-employer(A,B).\n', '0.36077762752233233  negalmaMater(A,B):-occupation(A,B).\n', '-0.1201802729321677  negalmaMater(A,B):-award(A,B).\n']"
5563,Arthur_Laffer,Economist,"['0.6597759921955553  negalmaMater(A,B):-knownFor(A,B).\n', '-0.4682200967189177  negalmaMater(A,B):-employer(A,B).\n', '0.36077762752233233  negalmaMater(A,B):-occupation(A,B).\n', '-0.1201802729321677  negalmaMater(A,B):-award(A,B).\n']"
9977,Charalambos_D._Aliprantis,Purdue_University,"['0.6597759921955553  negalmaMater(A,B):-knownFor(A,B).\n', '-0.4682200967189177  negalmaMater(A,B):-employer(A,B).\n', '0.36077762752233233  negalmaMater(A,B):-occupation(A,B).\n', '-0.1201802729321677  negalmaMater(A,B):-award(A,B).\n']"
7046,Michael_J._Piore,Massachusetts_Institute_of_Technology,"['0.6597759921955553  negalmaMater(A,B):-knownFor(A,B).\n', '-0.4682200967189177  negalmaMater(A,B):-employer(A,B).\n', '0.36077762752233233  negalmaMater(A,B):-occupation(A,B).\n']"
8510,Susan_Fiske,Princeton_University,"['0.36077762752233233  negalmaMater(A,B):-occupation(A,B).\n', '-0.1201802729321677  negalmaMater(A,B):-award(A,B).\n']"
8410,Edward_Lazear,Economist,"['0.6597759921955553  negalmaMater(A,B):-knownFor(A,B).\n', '0.36077762752233233  negalmaMater(A,B):-occupation(A,B).\n', '-0.1201802729321677  negalmaMater(A,B):-award(A,B).\n']"
9697,Srinivasan_Keshav,Computer_science,"['0.6597759921955553  negalmaMater(A,B):-knownFor(A,B).\n', '-0.4682200967189177  negalmaMater(A,B):-employer(A,B).\n', '-0.1201802729321677  negalmaMater(A,B):-award(A,B).\n']"
9919,Julian_Rotter,Psychology,[]
7545,Ursula_Franklin,Ontario,[]
5265,Michael_D._Fried,Mathematics,"['0.6597759921955553  negalmaMater(A,B):-knownFor(A,B).\n', '-0.4682200967189177  negalmaMater(A,B):-employer(A,B).\n', '0.36077762752233233  negalmaMater(A,B):-occupation(A,B).\n', '-0.1201802729321677  negalmaMater(A,B):-award(A,B).\n']"
6149,Tanya_Chan,Barrister,"['0.6597759921955553  negalmaMater(A,B):-knownFor(A,B).\n', '-0.4682200967189177  negalmaMater(A,B):-employer(A,B).\n', '0.36077762752233233  negalmaMater(A,B):-occupation(A,B).\n', '-0.1201802729321677  negalmaMater(A,B):-award(A,B).\n']"
5002,Shane_Greenstein,Economics,"['0.6597759921955553  negalmaMater(A,B):-knownFor(A,B).\n', '-0.4682200967189177  negalmaMater(A,B):-employer(A,B).\n', '0.36077762752233233  negalmaMater(A,B):-occupation(A,B).\n', '-0.1201802729321677  negalmaMater(A,B):-award(A,B).\n']"
6645,Thomas_Hylland_Eriksen,Anthropology,"['0.6597759921955553  negalmaMater(A,B):-knownFor(A,B).\n', '-0.4682200967189177  negalmaMater(A,B):-employer(A,B).\n', '0.36077762752233233  negalmaMater(A,B):-occupation(A,B).\n', '-0.1201802729321677  negalmaMater(A,B):-award(A,B).\n']"
6302,Despot_Badžović,Theology,[]
6972,Zhu_Min_(economist),Economist,"['0.6597759921955553  negalmaMater(A,B):-knownFor(A,B).\n', '-0.4682200967189177  negalmaMater(A,B):-employer(A,B).\n', '0.36077762752233233  negalmaMater(A,B):-occupation(A,B).\n']"
9665,Felix_Jacoby,Oxford_University,"['0.36077762752233233  negalmaMater(A,B):-occupation(A,B).\n', '-0.1201802729321677  negalmaMater(A,B):-award(A,B).\n']"
7146,Laura_Smyth,Northern_Ireland,"['0.6597759921955553  negalmaMater(A,B):-knownFor(A,B).\n', '-0.4682200967189177  negalmaMater(A,B):-employer(A,B).\n', '0.36077762752233233  negalmaMater(A,B):-occupation(A,B).\n', '-0.1201802729321677  negalmaMater(A,B):-award(A,B).\n']"
7781,Helmut_W._Schulz,Chemistry,"['-0.1201802729321677  negalmaMater(A,B):-award(A,B).\n']"
6491,Hans_R._Camenzind,Zurich,"['0.6597759921955553  negalmaMater(A,B):-knownFor(A,B).\n', '-0.4682200967189177  negalmaMater(A,B):-employer(A,B).\n', '0.36077762752233233  negalmaMater(A,B):-occupation(A,B).\n', '-0.1201802729321677  negalmaMater(A,B):-award(A,B).\n']"
8220,Konni_Burton,Business,"['0.36077762752233233  negalmaMater(A,B):-occupation(A,B).\n', '-0.1201802729321677  negalmaMater(A,B):-award(A,B).\n']"
6325,Ivars_Kalviņš,Chemistry,"['-0.1201802729321677  negalmaMater(A,B):-award(A,B).\n']"
9068,Peter_McLaughlin,Northern_Ireland,"['-0.4682200967189177  negalmaMater(A,B):-employer(A,B).\n', '-0.1201802729321677  negalmaMater(A,B):-award(A,B).\n']"
9717,Michael_Meacher,England,"['0.36077762752233233  negalmaMater(A,B):-occupation(A,B).\n', '-0.1201802729321677  negalmaMater(A,B):-award(A,B).\n']"
7786,Hans_Thacher_Clarke,Columbia_University,"['0.6597759921955553  negalmaMater(A,B):-knownFor(A,B).\n', '-0.4682200967189177  negalmaMater(A,B):-employer(A,B).\n', '0.36077762752233233  negalmaMater(A,B):-occupation(A,B).\n', '-0.1201802729321677  negalmaMater(A,B):-award(A,B).\n']"
7296,Gerhard_Klimeck,California_Institute_of_Technology,[]
8438,Gilbert_Tennent,Princeton_University,"['0.6597759921955553  negalmaMater(A,B):-knownFor(A,B).\n', '-0.4682200967189177  negalmaMater(A,B):-employer(A,B).\n', '0.36077762752233233  negalmaMater(A,B):-occupation(A,B).\n', '-0.1201802729321677  negalmaMater(A,B):-award(A,B).\n']"
8435,Howard_Malmstadt,Chemistry,"['0.6597759921955553  negalmaMater(A,B):-knownFor(A,B).\n', '-0.4682200967189177  negalmaMater(A,B):-employer(A,B).\n', '0.36077762752233233  negalmaMater(A,B):-occupation(A,B).\n', '-0.1201802729321677  negalmaMater(A,B):-award(A,B).\n']"
7812,Hugh_Everett_III,Physics,"['-0.4682200967189177  negalmaMater(A,B):-employer(A,B).\n', '-0.1201802729321677  negalmaMater(A,B):-award(A,B).\n']"
9611,Thomas_G._Carpenter,Memphis_State_University,"['0.6597759921955553  negalmaMater(A,B):-knownFor(A,B).\n', '-0.4682200967189177  negalmaMater(A,B):-employer(A,B).\n', '0.36077762752233233  negalmaMater(A,B):-occupation(A,B).\n', '-0.1201802729321677  negalmaMater(A,B):-award(A,B).\n']"
9434,Alfred_W._Bethea,United_Methodist_Church,[]
8620,Thomas_J._Sargent,Economist,"['0.6597759921955553  negalmaMater(A,B):-knownFor(A,B).\n', '-0.1201802729321677  negalmaMater(A,B):-award(A,B).\n']"
9965,Roland_Scholl,Doctor_of_Philosophy,"['-0.1201802729321677  negalmaMater(A,B):-award(A,B).\n']"
8425,Jonathan_Levin_(economist),Economist,"['0.6597759921955553  negalmaMater(A,B):-knownFor(A,B).\n', '-0.4682200967189177  negalmaMater(A,B):-employer(A,B).\n', '0.36077762752233233  negalmaMater(A,B):-occupation(A,B).\n', '-0.1201802729321677  negalmaMater(A,B):-award(A,B).\n']"
6501,Donal_O'Donnell,Barrister,"['0.6597759921955553  negalmaMater(A,B):-knownFor(A,B).\n', '-0.4682200967189177  negalmaMater(A,B):-employer(A,B).\n', '0.36077762752233233  negalmaMater(A,B):-occupation(A,B).\n', '-0.1201802729321677  negalmaMater(A,B):-award(A,B).\n']"
6280,Alan_Kotok,Computer_science,"['0.6597759921955553  negalmaMater(A,B):-knownFor(A,B).\n', '-0.4682200967189177  negalmaMater(A,B):-employer(A,B).\n', '0.36077762752233233  negalmaMater(A,B):-occupation(A,B).\n', '-0.1201802729321677  negalmaMater(A,B):-award(A,B).\n']"
6844,Declan_Morgan,Northern_Ireland,"['0.6597759921955553  negalmaMater(A,B):-knownFor(A,B).\n', '-0.4682200967189177  negalmaMater(A,B):-employer(A,B).\n', '0.36077762752233233  negalmaMater(A,B):-occupation(A,B).\n', '-0.1201802729321677  negalmaMater(A,B):-award(A,B).\n']"
5349,Carl_Tolman,Alberta,"['-0.4682200967189177  negalmaMater(A,B):-employer(A,B).\n', '-0.1201802729321677  negalmaMater(A,B):-award(A,B).\n']"
8663,Andy_Liu,Mathematics,"['0.6597759921955553  negalmaMater(A,B):-knownFor(A,B).\n', '-0.4682200967189177  negalmaMater(A,B):-employer(A,B).\n', '0.36077762752233233  negalmaMater(A,B):-occupation(A,B).\n', '-0.1201802729321677  negalmaMater(A,B):-award(A,B).\n']"
6428,Daniel_C._Drucker,Brown_University,"['0.6597759921955553  negalmaMater(A,B):-knownFor(A,B).\n', '-0.4682200967189177  negalmaMater(A,B):-employer(A,B).\n', '0.36077762752233233  negalmaMater(A,B):-occupation(A,B).\n', '-0.1201802729321677  negalmaMater(A,B):-award(A,B).\n']"
5567,Gheorghe_Țițeica,Mathematics,[]
7404,Nick_Bruno,Piedmont_College,[]
6765,Joaquim_Levy,Economist,[]
7048,Griffin_P._Rodgers,American_College_of_Physicians,"['-0.1201802729321677  negalmaMater(A,B):-award(A,B).\n']"
9034,Walter_Kauzmann,Princeton_University,"['0.6597759921955553  negalmaMater(A,B):-knownFor(A,B).\n', '-0.4682200967189177  negalmaMater(A,B):-employer(A,B).\n', '0.36077762752233233  negalmaMater(A,B):-occupation(A,B).\n', '-0.1201802729321677  negalmaMater(A,B):-award(A,B).\n']"
5825,Hendrik_Verwoerd,Psychology,[]
7697,John_Hewson,Economist,"['-0.4682200967189177  negalmaMater(A,B):-employer(A,B).\n', '0.36077762752233233  negalmaMater(A,B):-occupation(A,B).\n']"
5069,Simon_Forman,England,[]
9370,Sohail_Asif_Qureshi,Arizona_State_University,"['0.6597759921955553  negalmaMater(A,B):-knownFor(A,B).\n', '-0.4682200967189177  negalmaMater(A,B):-employer(A,B).\n', '0.36077762752233233  negalmaMater(A,B):-occupation(A,B).\n', '-0.1201802729321677  negalmaMater(A,B):-award(A,B).\n']"
7087,Masao_Kotani,Physics,[]
8012,Pieter_Duisenberg,Economist,"['0.36077762752233233  negalmaMater(A,B):-occupation(A,B).\n']"
8386,Rebecca_Oppenheimer,Chemistry,[]
8094,Sherwood_Washburn,Anthropology,[]
6014,Charles_Richmond_Mitchell,Alberta,[]
