3,Aminah,Al-Abwa',"['-5.1765229437313165  deathPlace(A,B):-country(A,B).\n']"
5,John_Ross_(Canadian_politician),Toronto,"['-5.1765229437313165  deathPlace(A,B):-country(A,B).\n', '-2.6299125337605305  deathPlace(A,B):-nationality(A,B).\n', '-2.6100234264314497  deathPlace(A,B):-birthPlace(A,B).\n', '-1.4656181919347486  deathPlace(A,B):-restingPlace(A,B).\n', '-2.4443591562315246  deathPlace(A,B):-residence(A,B).\n']"
10,Louis_Prima,New_Orleans,"['-5.1765229437313165  deathPlace(A,B):-country(A,B).\n', '-3.967356875572056  deathPlace(A,B):-placeOfBirth(A,B).\n', '-2.6100234264314497  deathPlace(A,B):-birthPlace(A,B).\n', '-1.4656181919347486  deathPlace(A,B):-restingPlace(A,B).\n']"
11,Victor_Bussie,Baton_Rouge,"['-5.1765229437313165  deathPlace(A,B):-country(A,B).\n', '-3.967356875572056  deathPlace(A,B):-placeOfBirth(A,B).\n', '-2.6299125337605305  deathPlace(A,B):-nationality(A,B).\n', '-1.277633109760059  deathPlace(A,B):-placeOfDeath(A,B).\n', '-2.6100234264314497  deathPlace(A,B):-birthPlace(A,B).\n', '-2.0051271911265314  deathPlace(A,B):-deathplace(A,B).\n', '-1.4656181919347486  deathPlace(A,B):-restingPlace(A,B).\n', '-2.4443591562315246  deathPlace(A,B):-residence(A,B).\n']"
13,William_Deacon,Allora,"['-5.1765229437313165  deathPlace(A,B):-country(A,B).\n', '-2.6299125337605305  deathPlace(A,B):-nationality(A,B).\n', '-1.277633109760059  deathPlace(A,B):-placeOfDeath(A,B).\n', '-2.6100234264314497  deathPlace(A,B):-birthPlace(A,B).\n', '-2.0051271911265314  deathPlace(A,B):-deathplace(A,B).\n', '-1.4656181919347486  deathPlace(A,B):-restingPlace(A,B).\n', '-2.4443591562315246  deathPlace(A,B):-residence(A,B).\n']"
16,Jackie_Gibbons,South_Africa,"['-5.1765229437313165  deathPlace(A,B):-country(A,B).\n', '-2.6299125337605305  deathPlace(A,B):-nationality(A,B).\n', '-2.4443591562315246  deathPlace(A,B):-residence(A,B).\n']"
17,Abd_Manaf_ibn_Qusai,Mecca,"['-5.1765229437313165  deathPlace(A,B):-country(A,B).\n', '-1.277633109760059  deathPlace(A,B):-placeOfDeath(A,B).\n', '-2.6100234264314497  deathPlace(A,B):-birthPlace(A,B).\n', '-1.4656181919347486  deathPlace(A,B):-restingPlace(A,B).\n']"
19,George_William_Spencer_Lyttelton,Westminster,"['-5.1765229437313165  deathPlace(A,B):-country(A,B).\n', '-3.967356875572056  deathPlace(A,B):-placeOfBirth(A,B).\n', '-2.6299125337605305  deathPlace(A,B):-nationality(A,B).\n', '-1.277633109760059  deathPlace(A,B):-placeOfDeath(A,B).\n', '-2.6100234264314497  deathPlace(A,B):-birthPlace(A,B).\n', '-2.0051271911265314  deathPlace(A,B):-deathplace(A,B).\n', '-1.4656181919347486  deathPlace(A,B):-restingPlace(A,B).\n', '-2.4443591562315246  deathPlace(A,B):-residence(A,B).\n']"
20,Daniel_MacMaster,Thunder_Bay,"['-5.1765229437313165  deathPlace(A,B):-country(A,B).\n', '-3.967356875572056  deathPlace(A,B):-placeOfBirth(A,B).\n', '-2.6299125337605305  deathPlace(A,B):-nationality(A,B).\n', '-1.277633109760059  deathPlace(A,B):-placeOfDeath(A,B).\n', '-2.6100234264314497  deathPlace(A,B):-birthPlace(A,B).\n', '-2.0051271911265314  deathPlace(A,B):-deathplace(A,B).\n', '-1.4656181919347486  deathPlace(A,B):-restingPlace(A,B).\n', '-2.4443591562315246  deathPlace(A,B):-residence(A,B).\n']"
21,John_E._Butts,Normandy,"['-5.1765229437313165  deathPlace(A,B):-country(A,B).\n', '-3.967356875572056  deathPlace(A,B):-placeOfBirth(A,B).\n', '-2.6299125337605305  deathPlace(A,B):-nationality(A,B).\n', '-1.277633109760059  deathPlace(A,B):-placeOfDeath(A,B).\n', '-2.6100234264314497  deathPlace(A,B):-birthPlace(A,B).\n', '-2.0051271911265314  deathPlace(A,B):-deathplace(A,B).\n', '-1.4656181919347486  deathPlace(A,B):-restingPlace(A,B).\n', '-2.4443591562315246  deathPlace(A,B):-residence(A,B).\n']"
23,Louis_J._Gasnier,Hollywood,[]
26,Morag_Siller,Manchester,[]
29,James_Richardson_(cricketer),Surrey,"['-5.1765229437313165  deathPlace(A,B):-country(A,B).\n', '-3.967356875572056  deathPlace(A,B):-placeOfBirth(A,B).\n', '-2.6299125337605305  deathPlace(A,B):-nationality(A,B).\n', '-1.277633109760059  deathPlace(A,B):-placeOfDeath(A,B).\n', '-2.6100234264314497  deathPlace(A,B):-birthPlace(A,B).\n', '-2.0051271911265314  deathPlace(A,B):-deathplace(A,B).\n', '-1.4656181919347486  deathPlace(A,B):-restingPlace(A,B).\n', '-2.4443591562315246  deathPlace(A,B):-residence(A,B).\n']"
40,Sammy_Guillen,New_Zealand_cricket_team,"['-5.1765229437313165  deathPlace(A,B):-country(A,B).\n', '-3.967356875572056  deathPlace(A,B):-placeOfBirth(A,B).\n', '-2.6299125337605305  deathPlace(A,B):-nationality(A,B).\n', '-1.277633109760059  deathPlace(A,B):-placeOfDeath(A,B).\n', '-2.6100234264314497  deathPlace(A,B):-birthPlace(A,B).\n', '-2.0051271911265314  deathPlace(A,B):-deathplace(A,B).\n', '-1.4656181919347486  deathPlace(A,B):-restingPlace(A,B).\n', '-2.4443591562315246  deathPlace(A,B):-residence(A,B).\n']"
44,Daurama,Daura,"['-5.1765229437313165  deathPlace(A,B):-country(A,B).\n', '-2.6299125337605305  deathPlace(A,B):-nationality(A,B).\n']"
48,Xie_Jialin,Beijing,"['-5.1765229437313165  deathPlace(A,B):-country(A,B).\n', '-3.967356875572056  deathPlace(A,B):-placeOfBirth(A,B).\n', '-1.277633109760059  deathPlace(A,B):-placeOfDeath(A,B).\n', '-2.6100234264314497  deathPlace(A,B):-birthPlace(A,B).\n', '-2.0051271911265314  deathPlace(A,B):-deathplace(A,B).\n', '-1.4656181919347486  deathPlace(A,B):-restingPlace(A,B).\n']"
49,Jim_Sparkes,Queensland,"['-2.6299125337605305  deathPlace(A,B):-nationality(A,B).\n']"
51,Malaysia_Vasudevan,India,"['-5.1765229437313165  deathPlace(A,B):-country(A,B).\n', '-3.967356875572056  deathPlace(A,B):-placeOfBirth(A,B).\n', '-2.6299125337605305  deathPlace(A,B):-nationality(A,B).\n', '-1.277633109760059  deathPlace(A,B):-placeOfDeath(A,B).\n', '-2.6100234264314497  deathPlace(A,B):-birthPlace(A,B).\n', '-2.0051271911265314  deathPlace(A,B):-deathplace(A,B).\n', '-1.4656181919347486  deathPlace(A,B):-restingPlace(A,B).\n', '-2.4443591562315246  deathPlace(A,B):-residence(A,B).\n']"
54,Margherita_Hack,Friuli-Venezia_Giulia,"['-2.0051271911265314  deathPlace(A,B):-deathplace(A,B).\n', '-2.4443591562315246  deathPlace(A,B):-residence(A,B).\n']"
56,Lakhiram_Agrawal,Chhattisgarh,[]
58,Simon_the_Tanner,Old_Cairo,"['-5.1765229437313165  deathPlace(A,B):-country(A,B).\n', '-3.967356875572056  deathPlace(A,B):-placeOfBirth(A,B).\n', '-2.6299125337605305  deathPlace(A,B):-nationality(A,B).\n', '-1.277633109760059  deathPlace(A,B):-placeOfDeath(A,B).\n', '-2.6100234264314497  deathPlace(A,B):-birthPlace(A,B).\n', '-2.0051271911265314  deathPlace(A,B):-deathplace(A,B).\n', '-1.4656181919347486  deathPlace(A,B):-restingPlace(A,B).\n', '-2.4443591562315246  deathPlace(A,B):-residence(A,B).\n']"
59,Francis_Joseph_Reitz,Evansville,"['-5.1765229437313165  deathPlace(A,B):-country(A,B).\n', '-2.6299125337605305  deathPlace(A,B):-nationality(A,B).\n', '-2.6100234264314497  deathPlace(A,B):-birthPlace(A,B).\n', '-2.0051271911265314  deathPlace(A,B):-deathplace(A,B).\n', '-2.4443591562315246  deathPlace(A,B):-residence(A,B).\n']"
62,Saint_Almus,Scotland,"['-5.1765229437313165  deathPlace(A,B):-country(A,B).\n', '-3.967356875572056  deathPlace(A,B):-placeOfBirth(A,B).\n', '-1.277633109760059  deathPlace(A,B):-placeOfDeath(A,B).\n', '-2.6100234264314497  deathPlace(A,B):-birthPlace(A,B).\n', '-2.0051271911265314  deathPlace(A,B):-deathplace(A,B).\n', '-1.4656181919347486  deathPlace(A,B):-restingPlace(A,B).\n']"
63,George_Hara_Williams,Vancouver,[]
68,Matthias_Claudius,Free_and_Hanseatic_City_of_Hamburg,"['-5.1765229437313165  deathPlace(A,B):-country(A,B).\n', '-3.967356875572056  deathPlace(A,B):-placeOfBirth(A,B).\n', '-2.6299125337605305  deathPlace(A,B):-nationality(A,B).\n', '-1.277633109760059  deathPlace(A,B):-placeOfDeath(A,B).\n', '-2.6100234264314497  deathPlace(A,B):-birthPlace(A,B).\n', '-2.0051271911265314  deathPlace(A,B):-deathplace(A,B).\n', '-1.4656181919347486  deathPlace(A,B):-restingPlace(A,B).\n', '-2.4443591562315246  deathPlace(A,B):-residence(A,B).\n']"
69,Narcissus_of_Jerusalem,Aelia_Capitolina,[]
71,David_Zolotarev,Mariinsk,[]
72,Yegor_Yakovlev,Moscow,"['-5.1765229437313165  deathPlace(A,B):-country(A,B).\n', '-3.967356875572056  deathPlace(A,B):-placeOfBirth(A,B).\n', '-2.6299125337605305  deathPlace(A,B):-nationality(A,B).\n', '-1.277633109760059  deathPlace(A,B):-placeOfDeath(A,B).\n', '-2.6100234264314497  deathPlace(A,B):-birthPlace(A,B).\n', '-2.0051271911265314  deathPlace(A,B):-deathplace(A,B).\n', '-1.4656181919347486  deathPlace(A,B):-restingPlace(A,B).\n', '-2.4443591562315246  deathPlace(A,B):-residence(A,B).\n']"
73,Philippe_Le_Corbeiller,Wassenaar,"['-5.1765229437313165  deathPlace(A,B):-country(A,B).\n', '-3.967356875572056  deathPlace(A,B):-placeOfBirth(A,B).\n', '-2.6299125337605305  deathPlace(A,B):-nationality(A,B).\n', '-1.277633109760059  deathPlace(A,B):-placeOfDeath(A,B).\n', '-2.6100234264314497  deathPlace(A,B):-birthPlace(A,B).\n', '-2.0051271911265314  deathPlace(A,B):-deathplace(A,B).\n', '-1.4656181919347486  deathPlace(A,B):-restingPlace(A,B).\n', '-2.4443591562315246  deathPlace(A,B):-residence(A,B).\n']"
76,Evgeny_Lifshitz,Moscow,"['-5.1765229437313165  deathPlace(A,B):-country(A,B).\n', '-3.967356875572056  deathPlace(A,B):-placeOfBirth(A,B).\n', '-2.6299125337605305  deathPlace(A,B):-nationality(A,B).\n', '-1.277633109760059  deathPlace(A,B):-placeOfDeath(A,B).\n', '-2.6100234264314497  deathPlace(A,B):-birthPlace(A,B).\n', '-2.0051271911265314  deathPlace(A,B):-deathplace(A,B).\n']"
78,William_Kay_Blacklock,Polperro,"['-5.1765229437313165  deathPlace(A,B):-country(A,B).\n', '-3.967356875572056  deathPlace(A,B):-placeOfBirth(A,B).\n', '-2.6299125337605305  deathPlace(A,B):-nationality(A,B).\n', '-1.277633109760059  deathPlace(A,B):-placeOfDeath(A,B).\n', '-2.6100234264314497  deathPlace(A,B):-birthPlace(A,B).\n', '-2.0051271911265314  deathPlace(A,B):-deathplace(A,B).\n', '-1.4656181919347486  deathPlace(A,B):-restingPlace(A,B).\n', '-2.4443591562315246  deathPlace(A,B):-residence(A,B).\n']"
82,Anthony_Loton,Western_Australia,"['-2.6299125337605305  deathPlace(A,B):-nationality(A,B).\n', '-2.6100234264314497  deathPlace(A,B):-birthPlace(A,B).\n', '-2.4443591562315246  deathPlace(A,B):-residence(A,B).\n']"
84,John_J._Milligan,Pennsylvania,"['-1.277633109760059  deathPlace(A,B):-placeOfDeath(A,B).\n']"
88,Alfred_V._Verville,La_Jolla,"['-5.1765229437313165  deathPlace(A,B):-country(A,B).\n', '-3.967356875572056  deathPlace(A,B):-placeOfBirth(A,B).\n', '-2.6299125337605305  deathPlace(A,B):-nationality(A,B).\n', '-1.277633109760059  deathPlace(A,B):-placeOfDeath(A,B).\n', '-2.6100234264314497  deathPlace(A,B):-birthPlace(A,B).\n', '-2.0051271911265314  deathPlace(A,B):-deathplace(A,B).\n', '-1.4656181919347486  deathPlace(A,B):-restingPlace(A,B).\n', '-2.4443591562315246  deathPlace(A,B):-residence(A,B).\n']"
90,Geoffrey_Faithfull,Buckinghamshire,"['-2.6299125337605305  deathPlace(A,B):-nationality(A,B).\n', '-1.4656181919347486  deathPlace(A,B):-restingPlace(A,B).\n', '-2.4443591562315246  deathPlace(A,B):-residence(A,B).\n']"
92,Sami_al-Hinnawi,Lebanon,"['-2.6299125337605305  deathPlace(A,B):-nationality(A,B).\n', '-2.6100234264314497  deathPlace(A,B):-birthPlace(A,B).\n', '-1.4656181919347486  deathPlace(A,B):-restingPlace(A,B).\n']"
94,Jeremiah_Dummer_(silversmith),Boston,"['-5.1765229437313165  deathPlace(A,B):-country(A,B).\n', '-2.6299125337605305  deathPlace(A,B):-nationality(A,B).\n', '-1.277633109760059  deathPlace(A,B):-placeOfDeath(A,B).\n', '-2.6100234264314497  deathPlace(A,B):-birthPlace(A,B).\n', '-2.0051271911265314  deathPlace(A,B):-deathplace(A,B).\n', '-1.4656181919347486  deathPlace(A,B):-restingPlace(A,B).\n', '-2.4443591562315246  deathPlace(A,B):-residence(A,B).\n']"
97,Wajid_Ali_Shah,Kolkata,[]
101,Sonia_Dresdel,Kent,"['-5.1765229437313165  deathPlace(A,B):-country(A,B).\n', '-2.6299125337605305  deathPlace(A,B):-nationality(A,B).\n', '-2.6100234264314497  deathPlace(A,B):-birthPlace(A,B).\n']"
102,James_Crichton-Browne,Dumfries,"['-3.967356875572056  deathPlace(A,B):-placeOfBirth(A,B).\n', '-2.6299125337605305  deathPlace(A,B):-nationality(A,B).\n', '-2.6100234264314497  deathPlace(A,B):-birthPlace(A,B).\n', '-1.4656181919347486  deathPlace(A,B):-restingPlace(A,B).\n', '-2.4443591562315246  deathPlace(A,B):-residence(A,B).\n']"
103,Konrad_Petzold,Kleinmachnow,[]
104,Stanley_Milgram,Manhattan,"['-2.6299125337605305  deathPlace(A,B):-nationality(A,B).\n', '-1.4656181919347486  deathPlace(A,B):-restingPlace(A,B).\n']"
105,Daniele_Farlati,Padua,"['-5.1765229437313165  deathPlace(A,B):-country(A,B).\n', '-3.967356875572056  deathPlace(A,B):-placeOfBirth(A,B).\n', '-2.6299125337605305  deathPlace(A,B):-nationality(A,B).\n', '-1.277633109760059  deathPlace(A,B):-placeOfDeath(A,B).\n', '-2.6100234264314497  deathPlace(A,B):-birthPlace(A,B).\n', '-2.0051271911265314  deathPlace(A,B):-deathplace(A,B).\n', '-1.4656181919347486  deathPlace(A,B):-restingPlace(A,B).\n', '-2.4443591562315246  deathPlace(A,B):-residence(A,B).\n']"
106,Francesco_Solari,Milan,"['-5.1765229437313165  deathPlace(A,B):-country(A,B).\n', '-3.967356875572056  deathPlace(A,B):-placeOfBirth(A,B).\n', '-2.6299125337605305  deathPlace(A,B):-nationality(A,B).\n', '-1.277633109760059  deathPlace(A,B):-placeOfDeath(A,B).\n', '-2.6100234264314497  deathPlace(A,B):-birthPlace(A,B).\n', '-2.0051271911265314  deathPlace(A,B):-deathplace(A,B).\n', '-1.4656181919347486  deathPlace(A,B):-restingPlace(A,B).\n', '-2.4443591562315246  deathPlace(A,B):-residence(A,B).\n']"
108,Ferdinando_Bonsignore,Turin,"['-5.1765229437313165  deathPlace(A,B):-country(A,B).\n', '-3.967356875572056  deathPlace(A,B):-placeOfBirth(A,B).\n', '-2.6299125337605305  deathPlace(A,B):-nationality(A,B).\n', '-1.277633109760059  deathPlace(A,B):-placeOfDeath(A,B).\n', '-2.6100234264314497  deathPlace(A,B):-birthPlace(A,B).\n', '-2.0051271911265314  deathPlace(A,B):-deathplace(A,B).\n', '-1.4656181919347486  deathPlace(A,B):-restingPlace(A,B).\n', '-2.4443591562315246  deathPlace(A,B):-residence(A,B).\n']"
116,Alfred_Noble_(footballer),Norwich,"['-5.1765229437313165  deathPlace(A,B):-country(A,B).\n']"
117,Norman_Cornelius,West_Felton,"['-5.1765229437313165  deathPlace(A,B):-country(A,B).\n', '-3.967356875572056  deathPlace(A,B):-placeOfBirth(A,B).\n', '-2.6299125337605305  deathPlace(A,B):-nationality(A,B).\n', '-1.277633109760059  deathPlace(A,B):-placeOfDeath(A,B).\n', '-2.6100234264314497  deathPlace(A,B):-birthPlace(A,B).\n', '-2.0051271911265314  deathPlace(A,B):-deathplace(A,B).\n', '-1.4656181919347486  deathPlace(A,B):-restingPlace(A,B).\n', '-2.4443591562315246  deathPlace(A,B):-residence(A,B).\n']"
118,Guy_Pedder,Hoxne,"['-5.1765229437313165  deathPlace(A,B):-country(A,B).\n', '-3.967356875572056  deathPlace(A,B):-placeOfBirth(A,B).\n', '-2.6299125337605305  deathPlace(A,B):-nationality(A,B).\n', '-1.277633109760059  deathPlace(A,B):-placeOfDeath(A,B).\n', '-2.6100234264314497  deathPlace(A,B):-birthPlace(A,B).\n', '-2.0051271911265314  deathPlace(A,B):-deathplace(A,B).\n', '-1.4656181919347486  deathPlace(A,B):-restingPlace(A,B).\n', '-2.4443591562315246  deathPlace(A,B):-residence(A,B).\n']"
119,Karl_Heinrich_von_Boetticher,Naumburg,"['-5.1765229437313165  deathPlace(A,B):-country(A,B).\n', '-3.967356875572056  deathPlace(A,B):-placeOfBirth(A,B).\n', '-2.6299125337605305  deathPlace(A,B):-nationality(A,B).\n', '-1.277633109760059  deathPlace(A,B):-placeOfDeath(A,B).\n', '-2.6100234264314497  deathPlace(A,B):-birthPlace(A,B).\n', '-2.0051271911265314  deathPlace(A,B):-deathplace(A,B).\n', '-1.4656181919347486  deathPlace(A,B):-restingPlace(A,B).\n', '-2.4443591562315246  deathPlace(A,B):-residence(A,B).\n']"
125,Yevgeny_Semyonovich_Kuznetsov,Stavropol,"['-5.1765229437313165  deathPlace(A,B):-country(A,B).\n', '-3.967356875572056  deathPlace(A,B):-placeOfBirth(A,B).\n', '-2.6299125337605305  deathPlace(A,B):-nationality(A,B).\n', '-1.277633109760059  deathPlace(A,B):-placeOfDeath(A,B).\n', '-2.6100234264314497  deathPlace(A,B):-birthPlace(A,B).\n', '-2.0051271911265314  deathPlace(A,B):-deathplace(A,B).\n', '-1.4656181919347486  deathPlace(A,B):-restingPlace(A,B).\n', '-2.4443591562315246  deathPlace(A,B):-residence(A,B).\n']"
127,Filippo_Bottazzi,Diso,"['-5.1765229437313165  deathPlace(A,B):-country(A,B).\n', '-3.967356875572056  deathPlace(A,B):-placeOfBirth(A,B).\n', '-1.277633109760059  deathPlace(A,B):-placeOfDeath(A,B).\n', '-2.6100234264314497  deathPlace(A,B):-birthPlace(A,B).\n', '-2.0051271911265314  deathPlace(A,B):-deathplace(A,B).\n', '-1.4656181919347486  deathPlace(A,B):-restingPlace(A,B).\n', '-2.4443591562315246  deathPlace(A,B):-residence(A,B).\n']"
128,Stanley_R._Tupper,Maine,"['-5.1765229437313165  deathPlace(A,B):-country(A,B).\n', '-3.967356875572056  deathPlace(A,B):-placeOfBirth(A,B).\n', '-2.6299125337605305  deathPlace(A,B):-nationality(A,B).\n', '-1.277633109760059  deathPlace(A,B):-placeOfDeath(A,B).\n', '-2.6100234264314497  deathPlace(A,B):-birthPlace(A,B).\n', '-2.0051271911265314  deathPlace(A,B):-deathplace(A,B).\n', '-1.4656181919347486  deathPlace(A,B):-restingPlace(A,B).\n', '-2.4443591562315246  deathPlace(A,B):-residence(A,B).\n']"
131,Abraham_Hoagland,Salt_Lake_City,"['-5.1765229437313165  deathPlace(A,B):-country(A,B).\n', '-3.967356875572056  deathPlace(A,B):-placeOfBirth(A,B).\n', '-2.6299125337605305  deathPlace(A,B):-nationality(A,B).\n', '-1.277633109760059  deathPlace(A,B):-placeOfDeath(A,B).\n', '-2.6100234264314497  deathPlace(A,B):-birthPlace(A,B).\n', '-2.0051271911265314  deathPlace(A,B):-deathplace(A,B).\n', '-1.4656181919347486  deathPlace(A,B):-restingPlace(A,B).\n', '-2.4443591562315246  deathPlace(A,B):-residence(A,B).\n']"
132,Herbert_Windt,http://wikidata.dbpedia.org/resource/Q1183393,[]
133,Emperor_Ai_of_Tang,Xi'an,"['-5.1765229437313165  deathPlace(A,B):-country(A,B).\n', '-2.6100234264314497  deathPlace(A,B):-birthPlace(A,B).\n', '-1.4656181919347486  deathPlace(A,B):-restingPlace(A,B).\n', '-2.4443591562315246  deathPlace(A,B):-residence(A,B).\n']"
134,Shamshad_Hussain,Delhi,"['-2.4443591562315246  deathPlace(A,B):-residence(A,B).\n']"
137,Wilfred_de_Souza,Goa,"['-5.1765229437313165  deathPlace(A,B):-country(A,B).\n', '-3.967356875572056  deathPlace(A,B):-placeOfBirth(A,B).\n', '-2.6299125337605305  deathPlace(A,B):-nationality(A,B).\n', '-1.277633109760059  deathPlace(A,B):-placeOfDeath(A,B).\n', '-2.6100234264314497  deathPlace(A,B):-birthPlace(A,B).\n', '-2.0051271911265314  deathPlace(A,B):-deathplace(A,B).\n', '-1.4656181919347486  deathPlace(A,B):-restingPlace(A,B).\n', '-2.4443591562315246  deathPlace(A,B):-residence(A,B).\n']"
138,Eddie_Zack,Rhode_Island,"['-5.1765229437313165  deathPlace(A,B):-country(A,B).\n', '-2.6100234264314497  deathPlace(A,B):-birthPlace(A,B).\n']"
139,Louis_Gauffier,Livorno,"['-3.967356875572056  deathPlace(A,B):-placeOfBirth(A,B).\n', '-2.6299125337605305  deathPlace(A,B):-nationality(A,B).\n', '-1.277633109760059  deathPlace(A,B):-placeOfDeath(A,B).\n', '-2.6100234264314497  deathPlace(A,B):-birthPlace(A,B).\n', '-2.0051271911265314  deathPlace(A,B):-deathplace(A,B).\n', '-1.4656181919347486  deathPlace(A,B):-restingPlace(A,B).\n', '-2.4443591562315246  deathPlace(A,B):-residence(A,B).\n']"
142,Stepan_Razin,Tsardom_of_Russia,"['-2.6299125337605305  deathPlace(A,B):-nationality(A,B).\n', '-2.6100234264314497  deathPlace(A,B):-birthPlace(A,B).\n', '-2.4443591562315246  deathPlace(A,B):-residence(A,B).\n']"
146,Ram_Balak_Mishra,Kanpur,"['-5.1765229437313165  deathPlace(A,B):-country(A,B).\n', '-3.967356875572056  deathPlace(A,B):-placeOfBirth(A,B).\n', '-2.6299125337605305  deathPlace(A,B):-nationality(A,B).\n', '-1.277633109760059  deathPlace(A,B):-placeOfDeath(A,B).\n', '-2.6100234264314497  deathPlace(A,B):-birthPlace(A,B).\n', '-2.0051271911265314  deathPlace(A,B):-deathplace(A,B).\n', '-1.4656181919347486  deathPlace(A,B):-restingPlace(A,B).\n', '-2.4443591562315246  deathPlace(A,B):-residence(A,B).\n']"
148,Kamal_Jumblatt,Lebanon,"['-5.1765229437313165  deathPlace(A,B):-country(A,B).\n', '-3.967356875572056  deathPlace(A,B):-placeOfBirth(A,B).\n', '-2.6299125337605305  deathPlace(A,B):-nationality(A,B).\n', '-1.277633109760059  deathPlace(A,B):-placeOfDeath(A,B).\n', '-2.6100234264314497  deathPlace(A,B):-birthPlace(A,B).\n', '-2.0051271911265314  deathPlace(A,B):-deathplace(A,B).\n', '-1.4656181919347486  deathPlace(A,B):-restingPlace(A,B).\n', '-2.4443591562315246  deathPlace(A,B):-residence(A,B).\n']"
154,Sergey_Kapitsa,Russian_Federation,[]
155,Alessandro_Milesi,Venice,"['-5.1765229437313165  deathPlace(A,B):-country(A,B).\n', '-2.6299125337605305  deathPlace(A,B):-nationality(A,B).\n', '-1.277633109760059  deathPlace(A,B):-placeOfDeath(A,B).\n', '-2.6100234264314497  deathPlace(A,B):-birthPlace(A,B).\n', '-2.0051271911265314  deathPlace(A,B):-deathplace(A,B).\n', '-2.4443591562315246  deathPlace(A,B):-residence(A,B).\n']"
159,Princess_Louise_Sophie_of_Schleswig-Holstein-Sonderburg-Augustenburg,Bad_Nauheim,"['-5.1765229437313165  deathPlace(A,B):-country(A,B).\n', '-3.967356875572056  deathPlace(A,B):-placeOfBirth(A,B).\n', '-2.6299125337605305  deathPlace(A,B):-nationality(A,B).\n', '-1.277633109760059  deathPlace(A,B):-placeOfDeath(A,B).\n', '-2.6100234264314497  deathPlace(A,B):-birthPlace(A,B).\n', '-2.0051271911265314  deathPlace(A,B):-deathplace(A,B).\n', '-1.4656181919347486  deathPlace(A,B):-restingPlace(A,B).\n', '-2.4443591562315246  deathPlace(A,B):-residence(A,B).\n']"
161,Mario_Vergara,Myanmar,"['-5.1765229437313165  deathPlace(A,B):-country(A,B).\n', '-3.967356875572056  deathPlace(A,B):-placeOfBirth(A,B).\n', '-2.6299125337605305  deathPlace(A,B):-nationality(A,B).\n', '-1.277633109760059  deathPlace(A,B):-placeOfDeath(A,B).\n', '-2.6100234264314497  deathPlace(A,B):-birthPlace(A,B).\n', '-2.0051271911265314  deathPlace(A,B):-deathplace(A,B).\n', '-1.4656181919347486  deathPlace(A,B):-restingPlace(A,B).\n', '-2.4443591562315246  deathPlace(A,B):-residence(A,B).\n']"
164,Michel_Micombero,Somalia,"['-1.277633109760059  deathPlace(A,B):-placeOfDeath(A,B).\n', '-2.4443591562315246  deathPlace(A,B):-residence(A,B).\n']"
166,Arthur_Forrest_(Royal_Navy_officer),Jamaica,"['-5.1765229437313165  deathPlace(A,B):-country(A,B).\n', '-3.967356875572056  deathPlace(A,B):-placeOfBirth(A,B).\n', '-2.6299125337605305  deathPlace(A,B):-nationality(A,B).\n', '-1.277633109760059  deathPlace(A,B):-placeOfDeath(A,B).\n', '-2.6100234264314497  deathPlace(A,B):-birthPlace(A,B).\n', '-2.0051271911265314  deathPlace(A,B):-deathplace(A,B).\n', '-1.4656181919347486  deathPlace(A,B):-restingPlace(A,B).\n', '-2.4443591562315246  deathPlace(A,B):-residence(A,B).\n']"
167,Haji_Mastan,Maharashtra,"['-5.1765229437313165  deathPlace(A,B):-country(A,B).\n', '-3.967356875572056  deathPlace(A,B):-placeOfBirth(A,B).\n', '-1.277633109760059  deathPlace(A,B):-placeOfDeath(A,B).\n', '-2.6100234264314497  deathPlace(A,B):-birthPlace(A,B).\n', '-2.0051271911265314  deathPlace(A,B):-deathplace(A,B).\n', '-1.4656181919347486  deathPlace(A,B):-restingPlace(A,B).\n', '-2.4443591562315246  deathPlace(A,B):-residence(A,B).\n']"
168,Jakob_Ritter_von_Danner,Munich,"['-5.1765229437313165  deathPlace(A,B):-country(A,B).\n', '-3.967356875572056  deathPlace(A,B):-placeOfBirth(A,B).\n', '-2.6299125337605305  deathPlace(A,B):-nationality(A,B).\n', '-1.277633109760059  deathPlace(A,B):-placeOfDeath(A,B).\n', '-2.6100234264314497  deathPlace(A,B):-birthPlace(A,B).\n', '-2.0051271911265314  deathPlace(A,B):-deathplace(A,B).\n', '-1.4656181919347486  deathPlace(A,B):-restingPlace(A,B).\n', '-2.4443591562315246  deathPlace(A,B):-residence(A,B).\n']"
169,Hoste_da_Reggio,Bergamo,"['-2.6299125337605305  deathPlace(A,B):-nationality(A,B).\n']"
171,Sung_Jae-gi,Seoul,"['-3.967356875572056  deathPlace(A,B):-placeOfBirth(A,B).\n', '-2.6299125337605305  deathPlace(A,B):-nationality(A,B).\n', '-1.277633109760059  deathPlace(A,B):-placeOfDeath(A,B).\n', '-2.6100234264314497  deathPlace(A,B):-birthPlace(A,B).\n', '-2.0051271911265314  deathPlace(A,B):-deathplace(A,B).\n', '-1.4656181919347486  deathPlace(A,B):-restingPlace(A,B).\n', '-2.4443591562315246  deathPlace(A,B):-residence(A,B).\n']"
172,Arthur_Irwin,Atlantic_Ocean,"['-3.967356875572056  deathPlace(A,B):-placeOfBirth(A,B).\n', '-2.6299125337605305  deathPlace(A,B):-nationality(A,B).\n', '-1.277633109760059  deathPlace(A,B):-placeOfDeath(A,B).\n', '-2.6100234264314497  deathPlace(A,B):-birthPlace(A,B).\n', '-2.0051271911265314  deathPlace(A,B):-deathplace(A,B).\n', '-2.4443591562315246  deathPlace(A,B):-residence(A,B).\n']"
174,Clamor_Heinrich_Abel,Bremen,"['-5.1765229437313165  deathPlace(A,B):-country(A,B).\n', '-3.967356875572056  deathPlace(A,B):-placeOfBirth(A,B).\n', '-2.6299125337605305  deathPlace(A,B):-nationality(A,B).\n', '-1.277633109760059  deathPlace(A,B):-placeOfDeath(A,B).\n', '-2.6100234264314497  deathPlace(A,B):-birthPlace(A,B).\n', '-2.0051271911265314  deathPlace(A,B):-deathplace(A,B).\n', '-1.4656181919347486  deathPlace(A,B):-restingPlace(A,B).\n', '-2.4443591562315246  deathPlace(A,B):-residence(A,B).\n']"
175,Fyodor_Romodanovsky,Saint_Petersburg,"['-3.967356875572056  deathPlace(A,B):-placeOfBirth(A,B).\n', '-2.6299125337605305  deathPlace(A,B):-nationality(A,B).\n', '-1.277633109760059  deathPlace(A,B):-placeOfDeath(A,B).\n', '-2.0051271911265314  deathPlace(A,B):-deathplace(A,B).\n', '-1.4656181919347486  deathPlace(A,B):-restingPlace(A,B).\n', '-2.4443591562315246  deathPlace(A,B):-residence(A,B).\n']"
177,Jesse_William_Lazear,Quemados,"['-5.1765229437313165  deathPlace(A,B):-country(A,B).\n', '-3.967356875572056  deathPlace(A,B):-placeOfBirth(A,B).\n', '-2.6299125337605305  deathPlace(A,B):-nationality(A,B).\n', '-1.277633109760059  deathPlace(A,B):-placeOfDeath(A,B).\n', '-2.6100234264314497  deathPlace(A,B):-birthPlace(A,B).\n', '-2.0051271911265314  deathPlace(A,B):-deathplace(A,B).\n', '-1.4656181919347486  deathPlace(A,B):-restingPlace(A,B).\n', '-2.4443591562315246  deathPlace(A,B):-residence(A,B).\n']"
178,Nahum_Levin,Israel,"['-5.1765229437313165  deathPlace(A,B):-country(A,B).\n', '-3.967356875572056  deathPlace(A,B):-placeOfBirth(A,B).\n', '-1.277633109760059  deathPlace(A,B):-placeOfDeath(A,B).\n', '-2.6100234264314497  deathPlace(A,B):-birthPlace(A,B).\n', '-2.4443591562315246  deathPlace(A,B):-residence(A,B).\n']"
179,Thomas_William_House_Sr.,San_Antonio,[]
182,Joe_Hardstaff_Jr.,England_cricket_team,"['-5.1765229437313165  deathPlace(A,B):-country(A,B).\n', '-3.967356875572056  deathPlace(A,B):-placeOfBirth(A,B).\n', '-2.6299125337605305  deathPlace(A,B):-nationality(A,B).\n', '-1.277633109760059  deathPlace(A,B):-placeOfDeath(A,B).\n', '-2.6100234264314497  deathPlace(A,B):-birthPlace(A,B).\n', '-2.0051271911265314  deathPlace(A,B):-deathplace(A,B).\n', '-1.4656181919347486  deathPlace(A,B):-restingPlace(A,B).\n']"
183,Jalal_Al-e-Ahmad,Iran,"['-5.1765229437313165  deathPlace(A,B):-country(A,B).\n', '-3.967356875572056  deathPlace(A,B):-placeOfBirth(A,B).\n', '-2.6299125337605305  deathPlace(A,B):-nationality(A,B).\n', '-1.277633109760059  deathPlace(A,B):-placeOfDeath(A,B).\n', '-2.6100234264314497  deathPlace(A,B):-birthPlace(A,B).\n', '-2.0051271911265314  deathPlace(A,B):-deathplace(A,B).\n', '-1.4656181919347486  deathPlace(A,B):-restingPlace(A,B).\n', '-2.4443591562315246  deathPlace(A,B):-residence(A,B).\n']"
185,Madhav_Sadashiv_Gore,Hubli,"['-5.1765229437313165  deathPlace(A,B):-country(A,B).\n', '-3.967356875572056  deathPlace(A,B):-placeOfBirth(A,B).\n', '-2.6299125337605305  deathPlace(A,B):-nationality(A,B).\n', '-1.277633109760059  deathPlace(A,B):-placeOfDeath(A,B).\n', '-2.6100234264314497  deathPlace(A,B):-birthPlace(A,B).\n', '-2.0051271911265314  deathPlace(A,B):-deathplace(A,B).\n', '-1.4656181919347486  deathPlace(A,B):-restingPlace(A,B).\n', '-2.4443591562315246  deathPlace(A,B):-residence(A,B).\n']"
189,Russ_Haas,Cincinnati,"['-3.967356875572056  deathPlace(A,B):-placeOfBirth(A,B).\n', '-1.277633109760059  deathPlace(A,B):-placeOfDeath(A,B).\n', '-2.0051271911265314  deathPlace(A,B):-deathplace(A,B).\n', '-1.4656181919347486  deathPlace(A,B):-restingPlace(A,B).\n']"
195,Audishu_V_Khayyath,Baghdad,[]
196,Carl_K._Moeddel,Cincinnati,"['-5.1765229437313165  deathPlace(A,B):-country(A,B).\n', '-3.967356875572056  deathPlace(A,B):-placeOfBirth(A,B).\n', '-2.6299125337605305  deathPlace(A,B):-nationality(A,B).\n', '-1.277633109760059  deathPlace(A,B):-placeOfDeath(A,B).\n', '-2.6100234264314497  deathPlace(A,B):-birthPlace(A,B).\n', '-2.0051271911265314  deathPlace(A,B):-deathplace(A,B).\n', '-1.4656181919347486  deathPlace(A,B):-restingPlace(A,B).\n', '-2.4443591562315246  deathPlace(A,B):-residence(A,B).\n']"
200,Jesse_Anderson,University_of_Wisconsin_Hospital_and_Clinics,"['-5.1765229437313165  deathPlace(A,B):-country(A,B).\n']"
201,Charles_Dunlop,Kensington,"['-5.1765229437313165  deathPlace(A,B):-country(A,B).\n', '-3.967356875572056  deathPlace(A,B):-placeOfBirth(A,B).\n', '-2.6299125337605305  deathPlace(A,B):-nationality(A,B).\n', '-1.277633109760059  deathPlace(A,B):-placeOfDeath(A,B).\n', '-2.6100234264314497  deathPlace(A,B):-birthPlace(A,B).\n', '-2.0051271911265314  deathPlace(A,B):-deathplace(A,B).\n', '-1.4656181919347486  deathPlace(A,B):-restingPlace(A,B).\n', '-2.4443591562315246  deathPlace(A,B):-residence(A,B).\n']"
202,Isaac_C._Kidd,Pearl_Harbor,"['-5.1765229437313165  deathPlace(A,B):-country(A,B).\n', '-3.967356875572056  deathPlace(A,B):-placeOfBirth(A,B).\n', '-2.6299125337605305  deathPlace(A,B):-nationality(A,B).\n', '-1.277633109760059  deathPlace(A,B):-placeOfDeath(A,B).\n', '-2.6100234264314497  deathPlace(A,B):-birthPlace(A,B).\n', '-2.0051271911265314  deathPlace(A,B):-deathplace(A,B).\n', '-1.4656181919347486  deathPlace(A,B):-restingPlace(A,B).\n', '-2.4443591562315246  deathPlace(A,B):-residence(A,B).\n']"
203,Clyde_Otis,New_Jersey,"['-5.1765229437313165  deathPlace(A,B):-country(A,B).\n', '-3.967356875572056  deathPlace(A,B):-placeOfBirth(A,B).\n', '-2.6299125337605305  deathPlace(A,B):-nationality(A,B).\n', '-2.0051271911265314  deathPlace(A,B):-deathplace(A,B).\n', '-1.4656181919347486  deathPlace(A,B):-restingPlace(A,B).\n', '-2.4443591562315246  deathPlace(A,B):-residence(A,B).\n']"
206,Serhiy_Zakarlyuka,Poltava,"['-5.1765229437313165  deathPlace(A,B):-country(A,B).\n', '-3.967356875572056  deathPlace(A,B):-placeOfBirth(A,B).\n', '-2.6299125337605305  deathPlace(A,B):-nationality(A,B).\n', '-1.277633109760059  deathPlace(A,B):-placeOfDeath(A,B).\n', '-2.6100234264314497  deathPlace(A,B):-birthPlace(A,B).\n', '-2.0051271911265314  deathPlace(A,B):-deathplace(A,B).\n', '-1.4656181919347486  deathPlace(A,B):-restingPlace(A,B).\n', '-2.4443591562315246  deathPlace(A,B):-residence(A,B).\n']"
207,Moulvi_Fakhrey_Alam,India,[]
208,Julian_Allen,Baltimore,"['-3.967356875572056  deathPlace(A,B):-placeOfBirth(A,B).\n', '-2.6299125337605305  deathPlace(A,B):-nationality(A,B).\n', '-1.277633109760059  deathPlace(A,B):-placeOfDeath(A,B).\n', '-2.6100234264314497  deathPlace(A,B):-birthPlace(A,B).\n', '-2.0051271911265314  deathPlace(A,B):-deathplace(A,B).\n', '-1.4656181919347486  deathPlace(A,B):-restingPlace(A,B).\n', '-2.4443591562315246  deathPlace(A,B):-residence(A,B).\n']"
212,Sydney_Howard_Smith,Gloucestershire,"['-5.1765229437313165  deathPlace(A,B):-country(A,B).\n', '-3.967356875572056  deathPlace(A,B):-placeOfBirth(A,B).\n', '-2.6299125337605305  deathPlace(A,B):-nationality(A,B).\n', '-1.277633109760059  deathPlace(A,B):-placeOfDeath(A,B).\n', '-2.6100234264314497  deathPlace(A,B):-birthPlace(A,B).\n', '-2.0051271911265314  deathPlace(A,B):-deathplace(A,B).\n', '-1.4656181919347486  deathPlace(A,B):-restingPlace(A,B).\n', '-2.4443591562315246  deathPlace(A,B):-residence(A,B).\n']"
214,Philip_F._Spaulding,Washington_(state),"['-5.1765229437313165  deathPlace(A,B):-country(A,B).\n', '-3.967356875572056  deathPlace(A,B):-placeOfBirth(A,B).\n', '-2.6299125337605305  deathPlace(A,B):-nationality(A,B).\n', '-1.277633109760059  deathPlace(A,B):-placeOfDeath(A,B).\n', '-2.6100234264314497  deathPlace(A,B):-birthPlace(A,B).\n', '-2.0051271911265314  deathPlace(A,B):-deathplace(A,B).\n', '-1.4656181919347486  deathPlace(A,B):-restingPlace(A,B).\n', '-2.4443591562315246  deathPlace(A,B):-residence(A,B).\n']"
216,Tomoyuki_Tanaka,http://wikidata.dbpedia.org/resource/Q7473516,[]
218,Hans_Philipp,Neuenhaus,"['-5.1765229437313165  deathPlace(A,B):-country(A,B).\n', '-3.967356875572056  deathPlace(A,B):-placeOfBirth(A,B).\n', '-1.277633109760059  deathPlace(A,B):-placeOfDeath(A,B).\n', '-2.6100234264314497  deathPlace(A,B):-birthPlace(A,B).\n', '-2.0051271911265314  deathPlace(A,B):-deathplace(A,B).\n', '-1.4656181919347486  deathPlace(A,B):-restingPlace(A,B).\n', '-2.4443591562315246  deathPlace(A,B):-residence(A,B).\n']"
222,Edith_Luckett_Davis,Arizona,"['-5.1765229437313165  deathPlace(A,B):-country(A,B).\n', '-3.967356875572056  deathPlace(A,B):-placeOfBirth(A,B).\n', '-2.6299125337605305  deathPlace(A,B):-nationality(A,B).\n', '-1.277633109760059  deathPlace(A,B):-placeOfDeath(A,B).\n', '-2.6100234264314497  deathPlace(A,B):-birthPlace(A,B).\n', '-2.0051271911265314  deathPlace(A,B):-deathplace(A,B).\n', '-1.4656181919347486  deathPlace(A,B):-restingPlace(A,B).\n', '-2.4443591562315246  deathPlace(A,B):-residence(A,B).\n']"
223,Michael_Graves,New_Jersey,"['-5.1765229437313165  deathPlace(A,B):-country(A,B).\n', '-1.277633109760059  deathPlace(A,B):-placeOfDeath(A,B).\n', '-2.0051271911265314  deathPlace(A,B):-deathplace(A,B).\n', '-1.4656181919347486  deathPlace(A,B):-restingPlace(A,B).\n', '-2.4443591562315246  deathPlace(A,B):-residence(A,B).\n']"
224,Eric_II_of_Norway,Bergen,"['-2.6100234264314497  deathPlace(A,B):-birthPlace(A,B).\n']"
226,Fred_Godfrey,Pinner,"['-5.1765229437313165  deathPlace(A,B):-country(A,B).\n', '-3.967356875572056  deathPlace(A,B):-placeOfBirth(A,B).\n', '-2.6299125337605305  deathPlace(A,B):-nationality(A,B).\n', '-1.277633109760059  deathPlace(A,B):-placeOfDeath(A,B).\n', '-2.6100234264314497  deathPlace(A,B):-birthPlace(A,B).\n', '-2.0051271911265314  deathPlace(A,B):-deathplace(A,B).\n', '-1.4656181919347486  deathPlace(A,B):-restingPlace(A,B).\n', '-2.4443591562315246  deathPlace(A,B):-residence(A,B).\n']"
232,Cleo_Odzer,Goa,"['-5.1765229437313165  deathPlace(A,B):-country(A,B).\n', '-3.967356875572056  deathPlace(A,B):-placeOfBirth(A,B).\n', '-2.6299125337605305  deathPlace(A,B):-nationality(A,B).\n', '-1.277633109760059  deathPlace(A,B):-placeOfDeath(A,B).\n', '-2.6100234264314497  deathPlace(A,B):-birthPlace(A,B).\n', '-2.0051271911265314  deathPlace(A,B):-deathplace(A,B).\n', '-1.4656181919347486  deathPlace(A,B):-restingPlace(A,B).\n', '-2.4443591562315246  deathPlace(A,B):-residence(A,B).\n']"
3001,William_Tecumseh_Sherman,Missouri,"['-5.1765229437313165  deathPlace(A,B):-country(A,B).\n', '-3.967356875572056  deathPlace(A,B):-placeOfBirth(A,B).\n', '-2.6299125337605305  deathPlace(A,B):-nationality(A,B).\n', '-1.277633109760059  deathPlace(A,B):-placeOfDeath(A,B).\n', '-2.6100234264314497  deathPlace(A,B):-birthPlace(A,B).\n', '-2.0051271911265314  deathPlace(A,B):-deathplace(A,B).\n', '-1.4656181919347486  deathPlace(A,B):-restingPlace(A,B).\n', '-2.4443591562315246  deathPlace(A,B):-residence(A,B).\n']"
3002,John_Knight_(Royal_Navy_officer),Scotland,"['-5.1765229437313165  deathPlace(A,B):-country(A,B).\n', '-3.967356875572056  deathPlace(A,B):-placeOfBirth(A,B).\n', '-2.6299125337605305  deathPlace(A,B):-nationality(A,B).\n', '-1.277633109760059  deathPlace(A,B):-placeOfDeath(A,B).\n', '-2.6100234264314497  deathPlace(A,B):-birthPlace(A,B).\n', '-2.0051271911265314  deathPlace(A,B):-deathplace(A,B).\n', '-1.4656181919347486  deathPlace(A,B):-restingPlace(A,B).\n', '-2.4443591562315246  deathPlace(A,B):-residence(A,B).\n']"
3003,Howard_Browne,Omaha,"['-2.6100234264314497  deathPlace(A,B):-birthPlace(A,B).\n']"
3004,Alfred_William_Savary,Digby_(electoral_district),"['-5.1765229437313165  deathPlace(A,B):-country(A,B).\n', '-3.967356875572056  deathPlace(A,B):-placeOfBirth(A,B).\n', '-2.6299125337605305  deathPlace(A,B):-nationality(A,B).\n', '-1.277633109760059  deathPlace(A,B):-placeOfDeath(A,B).\n', '-2.6100234264314497  deathPlace(A,B):-birthPlace(A,B).\n', '-2.0051271911265314  deathPlace(A,B):-deathplace(A,B).\n', '-1.4656181919347486  deathPlace(A,B):-restingPlace(A,B).\n', '-2.4443591562315246  deathPlace(A,B):-residence(A,B).\n']"
3006,Roger_B._Chaffee,Arlington_National_Cemetery,"['-5.1765229437313165  deathPlace(A,B):-country(A,B).\n', '-3.967356875572056  deathPlace(A,B):-placeOfBirth(A,B).\n', '-2.6299125337605305  deathPlace(A,B):-nationality(A,B).\n', '-1.277633109760059  deathPlace(A,B):-placeOfDeath(A,B).\n', '-2.6100234264314497  deathPlace(A,B):-birthPlace(A,B).\n', '-2.0051271911265314  deathPlace(A,B):-deathplace(A,B).\n', '-1.4656181919347486  deathPlace(A,B):-restingPlace(A,B).\n', '-2.4443591562315246  deathPlace(A,B):-residence(A,B).\n']"
3007,Thomas_Malory,Warwickshire,"['-2.6100234264314497  deathPlace(A,B):-birthPlace(A,B).\n']"
3008,Fritz_Lindemann,Charlottenburg,"['-5.1765229437313165  deathPlace(A,B):-country(A,B).\n', '-3.967356875572056  deathPlace(A,B):-placeOfBirth(A,B).\n', '-2.6299125337605305  deathPlace(A,B):-nationality(A,B).\n', '-1.277633109760059  deathPlace(A,B):-placeOfDeath(A,B).\n', '-2.6100234264314497  deathPlace(A,B):-birthPlace(A,B).\n', '-2.0051271911265314  deathPlace(A,B):-deathplace(A,B).\n', '-1.4656181919347486  deathPlace(A,B):-restingPlace(A,B).\n', '-2.4443591562315246  deathPlace(A,B):-residence(A,B).\n']"
3009,Vladimir_Sokoloff,Stroke,"['-5.1765229437313165  deathPlace(A,B):-country(A,B).\n', '-3.967356875572056  deathPlace(A,B):-placeOfBirth(A,B).\n', '-2.6299125337605305  deathPlace(A,B):-nationality(A,B).\n', '-1.277633109760059  deathPlace(A,B):-placeOfDeath(A,B).\n', '-1.4656181919347486  deathPlace(A,B):-restingPlace(A,B).\n', '-2.4443591562315246  deathPlace(A,B):-residence(A,B).\n']"
3010,Harold_Washington,Pacific_War,"['-5.1765229437313165  deathPlace(A,B):-country(A,B).\n', '-3.967356875572056  deathPlace(A,B):-placeOfBirth(A,B).\n', '-1.277633109760059  deathPlace(A,B):-placeOfDeath(A,B).\n', '-2.6100234264314497  deathPlace(A,B):-birthPlace(A,B).\n', '-1.4656181919347486  deathPlace(A,B):-restingPlace(A,B).\n', '-2.4443591562315246  deathPlace(A,B):-residence(A,B).\n']"
3011,Guy_Newall,Isle_of_Wight,"['-5.1765229437313165  deathPlace(A,B):-country(A,B).\n', '-3.967356875572056  deathPlace(A,B):-placeOfBirth(A,B).\n', '-2.6299125337605305  deathPlace(A,B):-nationality(A,B).\n', '-1.277633109760059  deathPlace(A,B):-placeOfDeath(A,B).\n', '-2.6100234264314497  deathPlace(A,B):-birthPlace(A,B).\n', '-2.0051271911265314  deathPlace(A,B):-deathplace(A,B).\n', '-1.4656181919347486  deathPlace(A,B):-restingPlace(A,B).\n', '-2.4443591562315246  deathPlace(A,B):-residence(A,B).\n']"
3012,Bert_Trautmann,Weimar_Republic,"['-3.967356875572056  deathPlace(A,B):-placeOfBirth(A,B).\n', '-2.6100234264314497  deathPlace(A,B):-birthPlace(A,B).\n']"
3013,Phoolan_Devi,Uttar_Pradesh,"['-2.6100234264314497  deathPlace(A,B):-birthPlace(A,B).\n', '-2.4443591562315246  deathPlace(A,B):-residence(A,B).\n']"
3014,Glen_Edwards_(pilot),Medicine_Hat,"['-2.6100234264314497  deathPlace(A,B):-birthPlace(A,B).\n']"
3015,Vasco_da_Gama,Alentejo,"['-5.1765229437313165  deathPlace(A,B):-country(A,B).\n', '-3.967356875572056  deathPlace(A,B):-placeOfBirth(A,B).\n', '-2.6299125337605305  deathPlace(A,B):-nationality(A,B).\n', '-1.277633109760059  deathPlace(A,B):-placeOfDeath(A,B).\n', '-2.6100234264314497  deathPlace(A,B):-birthPlace(A,B).\n', '-2.0051271911265314  deathPlace(A,B):-deathplace(A,B).\n', '-1.4656181919347486  deathPlace(A,B):-restingPlace(A,B).\n']"
3016,J._Howard_Kitching,New_York_(state),"['-5.1765229437313165  deathPlace(A,B):-country(A,B).\n', '-3.967356875572056  deathPlace(A,B):-placeOfBirth(A,B).\n', '-2.6299125337605305  deathPlace(A,B):-nationality(A,B).\n', '-1.277633109760059  deathPlace(A,B):-placeOfDeath(A,B).\n', '-2.6100234264314497  deathPlace(A,B):-birthPlace(A,B).\n', '-2.0051271911265314  deathPlace(A,B):-deathplace(A,B).\n', '-1.4656181919347486  deathPlace(A,B):-restingPlace(A,B).\n', '-2.4443591562315246  deathPlace(A,B):-residence(A,B).\n']"
3017,William_the_Conqueror,Duchy_of_Normandy,"['-5.1765229437313165  deathPlace(A,B):-country(A,B).\n', '-3.967356875572056  deathPlace(A,B):-placeOfBirth(A,B).\n', '-2.6299125337605305  deathPlace(A,B):-nationality(A,B).\n', '-1.277633109760059  deathPlace(A,B):-placeOfDeath(A,B).\n', '-2.6100234264314497  deathPlace(A,B):-birthPlace(A,B).\n', '-2.0051271911265314  deathPlace(A,B):-deathplace(A,B).\n', '-1.4656181919347486  deathPlace(A,B):-restingPlace(A,B).\n', '-2.4443591562315246  deathPlace(A,B):-residence(A,B).\n']"
3021,Vitus_Bering,Russian_Empire,"['-5.1765229437313165  deathPlace(A,B):-country(A,B).\n', '-3.967356875572056  deathPlace(A,B):-placeOfBirth(A,B).\n', '-2.6299125337605305  deathPlace(A,B):-nationality(A,B).\n', '-1.277633109760059  deathPlace(A,B):-placeOfDeath(A,B).\n', '-2.6100234264314497  deathPlace(A,B):-birthPlace(A,B).\n', '-2.0051271911265314  deathPlace(A,B):-deathplace(A,B).\n', '-1.4656181919347486  deathPlace(A,B):-restingPlace(A,B).\n', '-2.4443591562315246  deathPlace(A,B):-residence(A,B).\n']"
3022,Abul_Kalam_Azad,Hejaz_Vilayet,"['-5.1765229437313165  deathPlace(A,B):-country(A,B).\n', '-3.967356875572056  deathPlace(A,B):-placeOfBirth(A,B).\n', '-2.6299125337605305  deathPlace(A,B):-nationality(A,B).\n', '-1.277633109760059  deathPlace(A,B):-placeOfDeath(A,B).\n', '-2.6100234264314497  deathPlace(A,B):-birthPlace(A,B).\n', '-2.0051271911265314  deathPlace(A,B):-deathplace(A,B).\n', '-1.4656181919347486  deathPlace(A,B):-restingPlace(A,B).\n', '-2.4443591562315246  deathPlace(A,B):-residence(A,B).\n']"
3023,Hildegard_Knef,Weimer_Republic,"['-2.6100234264314497  deathPlace(A,B):-birthPlace(A,B).\n']"
3024,Marcus_Junius_Brutus_the_Younger,Rome,"['-2.6100234264314497  deathPlace(A,B):-birthPlace(A,B).\n']"
3025,Thomas_Hardy,Westminster_Abbey,"['-5.1765229437313165  deathPlace(A,B):-country(A,B).\n', '-3.967356875572056  deathPlace(A,B):-placeOfBirth(A,B).\n', '-2.6299125337605305  deathPlace(A,B):-nationality(A,B).\n', '-1.277633109760059  deathPlace(A,B):-placeOfDeath(A,B).\n', '-2.6100234264314497  deathPlace(A,B):-birthPlace(A,B).\n', '-2.0051271911265314  deathPlace(A,B):-deathplace(A,B).\n', '-1.4656181919347486  deathPlace(A,B):-restingPlace(A,B).\n', '-2.4443591562315246  deathPlace(A,B):-residence(A,B).\n']"
3028,James_I_of_Scotland,Fife,"['-5.1765229437313165  deathPlace(A,B):-country(A,B).\n', '-3.967356875572056  deathPlace(A,B):-placeOfBirth(A,B).\n', '-2.6299125337605305  deathPlace(A,B):-nationality(A,B).\n', '-1.277633109760059  deathPlace(A,B):-placeOfDeath(A,B).\n', '-2.6100234264314497  deathPlace(A,B):-birthPlace(A,B).\n', '-2.0051271911265314  deathPlace(A,B):-deathplace(A,B).\n', '-1.4656181919347486  deathPlace(A,B):-restingPlace(A,B).\n', '-2.4443591562315246  deathPlace(A,B):-residence(A,B).\n']"
3029,Alexander_Kazakov,Kherson_Governorate,"['-5.1765229437313165  deathPlace(A,B):-country(A,B).\n', '-3.967356875572056  deathPlace(A,B):-placeOfBirth(A,B).\n', '-2.6299125337605305  deathPlace(A,B):-nationality(A,B).\n', '-1.277633109760059  deathPlace(A,B):-placeOfDeath(A,B).\n', '-2.6100234264314497  deathPlace(A,B):-birthPlace(A,B).\n', '-2.0051271911265314  deathPlace(A,B):-deathplace(A,B).\n', '-1.4656181919347486  deathPlace(A,B):-restingPlace(A,B).\n', '-2.4443591562315246  deathPlace(A,B):-residence(A,B).\n']"
3030,George_Mason_III,Chopawamsic_(plantation),"['-5.1765229437313165  deathPlace(A,B):-country(A,B).\n', '-3.967356875572056  deathPlace(A,B):-placeOfBirth(A,B).\n', '-2.6299125337605305  deathPlace(A,B):-nationality(A,B).\n', '-1.277633109760059  deathPlace(A,B):-placeOfDeath(A,B).\n', '-2.6100234264314497  deathPlace(A,B):-birthPlace(A,B).\n', '-2.0051271911265314  deathPlace(A,B):-deathplace(A,B).\n', '-1.4656181919347486  deathPlace(A,B):-restingPlace(A,B).\n', '-2.4443591562315246  deathPlace(A,B):-residence(A,B).\n']"
3031,Carl_von_Marr,Milwaukee,"['-5.1765229437313165  deathPlace(A,B):-country(A,B).\n', '-3.967356875572056  deathPlace(A,B):-placeOfBirth(A,B).\n', '-1.277633109760059  deathPlace(A,B):-placeOfDeath(A,B).\n', '-2.6100234264314497  deathPlace(A,B):-birthPlace(A,B).\n', '-1.4656181919347486  deathPlace(A,B):-restingPlace(A,B).\n', '-2.4443591562315246  deathPlace(A,B):-residence(A,B).\n']"
3032,Thomas_Kirk_(botanist),Coventry,"['-2.6100234264314497  deathPlace(A,B):-birthPlace(A,B).\n']"
3033,Doug_Wright_(cartoonist),Kent,"['-5.1765229437313165  deathPlace(A,B):-country(A,B).\n', '-3.967356875572056  deathPlace(A,B):-placeOfBirth(A,B).\n', '-2.6299125337605305  deathPlace(A,B):-nationality(A,B).\n', '-1.277633109760059  deathPlace(A,B):-placeOfDeath(A,B).\n', '-2.6100234264314497  deathPlace(A,B):-birthPlace(A,B).\n', '-2.0051271911265314  deathPlace(A,B):-deathplace(A,B).\n', '-1.4656181919347486  deathPlace(A,B):-restingPlace(A,B).\n', '-2.4443591562315246  deathPlace(A,B):-residence(A,B).\n']"
3034,Renzo_Rossellini_(composer),Rome,"['-5.1765229437313165  deathPlace(A,B):-country(A,B).\n', '-3.967356875572056  deathPlace(A,B):-placeOfBirth(A,B).\n', '-2.6299125337605305  deathPlace(A,B):-nationality(A,B).\n', '-1.277633109760059  deathPlace(A,B):-placeOfDeath(A,B).\n', '-2.6100234264314497  deathPlace(A,B):-birthPlace(A,B).\n', '-2.0051271911265314  deathPlace(A,B):-deathplace(A,B).\n', '-1.4656181919347486  deathPlace(A,B):-restingPlace(A,B).\n', '-2.4443591562315246  deathPlace(A,B):-residence(A,B).\n']"
3038,George_Miller_Bligh,Hampshire,"['-5.1765229437313165  deathPlace(A,B):-country(A,B).\n', '-3.967356875572056  deathPlace(A,B):-placeOfBirth(A,B).\n', '-2.6299125337605305  deathPlace(A,B):-nationality(A,B).\n', '-1.277633109760059  deathPlace(A,B):-placeOfDeath(A,B).\n', '-2.6100234264314497  deathPlace(A,B):-birthPlace(A,B).\n', '-2.0051271911265314  deathPlace(A,B):-deathplace(A,B).\n', '-1.4656181919347486  deathPlace(A,B):-restingPlace(A,B).\n', '-2.4443591562315246  deathPlace(A,B):-residence(A,B).\n']"
3040,Dudley_E._Littlewood,London,"['-2.6100234264314497  deathPlace(A,B):-birthPlace(A,B).\n']"
3041,David_Robertson_(cyclist),Sheffield,"['-2.6100234264314497  deathPlace(A,B):-birthPlace(A,B).\n']"
3044,Thomas_Graham_(chemist),Glasgow,"['-3.967356875572056  deathPlace(A,B):-placeOfBirth(A,B).\n', '-1.277633109760059  deathPlace(A,B):-placeOfDeath(A,B).\n', '-2.6100234264314497  deathPlace(A,B):-birthPlace(A,B).\n', '-2.0051271911265314  deathPlace(A,B):-deathplace(A,B).\n', '-1.4656181919347486  deathPlace(A,B):-restingPlace(A,B).\n']"
3046,Gabriele_D'Annunzio,Abruzzo,"['-5.1765229437313165  deathPlace(A,B):-country(A,B).\n', '-3.967356875572056  deathPlace(A,B):-placeOfBirth(A,B).\n', '-2.6299125337605305  deathPlace(A,B):-nationality(A,B).\n', '-1.277633109760059  deathPlace(A,B):-placeOfDeath(A,B).\n', '-2.6100234264314497  deathPlace(A,B):-birthPlace(A,B).\n', '-2.0051271911265314  deathPlace(A,B):-deathplace(A,B).\n', '-1.4656181919347486  deathPlace(A,B):-restingPlace(A,B).\n', '-2.4443591562315246  deathPlace(A,B):-residence(A,B).\n']"
3047,Germany_Schaefer,Chicago,"['-2.6100234264314497  deathPlace(A,B):-birthPlace(A,B).\n', '-2.4443591562315246  deathPlace(A,B):-residence(A,B).\n']"
3049,Algernon_Bligh,Marylebone,"['-5.1765229437313165  deathPlace(A,B):-country(A,B).\n', '-3.967356875572056  deathPlace(A,B):-placeOfBirth(A,B).\n', '-2.6299125337605305  deathPlace(A,B):-nationality(A,B).\n', '-1.277633109760059  deathPlace(A,B):-placeOfDeath(A,B).\n', '-2.6100234264314497  deathPlace(A,B):-birthPlace(A,B).\n', '-2.0051271911265314  deathPlace(A,B):-deathplace(A,B).\n', '-1.4656181919347486  deathPlace(A,B):-restingPlace(A,B).\n', '-2.4443591562315246  deathPlace(A,B):-residence(A,B).\n']"
3050,Henry_Williams_(Massachusetts),Massachusetts,"['-5.1765229437313165  deathPlace(A,B):-country(A,B).\n', '-3.967356875572056  deathPlace(A,B):-placeOfBirth(A,B).\n', '-2.6299125337605305  deathPlace(A,B):-nationality(A,B).\n', '-1.277633109760059  deathPlace(A,B):-placeOfDeath(A,B).\n', '-2.6100234264314497  deathPlace(A,B):-birthPlace(A,B).\n', '-2.0051271911265314  deathPlace(A,B):-deathplace(A,B).\n', '-1.4656181919347486  deathPlace(A,B):-restingPlace(A,B).\n', '-2.4443591562315246  deathPlace(A,B):-residence(A,B).\n']"
3053,Albert_Baez,Puebla_City,"['-3.967356875572056  deathPlace(A,B):-placeOfBirth(A,B).\n', '-2.6299125337605305  deathPlace(A,B):-nationality(A,B).\n', '-1.277633109760059  deathPlace(A,B):-placeOfDeath(A,B).\n', '-2.6100234264314497  deathPlace(A,B):-birthPlace(A,B).\n', '-2.0051271911265314  deathPlace(A,B):-deathplace(A,B).\n', '-1.4656181919347486  deathPlace(A,B):-restingPlace(A,B).\n']"
3055,Hermann_Carl_Vogel,Leipzig,"['-2.6100234264314497  deathPlace(A,B):-birthPlace(A,B).\n']"
3058,Gerald_of_Wales,Pembrokeshire,"['-5.1765229437313165  deathPlace(A,B):-country(A,B).\n', '-3.967356875572056  deathPlace(A,B):-placeOfBirth(A,B).\n', '-2.6299125337605305  deathPlace(A,B):-nationality(A,B).\n', '-1.277633109760059  deathPlace(A,B):-placeOfDeath(A,B).\n', '-2.6100234264314497  deathPlace(A,B):-birthPlace(A,B).\n', '-2.0051271911265314  deathPlace(A,B):-deathplace(A,B).\n', '-1.4656181919347486  deathPlace(A,B):-restingPlace(A,B).\n', '-2.4443591562315246  deathPlace(A,B):-residence(A,B).\n']"
3059,Alfred_Rosenberg,Tallinn,"['-5.1765229437313165  deathPlace(A,B):-country(A,B).\n', '-3.967356875572056  deathPlace(A,B):-placeOfBirth(A,B).\n', '-2.6299125337605305  deathPlace(A,B):-nationality(A,B).\n', '-1.277633109760059  deathPlace(A,B):-placeOfDeath(A,B).\n', '-2.6100234264314497  deathPlace(A,B):-birthPlace(A,B).\n', '-2.0051271911265314  deathPlace(A,B):-deathplace(A,B).\n', '-1.4656181919347486  deathPlace(A,B):-restingPlace(A,B).\n', '-2.4443591562315246  deathPlace(A,B):-residence(A,B).\n']"
3060,Soong_Mei-ling,Qing_dynasty,"['-3.967356875572056  deathPlace(A,B):-placeOfBirth(A,B).\n', '-2.6299125337605305  deathPlace(A,B):-nationality(A,B).\n', '-1.277633109760059  deathPlace(A,B):-placeOfDeath(A,B).\n', '-2.6100234264314497  deathPlace(A,B):-birthPlace(A,B).\n', '-2.0051271911265314  deathPlace(A,B):-deathplace(A,B).\n', '-1.4656181919347486  deathPlace(A,B):-restingPlace(A,B).\n', '-2.4443591562315246  deathPlace(A,B):-residence(A,B).\n']"
3061,Ivica_Horvat,Sisak,"['-5.1765229437313165  deathPlace(A,B):-country(A,B).\n', '-3.967356875572056  deathPlace(A,B):-placeOfBirth(A,B).\n', '-2.6299125337605305  deathPlace(A,B):-nationality(A,B).\n', '-1.277633109760059  deathPlace(A,B):-placeOfDeath(A,B).\n', '-2.6100234264314497  deathPlace(A,B):-birthPlace(A,B).\n', '-1.4656181919347486  deathPlace(A,B):-restingPlace(A,B).\n', '-2.4443591562315246  deathPlace(A,B):-residence(A,B).\n']"
3062,Fulco_Ruffo_di_Calabria,Naples,"['-5.1765229437313165  deathPlace(A,B):-country(A,B).\n', '-3.967356875572056  deathPlace(A,B):-placeOfBirth(A,B).\n', '-2.6299125337605305  deathPlace(A,B):-nationality(A,B).\n', '-1.277633109760059  deathPlace(A,B):-placeOfDeath(A,B).\n', '-2.6100234264314497  deathPlace(A,B):-birthPlace(A,B).\n', '-2.0051271911265314  deathPlace(A,B):-deathplace(A,B).\n', '-1.4656181919347486  deathPlace(A,B):-restingPlace(A,B).\n', '-2.4443591562315246  deathPlace(A,B):-residence(A,B).\n']"
3063,Chic_Stone,New_York_(state),"['-5.1765229437313165  deathPlace(A,B):-country(A,B).\n', '-3.967356875572056  deathPlace(A,B):-placeOfBirth(A,B).\n', '-1.277633109760059  deathPlace(A,B):-placeOfDeath(A,B).\n', '-2.6100234264314497  deathPlace(A,B):-birthPlace(A,B).\n', '-2.0051271911265314  deathPlace(A,B):-deathplace(A,B).\n', '-2.4443591562315246  deathPlace(A,B):-residence(A,B).\n']"
3065,Andreas_Vesalius,Habsburg_Netherlands,"['-2.6100234264314497  deathPlace(A,B):-birthPlace(A,B).\n']"
3069,Maria_Luisa_of_Parma,Duchy_of_Parma,"['-5.1765229437313165  deathPlace(A,B):-country(A,B).\n', '-3.967356875572056  deathPlace(A,B):-placeOfBirth(A,B).\n', '-2.6299125337605305  deathPlace(A,B):-nationality(A,B).\n', '-1.277633109760059  deathPlace(A,B):-placeOfDeath(A,B).\n', '-2.6100234264314497  deathPlace(A,B):-birthPlace(A,B).\n', '-2.0051271911265314  deathPlace(A,B):-deathplace(A,B).\n', '-1.4656181919347486  deathPlace(A,B):-restingPlace(A,B).\n', '-2.4443591562315246  deathPlace(A,B):-residence(A,B).\n']"
3071,Antonio_Bosio,Birgu,"['-3.967356875572056  deathPlace(A,B):-placeOfBirth(A,B).\n', '-2.6100234264314497  deathPlace(A,B):-birthPlace(A,B).\n', '-2.0051271911265314  deathPlace(A,B):-deathplace(A,B).\n']"
3072,Adalbert_of_Magdeburg,Archbishopric_of_Magdeburg,"['-5.1765229437313165  deathPlace(A,B):-country(A,B).\n', '-3.967356875572056  deathPlace(A,B):-placeOfBirth(A,B).\n', '-2.6299125337605305  deathPlace(A,B):-nationality(A,B).\n', '-1.277633109760059  deathPlace(A,B):-placeOfDeath(A,B).\n', '-2.6100234264314497  deathPlace(A,B):-birthPlace(A,B).\n', '-2.0051271911265314  deathPlace(A,B):-deathplace(A,B).\n', '-1.4656181919347486  deathPlace(A,B):-restingPlace(A,B).\n', '-2.4443591562315246  deathPlace(A,B):-residence(A,B).\n']"
3073,Christopher_C._Augur,Arlington_National_Cemetery,"['-5.1765229437313165  deathPlace(A,B):-country(A,B).\n', '-3.967356875572056  deathPlace(A,B):-placeOfBirth(A,B).\n', '-2.6299125337605305  deathPlace(A,B):-nationality(A,B).\n', '-1.277633109760059  deathPlace(A,B):-placeOfDeath(A,B).\n', '-2.6100234264314497  deathPlace(A,B):-birthPlace(A,B).\n', '-2.0051271911265314  deathPlace(A,B):-deathplace(A,B).\n', '-1.4656181919347486  deathPlace(A,B):-restingPlace(A,B).\n', '-2.4443591562315246  deathPlace(A,B):-residence(A,B).\n']"
3076,Charlton_Heston,Actor,"['-5.1765229437313165  deathPlace(A,B):-country(A,B).\n', '-2.6299125337605305  deathPlace(A,B):-nationality(A,B).\n', '-1.277633109760059  deathPlace(A,B):-placeOfDeath(A,B).\n', '-2.6100234264314497  deathPlace(A,B):-birthPlace(A,B).\n', '-2.4443591562315246  deathPlace(A,B):-residence(A,B).\n']"
3077,Colin_McPhee,Montreal,"['-2.6100234264314497  deathPlace(A,B):-birthPlace(A,B).\n']"
3078,Wilhelm_Grimm,Hanau,"['-5.1765229437313165  deathPlace(A,B):-country(A,B).\n', '-3.967356875572056  deathPlace(A,B):-placeOfBirth(A,B).\n', '-2.6299125337605305  deathPlace(A,B):-nationality(A,B).\n', '-1.277633109760059  deathPlace(A,B):-placeOfDeath(A,B).\n', '-2.6100234264314497  deathPlace(A,B):-birthPlace(A,B).\n', '-2.0051271911265314  deathPlace(A,B):-deathplace(A,B).\n', '-1.4656181919347486  deathPlace(A,B):-restingPlace(A,B).\n', '-2.4443591562315246  deathPlace(A,B):-residence(A,B).\n']"
3079,George_III_of_the_United_Kingdom,St._James's_Square,"['-5.1765229437313165  deathPlace(A,B):-country(A,B).\n', '-3.967356875572056  deathPlace(A,B):-placeOfBirth(A,B).\n', '-2.6299125337605305  deathPlace(A,B):-nationality(A,B).\n', '-1.277633109760059  deathPlace(A,B):-placeOfDeath(A,B).\n', '-2.6100234264314497  deathPlace(A,B):-birthPlace(A,B).\n', '-2.0051271911265314  deathPlace(A,B):-deathplace(A,B).\n', '-1.4656181919347486  deathPlace(A,B):-restingPlace(A,B).\n', '-2.4443591562315246  deathPlace(A,B):-residence(A,B).\n']"
3080,Thomas_Mifflin,Pennsylvania,"['-5.1765229437313165  deathPlace(A,B):-country(A,B).\n', '-3.967356875572056  deathPlace(A,B):-placeOfBirth(A,B).\n', '-2.6299125337605305  deathPlace(A,B):-nationality(A,B).\n', '-1.277633109760059  deathPlace(A,B):-placeOfDeath(A,B).\n', '-2.6100234264314497  deathPlace(A,B):-birthPlace(A,B).\n', '-2.0051271911265314  deathPlace(A,B):-deathplace(A,B).\n', '-1.4656181919347486  deathPlace(A,B):-restingPlace(A,B).\n', '-2.4443591562315246  deathPlace(A,B):-residence(A,B).\n']"
3081,Casimir_Funk,Congress_Poland,"['-2.6100234264314497  deathPlace(A,B):-birthPlace(A,B).\n']"
3084,Thomas_Paine,Norfolk,"['-5.1765229437313165  deathPlace(A,B):-country(A,B).\n', '-3.967356875572056  deathPlace(A,B):-placeOfBirth(A,B).\n', '-2.6100234264314497  deathPlace(A,B):-birthPlace(A,B).\n', '-2.0051271911265314  deathPlace(A,B):-deathplace(A,B).\n', '-1.4656181919347486  deathPlace(A,B):-restingPlace(A,B).\n']"
3086,Edward_Chapman_(actor),Actor,"['-5.1765229437313165  deathPlace(A,B):-country(A,B).\n', '-3.967356875572056  deathPlace(A,B):-placeOfBirth(A,B).\n', '-2.6299125337605305  deathPlace(A,B):-nationality(A,B).\n', '-1.277633109760059  deathPlace(A,B):-placeOfDeath(A,B).\n', '-2.6100234264314497  deathPlace(A,B):-birthPlace(A,B).\n', '-2.0051271911265314  deathPlace(A,B):-deathplace(A,B).\n', '-1.4656181919347486  deathPlace(A,B):-restingPlace(A,B).\n', '-2.4443591562315246  deathPlace(A,B):-residence(A,B).\n']"
3087,Nitun_Kundu,British_India,"['-5.1765229437313165  deathPlace(A,B):-country(A,B).\n', '-3.967356875572056  deathPlace(A,B):-placeOfBirth(A,B).\n', '-2.6299125337605305  deathPlace(A,B):-nationality(A,B).\n', '-1.277633109760059  deathPlace(A,B):-placeOfDeath(A,B).\n', '-2.6100234264314497  deathPlace(A,B):-birthPlace(A,B).\n', '-2.0051271911265314  deathPlace(A,B):-deathplace(A,B).\n', '-1.4656181919347486  deathPlace(A,B):-restingPlace(A,B).\n', '-2.4443591562315246  deathPlace(A,B):-residence(A,B).\n']"
3088,Fritz_Feld,Actor,[]
3090,Charmaine_Dragun,Western_Australia,"['-5.1765229437313165  deathPlace(A,B):-country(A,B).\n', '-3.967356875572056  deathPlace(A,B):-placeOfBirth(A,B).\n', '-2.6299125337605305  deathPlace(A,B):-nationality(A,B).\n', '-1.277633109760059  deathPlace(A,B):-placeOfDeath(A,B).\n', '-2.6100234264314497  deathPlace(A,B):-birthPlace(A,B).\n', '-2.0051271911265314  deathPlace(A,B):-deathplace(A,B).\n', '-1.4656181919347486  deathPlace(A,B):-restingPlace(A,B).\n', '-2.4443591562315246  deathPlace(A,B):-residence(A,B).\n']"
3091,Shah_Jahan,Lahore,"['-5.1765229437313165  deathPlace(A,B):-country(A,B).\n', '-3.967356875572056  deathPlace(A,B):-placeOfBirth(A,B).\n', '-2.6299125337605305  deathPlace(A,B):-nationality(A,B).\n', '-1.277633109760059  deathPlace(A,B):-placeOfDeath(A,B).\n', '-2.6100234264314497  deathPlace(A,B):-birthPlace(A,B).\n', '-2.0051271911265314  deathPlace(A,B):-deathplace(A,B).\n', '-1.4656181919347486  deathPlace(A,B):-restingPlace(A,B).\n', '-2.4443591562315246  deathPlace(A,B):-residence(A,B).\n']"
3092,Edward_Daly_(Irish_revolutionary),Ireland,"['-5.1765229437313165  deathPlace(A,B):-country(A,B).\n', '-2.6100234264314497  deathPlace(A,B):-birthPlace(A,B).\n']"
3093,Eduardo_De_Filippo,Actor,"['-3.967356875572056  deathPlace(A,B):-placeOfBirth(A,B).\n', '-2.6299125337605305  deathPlace(A,B):-nationality(A,B).\n', '-2.0051271911265314  deathPlace(A,B):-deathplace(A,B).\n', '-2.4443591562315246  deathPlace(A,B):-residence(A,B).\n']"
3094,Yasser_Arafat,Cairo,"['-5.1765229437313165  deathPlace(A,B):-country(A,B).\n', '-1.277633109760059  deathPlace(A,B):-placeOfDeath(A,B).\n', '-2.6100234264314497  deathPlace(A,B):-birthPlace(A,B).\n', '-2.0051271911265314  deathPlace(A,B):-deathplace(A,B).\n']"
3095,Giovanni_Berlinguer,Sassari,"['-3.967356875572056  deathPlace(A,B):-placeOfBirth(A,B).\n', '-2.6299125337605305  deathPlace(A,B):-nationality(A,B).\n', '-1.277633109760059  deathPlace(A,B):-placeOfDeath(A,B).\n', '-2.6100234264314497  deathPlace(A,B):-birthPlace(A,B).\n', '-2.0051271911265314  deathPlace(A,B):-deathplace(A,B).\n', '-1.4656181919347486  deathPlace(A,B):-restingPlace(A,B).\n']"
3096,P._V._Narasimha_Rao,British_Indian_Empire,"['-2.6100234264314497  deathPlace(A,B):-birthPlace(A,B).\n']"
3097,Edward_Daly_(bishop),Bishop,"['-5.1765229437313165  deathPlace(A,B):-country(A,B).\n', '-3.967356875572056  deathPlace(A,B):-placeOfBirth(A,B).\n', '-2.6299125337605305  deathPlace(A,B):-nationality(A,B).\n', '-1.277633109760059  deathPlace(A,B):-placeOfDeath(A,B).\n', '-2.6100234264314497  deathPlace(A,B):-birthPlace(A,B).\n', '-2.0051271911265314  deathPlace(A,B):-deathplace(A,B).\n', '-1.4656181919347486  deathPlace(A,B):-restingPlace(A,B).\n', '-2.4443591562315246  deathPlace(A,B):-residence(A,B).\n']"
3098,Gerard_John_Schaefer,United_States,"['-5.1765229437313165  deathPlace(A,B):-country(A,B).\n']"
3099,Gianna_Manzini,Pistoia,"['-5.1765229437313165  deathPlace(A,B):-country(A,B).\n', '-3.967356875572056  deathPlace(A,B):-placeOfBirth(A,B).\n', '-2.6299125337605305  deathPlace(A,B):-nationality(A,B).\n', '-1.277633109760059  deathPlace(A,B):-placeOfDeath(A,B).\n', '-2.6100234264314497  deathPlace(A,B):-birthPlace(A,B).\n', '-2.0051271911265314  deathPlace(A,B):-deathplace(A,B).\n', '-1.4656181919347486  deathPlace(A,B):-restingPlace(A,B).\n', '-2.4443591562315246  deathPlace(A,B):-residence(A,B).\n']"
3100,Othmar_Ammann,Schaffhausen,[]
3101,Pope_Nicholas_IV,Papal_States,"['-5.1765229437313165  deathPlace(A,B):-country(A,B).\n', '-2.6299125337605305  deathPlace(A,B):-nationality(A,B).\n', '-2.6100234264314497  deathPlace(A,B):-birthPlace(A,B).\n']"
3102,Grand_Duchess_Olga_Nikolaevna_of_Russia,Alexander_Palace,"['-5.1765229437313165  deathPlace(A,B):-country(A,B).\n', '-3.967356875572056  deathPlace(A,B):-placeOfBirth(A,B).\n', '-2.6299125337605305  deathPlace(A,B):-nationality(A,B).\n', '-1.277633109760059  deathPlace(A,B):-placeOfDeath(A,B).\n', '-2.6100234264314497  deathPlace(A,B):-birthPlace(A,B).\n', '-2.0051271911265314  deathPlace(A,B):-deathplace(A,B).\n', '-1.4656181919347486  deathPlace(A,B):-restingPlace(A,B).\n', '-2.4443591562315246  deathPlace(A,B):-residence(A,B).\n']"
3103,George_Mason_I,Virginia,"['-2.6100234264314497  deathPlace(A,B):-birthPlace(A,B).\n', '-1.4656181919347486  deathPlace(A,B):-restingPlace(A,B).\n', '-2.4443591562315246  deathPlace(A,B):-residence(A,B).\n']"
3105,George_Nares,Monmouthshire,"['-5.1765229437313165  deathPlace(A,B):-country(A,B).\n', '-3.967356875572056  deathPlace(A,B):-placeOfBirth(A,B).\n', '-2.6299125337605305  deathPlace(A,B):-nationality(A,B).\n', '-1.277633109760059  deathPlace(A,B):-placeOfDeath(A,B).\n', '-2.6100234264314497  deathPlace(A,B):-birthPlace(A,B).\n', '-2.0051271911265314  deathPlace(A,B):-deathplace(A,B).\n', '-1.4656181919347486  deathPlace(A,B):-restingPlace(A,B).\n', '-2.4443591562315246  deathPlace(A,B):-residence(A,B).\n']"
3107,Parag_Kumar_Das,Shillong,"['-2.6100234264314497  deathPlace(A,B):-birthPlace(A,B).\n']"
3111,Adolfo_de_la_Huerta,Guaymas,"['-2.6100234264314497  deathPlace(A,B):-birthPlace(A,B).\n']"
3113,King_Oliver,New_Orleans,"['-2.6100234264314497  deathPlace(A,B):-birthPlace(A,B).\n', '-1.4656181919347486  deathPlace(A,B):-restingPlace(A,B).\n', '-2.4443591562315246  deathPlace(A,B):-residence(A,B).\n']"
3114,Henry_Marchant,Martha's_Vineyard,"['-5.1765229437313165  deathPlace(A,B):-country(A,B).\n', '-3.967356875572056  deathPlace(A,B):-placeOfBirth(A,B).\n', '-2.6299125337605305  deathPlace(A,B):-nationality(A,B).\n', '-1.277633109760059  deathPlace(A,B):-placeOfDeath(A,B).\n', '-2.6100234264314497  deathPlace(A,B):-birthPlace(A,B).\n', '-2.0051271911265314  deathPlace(A,B):-deathplace(A,B).\n', '-1.4656181919347486  deathPlace(A,B):-restingPlace(A,B).\n', '-2.4443591562315246  deathPlace(A,B):-residence(A,B).\n']"
3115,Gemini_Ganesan,Actor,[]
3117,William_Murdoch,Redruth,"['-5.1765229437313165  deathPlace(A,B):-country(A,B).\n', '-3.967356875572056  deathPlace(A,B):-placeOfBirth(A,B).\n', '-2.6299125337605305  deathPlace(A,B):-nationality(A,B).\n', '-1.277633109760059  deathPlace(A,B):-placeOfDeath(A,B).\n', '-2.6100234264314497  deathPlace(A,B):-birthPlace(A,B).\n', '-2.0051271911265314  deathPlace(A,B):-deathplace(A,B).\n', '-1.4656181919347486  deathPlace(A,B):-restingPlace(A,B).\n', '-2.4443591562315246  deathPlace(A,B):-residence(A,B).\n']"
3118,Caracalla,Lyon,"['-5.1765229437313165  deathPlace(A,B):-country(A,B).\n', '-3.967356875572056  deathPlace(A,B):-placeOfBirth(A,B).\n', '-2.6299125337605305  deathPlace(A,B):-nationality(A,B).\n', '-1.277633109760059  deathPlace(A,B):-placeOfDeath(A,B).\n', '-2.6100234264314497  deathPlace(A,B):-birthPlace(A,B).\n', '-2.0051271911265314  deathPlace(A,B):-deathplace(A,B).\n', '-2.4443591562315246  deathPlace(A,B):-residence(A,B).\n']"
3119,Jelly_Roll_Morton,New_Orleans,"['-5.1765229437313165  deathPlace(A,B):-country(A,B).\n', '-2.6100234264314497  deathPlace(A,B):-birthPlace(A,B).\n', '-1.4656181919347486  deathPlace(A,B):-restingPlace(A,B).\n', '-2.4443591562315246  deathPlace(A,B):-residence(A,B).\n']"
3120,Pope_Telesphorus,Bishop,[]
3122,Thomas_Robert_Malthus,English_people,"['-5.1765229437313165  deathPlace(A,B):-country(A,B).\n', '-2.6299125337605305  deathPlace(A,B):-nationality(A,B).\n', '-2.6100234264314497  deathPlace(A,B):-birthPlace(A,B).\n', '-2.0051271911265314  deathPlace(A,B):-deathplace(A,B).\n']"
3123,Foo_Choo_Choon,Fujian,"['-5.1765229437313165  deathPlace(A,B):-country(A,B).\n', '-3.967356875572056  deathPlace(A,B):-placeOfBirth(A,B).\n', '-2.6299125337605305  deathPlace(A,B):-nationality(A,B).\n', '-1.277633109760059  deathPlace(A,B):-placeOfDeath(A,B).\n', '-2.6100234264314497  deathPlace(A,B):-birthPlace(A,B).\n', '-2.0051271911265314  deathPlace(A,B):-deathplace(A,B).\n', '-1.4656181919347486  deathPlace(A,B):-restingPlace(A,B).\n', '-2.4443591562315246  deathPlace(A,B):-residence(A,B).\n']"
3124,Carlo_Alberto_Dalla_Chiesa,Kingdom_of_Italy,"['-5.1765229437313165  deathPlace(A,B):-country(A,B).\n', '-3.967356875572056  deathPlace(A,B):-placeOfBirth(A,B).\n', '-2.6299125337605305  deathPlace(A,B):-nationality(A,B).\n', '-2.6100234264314497  deathPlace(A,B):-birthPlace(A,B).\n']"
3126,Eduard_Vinokurov,Kazakhstan,"['-5.1765229437313165  deathPlace(A,B):-country(A,B).\n', '-3.967356875572056  deathPlace(A,B):-placeOfBirth(A,B).\n', '-2.6299125337605305  deathPlace(A,B):-nationality(A,B).\n', '-1.277633109760059  deathPlace(A,B):-placeOfDeath(A,B).\n', '-2.6100234264314497  deathPlace(A,B):-birthPlace(A,B).\n', '-2.0051271911265314  deathPlace(A,B):-deathplace(A,B).\n', '-1.4656181919347486  deathPlace(A,B):-restingPlace(A,B).\n', '-2.4443591562315246  deathPlace(A,B):-residence(A,B).\n']"
3127,Dayananda_Saraswati,Gujarat,"['-5.1765229437313165  deathPlace(A,B):-country(A,B).\n', '-3.967356875572056  deathPlace(A,B):-placeOfBirth(A,B).\n', '-2.6299125337605305  deathPlace(A,B):-nationality(A,B).\n', '-1.277633109760059  deathPlace(A,B):-placeOfDeath(A,B).\n', '-2.6100234264314497  deathPlace(A,B):-birthPlace(A,B).\n', '-2.0051271911265314  deathPlace(A,B):-deathplace(A,B).\n', '-1.4656181919347486  deathPlace(A,B):-restingPlace(A,B).\n', '-2.4443591562315246  deathPlace(A,B):-residence(A,B).\n']"
3128,George_Marshall_(Victoria_cricketer),Nottingham,"['-5.1765229437313165  deathPlace(A,B):-country(A,B).\n', '-3.967356875572056  deathPlace(A,B):-placeOfBirth(A,B).\n', '-2.6299125337605305  deathPlace(A,B):-nationality(A,B).\n', '-1.277633109760059  deathPlace(A,B):-placeOfDeath(A,B).\n', '-2.6100234264314497  deathPlace(A,B):-birthPlace(A,B).\n', '-2.0051271911265314  deathPlace(A,B):-deathplace(A,B).\n', '-1.4656181919347486  deathPlace(A,B):-restingPlace(A,B).\n', '-2.4443591562315246  deathPlace(A,B):-residence(A,B).\n']"
3129,Gustave_Mesny,Le_Puy-en-Velay,"['-5.1765229437313165  deathPlace(A,B):-country(A,B).\n', '-3.967356875572056  deathPlace(A,B):-placeOfBirth(A,B).\n', '-2.6299125337605305  deathPlace(A,B):-nationality(A,B).\n', '-1.277633109760059  deathPlace(A,B):-placeOfDeath(A,B).\n', '-2.6100234264314497  deathPlace(A,B):-birthPlace(A,B).\n', '-2.0051271911265314  deathPlace(A,B):-deathplace(A,B).\n', '-1.4656181919347486  deathPlace(A,B):-restingPlace(A,B).\n', '-2.4443591562315246  deathPlace(A,B):-residence(A,B).\n']"
3130,Carl_H._Eigenmann,Germany,"['-5.1765229437313165  deathPlace(A,B):-country(A,B).\n', '-3.967356875572056  deathPlace(A,B):-placeOfBirth(A,B).\n', '-2.6299125337605305  deathPlace(A,B):-nationality(A,B).\n', '-1.277633109760059  deathPlace(A,B):-placeOfDeath(A,B).\n', '-2.6100234264314497  deathPlace(A,B):-birthPlace(A,B).\n', '-2.0051271911265314  deathPlace(A,B):-deathplace(A,B).\n', '-1.4656181919347486  deathPlace(A,B):-restingPlace(A,B).\n', '-2.4443591562315246  deathPlace(A,B):-residence(A,B).\n']"
3133,Gerald_Robert_O'Sullivan,Turkey,"['-5.1765229437313165  deathPlace(A,B):-country(A,B).\n', '-3.967356875572056  deathPlace(A,B):-placeOfBirth(A,B).\n', '-2.6299125337605305  deathPlace(A,B):-nationality(A,B).\n', '-1.277633109760059  deathPlace(A,B):-placeOfDeath(A,B).\n', '-2.6100234264314497  deathPlace(A,B):-birthPlace(A,B).\n', '-2.0051271911265314  deathPlace(A,B):-deathplace(A,B).\n', '-1.4656181919347486  deathPlace(A,B):-restingPlace(A,B).\n', '-2.4443591562315246  deathPlace(A,B):-residence(A,B).\n']"
3134,Yahya_Khan,Punjab,"['-5.1765229437313165  deathPlace(A,B):-country(A,B).\n', '-2.6100234264314497  deathPlace(A,B):-birthPlace(A,B).\n', '-2.4443591562315246  deathPlace(A,B):-residence(A,B).\n']"
3135,George_Hull_(Massachusetts),United_States_of_America,"['-5.1765229437313165  deathPlace(A,B):-country(A,B).\n', '-3.967356875572056  deathPlace(A,B):-placeOfBirth(A,B).\n', '-2.6299125337605305  deathPlace(A,B):-nationality(A,B).\n', '-1.277633109760059  deathPlace(A,B):-placeOfDeath(A,B).\n', '-2.6100234264314497  deathPlace(A,B):-birthPlace(A,B).\n', '-1.4656181919347486  deathPlace(A,B):-restingPlace(A,B).\n']"
3140,Billy_Thompson_(boxer),County_Durham,"['-3.967356875572056  deathPlace(A,B):-placeOfBirth(A,B).\n', '-2.6299125337605305  deathPlace(A,B):-nationality(A,B).\n', '-1.277633109760059  deathPlace(A,B):-placeOfDeath(A,B).\n', '-2.6100234264314497  deathPlace(A,B):-birthPlace(A,B).\n', '-2.0051271911265314  deathPlace(A,B):-deathplace(A,B).\n', '-1.4656181919347486  deathPlace(A,B):-restingPlace(A,B).\n', '-2.4443591562315246  deathPlace(A,B):-residence(A,B).\n']"
3141,Alexei_Fridman,Moscow,"['-3.967356875572056  deathPlace(A,B):-placeOfBirth(A,B).\n', '-2.6299125337605305  deathPlace(A,B):-nationality(A,B).\n', '-1.277633109760059  deathPlace(A,B):-placeOfDeath(A,B).\n', '-2.6100234264314497  deathPlace(A,B):-birthPlace(A,B).\n', '-1.4656181919347486  deathPlace(A,B):-restingPlace(A,B).\n', '-2.4443591562315246  deathPlace(A,B):-residence(A,B).\n']"
3142,Mohammed_Daoud_Khan,Emirate_of_Afghanistan,"['-2.6100234264314497  deathPlace(A,B):-birthPlace(A,B).\n']"
3143,George_Wootten,Australian_Army,"['-5.1765229437313165  deathPlace(A,B):-country(A,B).\n', '-3.967356875572056  deathPlace(A,B):-placeOfBirth(A,B).\n', '-2.6299125337605305  deathPlace(A,B):-nationality(A,B).\n', '-1.277633109760059  deathPlace(A,B):-placeOfDeath(A,B).\n', '-2.6100234264314497  deathPlace(A,B):-birthPlace(A,B).\n', '-2.0051271911265314  deathPlace(A,B):-deathplace(A,B).\n', '-1.4656181919347486  deathPlace(A,B):-restingPlace(A,B).\n', '-2.4443591562315246  deathPlace(A,B):-residence(A,B).\n']"
3145,Chippy_Simmons,West_Bromwich,"['-5.1765229437313165  deathPlace(A,B):-country(A,B).\n', '-3.967356875572056  deathPlace(A,B):-placeOfBirth(A,B).\n', '-2.6299125337605305  deathPlace(A,B):-nationality(A,B).\n', '-1.277633109760059  deathPlace(A,B):-placeOfDeath(A,B).\n', '-2.6100234264314497  deathPlace(A,B):-birthPlace(A,B).\n', '-2.0051271911265314  deathPlace(A,B):-deathplace(A,B).\n', '-1.4656181919347486  deathPlace(A,B):-restingPlace(A,B).\n', '-2.4443591562315246  deathPlace(A,B):-residence(A,B).\n']"
3147,James_IV_of_Scotland,Stirling,"['-5.1765229437313165  deathPlace(A,B):-country(A,B).\n', '-3.967356875572056  deathPlace(A,B):-placeOfBirth(A,B).\n', '-2.6299125337605305  deathPlace(A,B):-nationality(A,B).\n', '-1.277633109760059  deathPlace(A,B):-placeOfDeath(A,B).\n', '-2.6100234264314497  deathPlace(A,B):-birthPlace(A,B).\n', '-2.0051271911265314  deathPlace(A,B):-deathplace(A,B).\n', '-1.4656181919347486  deathPlace(A,B):-restingPlace(A,B).\n', '-2.4443591562315246  deathPlace(A,B):-residence(A,B).\n']"
