2224,Fernando_Errázuriz_Aldunate,María_del_Carmen_Sotomayor,[]
1842,Tamara_Lund,Alexandru_Ioniță_(singer),[]
1069,Muhammad_Ali_al-Abid,Zahra_Al-Yusuf,[]
1803,Harold_Holt,Zara_Bate,"['1.8744599857751123  spouse(A,B) :- spouse(B,A).\n', '3.1193695628415377  negspouse(A,B) :- parent(B,A).\n', '0.5886747151353161  negspouse(A,B) :- child(A,B).\n', '0.8104909453988106  negspouse(A,B) :- successor(A,B).\n', '2.948737172486149  negspouse(A,B) :- parent(A,B).\n', '1.0784095813505903  negspouse(A,B) :- child(A,B),not type(A,""FictionalCharacter""),not type(B,""FictionalCharacter"").\n']"
2065,Helen_McCrory,Damian_Lewis,"['1.8744599857751123  spouse(A,B) :- spouse(B,A).\n', '3.1193695628415377  negspouse(A,B) :- parent(B,A).\n', '0.5886747151353161  negspouse(A,B) :- child(A,B).\n', '0.8104909453988106  negspouse(A,B) :- successor(A,B).\n', '2.948737172486149  negspouse(A,B) :- parent(A,B).\n', '1.0784095813505903  negspouse(A,B) :- child(A,B),not type(A,""FictionalCharacter""),not type(B,""FictionalCharacter"").\n']"
29,Kashibai,Bajirao_I,"['1.8744599857751123  spouse(A,B) :- spouse(B,A).\n', '3.1193695628415377  negspouse(A,B) :- parent(B,A).\n', '0.5886747151353161  negspouse(A,B) :- child(A,B).\n', '0.8104909453988106  negspouse(A,B) :- successor(A,B).\n', '2.948737172486149  negspouse(A,B) :- parent(A,B).\n', '1.0784095813505903  negspouse(A,B) :- child(A,B),not type(A,""FictionalCharacter""),not type(B,""FictionalCharacter"").\n']"
177,Richard_C._Blum,Dianne_Feinstein,"['1.8744599857751123  spouse(A,B) :- spouse(B,A).\n', '3.1193695628415377  negspouse(A,B) :- parent(B,A).\n', '0.5886747151353161  negspouse(A,B) :- child(A,B).\n', '0.8104909453988106  negspouse(A,B) :- successor(A,B).\n', '2.948737172486149  negspouse(A,B) :- parent(A,B).\n', '1.0784095813505903  negspouse(A,B) :- child(A,B),not type(A,""FictionalCharacter""),not type(B,""FictionalCharacter"").\n']"
1543,Betsy_Blair,Gene_Kelly,"['1.8744599857751123  spouse(A,B) :- spouse(B,A).\n']"
1522,George_Fitzmaurice,Ouida_Bergere,"['1.8744599857751123  spouse(A,B) :- spouse(B,A).\n', '3.1193695628415377  negspouse(A,B) :- parent(B,A).\n', '0.5886747151353161  negspouse(A,B) :- child(A,B).\n', '0.8104909453988106  negspouse(A,B) :- successor(A,B).\n', '2.948737172486149  negspouse(A,B) :- parent(A,B).\n', '1.0784095813505903  negspouse(A,B) :- child(A,B),not type(A,""FictionalCharacter""),not type(B,""FictionalCharacter"").\n']"
702,Sarah_Douglas,Richard_LeParmentier,"['1.8744599857751123  spouse(A,B) :- spouse(B,A).\n', '3.1193695628415377  negspouse(A,B) :- parent(B,A).\n', '0.8104909453988106  negspouse(A,B) :- successor(A,B).\n', '2.948737172486149  negspouse(A,B) :- parent(A,B).\n']"
2217,John_Kinzie,Eleanor_Lytle_McKillip_Kinzie,[]
269,Shirley_Jackson,Stanley_Edgar_Hyman,"['1.8744599857751123  spouse(A,B) :- spouse(B,A).\n', '3.1193695628415377  negspouse(A,B) :- parent(B,A).\n', '0.5886747151353161  negspouse(A,B) :- child(A,B).\n', '0.8104909453988106  negspouse(A,B) :- successor(A,B).\n', '2.948737172486149  negspouse(A,B) :- parent(A,B).\n', '1.0784095813505903  negspouse(A,B) :- child(A,B),not type(A,""FictionalCharacter""),not type(B,""FictionalCharacter"").\n']"
292,Terri_Schuester,Will_Schuester,"['1.8744599857751123  spouse(A,B) :- spouse(B,A).\n', '3.1193695628415377  negspouse(A,B) :- parent(B,A).\n']"
2670,Walter_Paepcke,Elizabeth_Paepcke,"['1.8744599857751123  spouse(A,B) :- spouse(B,A).\n', '3.1193695628415377  negspouse(A,B) :- parent(B,A).\n', '0.5886747151353161  negspouse(A,B) :- child(A,B).\n', '0.8104909453988106  negspouse(A,B) :- successor(A,B).\n', '2.948737172486149  negspouse(A,B) :- parent(A,B).\n', '1.0784095813505903  negspouse(A,B) :- child(A,B),not type(A,""FictionalCharacter""),not type(B,""FictionalCharacter"").\n']"
1764,Ranjit_Barthakur,Radhika_Barthakur,[]
1026,Sajjan_Jindal,Sangita_Jindal,"['1.8744599857751123  spouse(A,B) :- spouse(B,A).\n', '3.1193695628415377  negspouse(A,B) :- parent(B,A).\n', '0.5886747151353161  negspouse(A,B) :- child(A,B).\n', '0.8104909453988106  negspouse(A,B) :- successor(A,B).\n', '2.948737172486149  negspouse(A,B) :- parent(A,B).\n', '1.0784095813505903  negspouse(A,B) :- child(A,B),not type(A,""FictionalCharacter""),not type(B,""FictionalCharacter"").\n']"
2603,Märta_Torén,Leonardo_Bercovici,[]
562,Jahanara_Arzu,A_K_M_Nurul_Islam,"['1.8744599857751123  spouse(A,B) :- spouse(B,A).\n']"
2088,Harsh_Chhaya,Shefali_Chhaya,[]
1756,Mae_Costello,Maurice_Costello,"['1.8744599857751123  spouse(A,B) :- spouse(B,A).\n', '3.1193695628415377  negspouse(A,B) :- parent(B,A).\n']"
914,Alberto_Giacometti,Annette_Arm,[]
1986,Kalola_Pupuka,Kalaniʻōpuʻu,[]
1592,Henry_Neville_(Gentleman_of_the_Privy_Chamber),Elizabeth_Bacon_(died_1621),[]
419,Dyan_Cannon,Cary_Grant,"['1.8744599857751123  spouse(A,B) :- spouse(B,A).\n', '3.1193695628415377  negspouse(A,B) :- parent(B,A).\n', '0.5886747151353161  negspouse(A,B) :- child(A,B).\n', '0.8104909453988106  negspouse(A,B) :- successor(A,B).\n', '2.948737172486149  negspouse(A,B) :- parent(A,B).\n', '1.0784095813505903  negspouse(A,B) :- child(A,B),not type(A,""FictionalCharacter""),not type(B,""FictionalCharacter"").\n']"
2814,Jean_Arp,Sophie_Taeuber-Arp,[]
515,Sophie_of_Württemberg,William_III_of_the_Netherlands,[]
77,Barbara_Stühlmeyer,Ludger_Stühlmeyer,[]
1533,Nick_Clegg,Miriam_González_Durántez,[]
2840,Yolanda_Vazquez,Jonny_Phillips_(actor),[]
1073,Jack_Lemmon,Felicia_Farr,"['1.8744599857751123  spouse(A,B) :- spouse(B,A).\n', '0.5886747151353161  negspouse(A,B) :- child(A,B).\n', '1.0784095813505903  negspouse(A,B) :- child(A,B),not type(A,""FictionalCharacter""),not type(B,""FictionalCharacter"").\n']"
2356,Nigel_Lythgoe,Bonnie_Lythgoe,"['1.8744599857751123  spouse(A,B) :- spouse(B,A).\n', '3.1193695628415377  negspouse(A,B) :- parent(B,A).\n', '0.5886747151353161  negspouse(A,B) :- child(A,B).\n', '0.8104909453988106  negspouse(A,B) :- successor(A,B).\n', '2.948737172486149  negspouse(A,B) :- parent(A,B).\n', '1.0784095813505903  negspouse(A,B) :- child(A,B),not type(A,""FictionalCharacter""),not type(B,""FictionalCharacter"").\n']"
1266,Anatoly_Sobchak,Lyudmila_Narusova,[]
2197,Doug_McIntyre,Penny_Peyser,"['1.8744599857751123  spouse(A,B) :- spouse(B,A).\n', '3.1193695628415377  negspouse(A,B) :- parent(B,A).\n', '0.5886747151353161  negspouse(A,B) :- child(A,B).\n', '0.8104909453988106  negspouse(A,B) :- successor(A,B).\n', '2.948737172486149  negspouse(A,B) :- parent(A,B).\n', '1.0784095813505903  negspouse(A,B) :- child(A,B),not type(A,""FictionalCharacter""),not type(B,""FictionalCharacter"").\n']"
1883,Fred_Flintstone,Wilma_Flintstone,"['1.8744599857751123  spouse(A,B) :- spouse(B,A).\n', '3.1193695628415377  negspouse(A,B) :- parent(B,A).\n', '0.5886747151353161  negspouse(A,B) :- child(A,B).\n', '0.8104909453988106  negspouse(A,B) :- successor(A,B).\n', '2.948737172486149  negspouse(A,B) :- parent(A,B).\n', '1.0784095813505903  negspouse(A,B) :- child(A,B),not type(A,""FictionalCharacter""),not type(B,""FictionalCharacter"").\n']"
1096,Kenny_Woods,Stacey_Grenrock-Woods,"['1.8744599857751123  spouse(A,B) :- spouse(B,A).\n', '0.5886747151353161  negspouse(A,B) :- child(A,B).\n', '1.0784095813505903  negspouse(A,B) :- child(A,B),not type(A,""FictionalCharacter""),not type(B,""FictionalCharacter"").\n']"
692,Pam_Miller,http://www.sports-reference.com/olympics/athletes/mi/ralph-miller-jr-1.html,[]
1335,Scott_Reeves,Melissa_Reeves,"['1.8744599857751123  spouse(A,B) :- spouse(B,A).\n', '3.1193695628415377  negspouse(A,B) :- parent(B,A).\n', '0.5886747151353161  negspouse(A,B) :- child(A,B).\n', '0.8104909453988106  negspouse(A,B) :- successor(A,B).\n', '2.948737172486149  negspouse(A,B) :- parent(A,B).\n', '1.0784095813505903  negspouse(A,B) :- child(A,B),not type(A,""FictionalCharacter""),not type(B,""FictionalCharacter"").\n']"
514,Rod_Blagojevich,Patricia_Mell_Blagojevich,[]
1000,Margaret_Chase_Smith,Clyde_H._Smith,"['1.8744599857751123  spouse(A,B) :- spouse(B,A).\n', '3.1193695628415377  negspouse(A,B) :- parent(B,A).\n', '0.5886747151353161  negspouse(A,B) :- child(A,B).\n', '0.8104909453988106  negspouse(A,B) :- successor(A,B).\n', '2.948737172486149  negspouse(A,B) :- parent(A,B).\n', '1.0784095813505903  negspouse(A,B) :- child(A,B),not type(A,""FictionalCharacter""),not type(B,""FictionalCharacter"").\n']"
1513,Amra_Silajdžić,Edin_Džeko,[]
2008,Princess_Dorothea_of_Courland,Edmond_de_Talleyrand-Périgord,[]
2325,Jean-Jacques_Bertrand,Gabrielle_Bertrand,"['1.8744599857751123  spouse(A,B) :- spouse(B,A).\n', '3.1193695628415377  negspouse(A,B) :- parent(B,A).\n', '0.5886747151353161  negspouse(A,B) :- child(A,B).\n', '0.8104909453988106  negspouse(A,B) :- successor(A,B).\n', '2.948737172486149  negspouse(A,B) :- parent(A,B).\n', '1.0784095813505903  negspouse(A,B) :- child(A,B),not type(A,""FictionalCharacter""),not type(B,""FictionalCharacter"").\n']"
1747,Wong_Cho-lam,Leanne_Li,"['1.8744599857751123  spouse(A,B) :- spouse(B,A).\n', '3.1193695628415377  negspouse(A,B) :- parent(B,A).\n', '0.5886747151353161  negspouse(A,B) :- child(A,B).\n', '0.8104909453988106  negspouse(A,B) :- successor(A,B).\n', '2.948737172486149  negspouse(A,B) :- parent(A,B).\n', '1.0784095813505903  negspouse(A,B) :- child(A,B),not type(A,""FictionalCharacter""),not type(B,""FictionalCharacter"").\n']"
1317,Brian_Miller_(actor),Elisabeth_Sladen,"['1.8744599857751123  spouse(A,B) :- spouse(B,A).\n', '3.1193695628415377  negspouse(A,B) :- parent(B,A).\n', '0.5886747151353161  negspouse(A,B) :- child(A,B).\n', '0.8104909453988106  negspouse(A,B) :- successor(A,B).\n', '1.0784095813505903  negspouse(A,B) :- child(A,B),not type(A,""FictionalCharacter""),not type(B,""FictionalCharacter"").\n']"
2569,Shashi_Tharoor,Tilottama_Mukherji,"['1.8744599857751123  spouse(A,B) :- spouse(B,A).\n', '3.1193695628415377  negspouse(A,B) :- parent(B,A).\n', '0.5886747151353161  negspouse(A,B) :- child(A,B).\n', '0.8104909453988106  negspouse(A,B) :- successor(A,B).\n', '2.948737172486149  negspouse(A,B) :- parent(A,B).\n', '1.0784095813505903  negspouse(A,B) :- child(A,B),not type(A,""FictionalCharacter""),not type(B,""FictionalCharacter"").\n']"
633,Reginald_Ruggles_Gates,Marie_Stopes,"['1.8744599857751123  spouse(A,B) :- spouse(B,A).\n', '0.5886747151353161  negspouse(A,B) :- child(A,B).\n', '0.8104909453988106  negspouse(A,B) :- successor(A,B).\n', '1.0784095813505903  negspouse(A,B) :- child(A,B),not type(A,""FictionalCharacter""),not type(B,""FictionalCharacter"").\n']"
106,Artemy_Tereshchenko,Euphrosyne_Steslyavskaya,"['1.8744599857751123  spouse(A,B) :- spouse(B,A).\n', '3.1193695628415377  negspouse(A,B) :- parent(B,A).\n', '0.5886747151353161  negspouse(A,B) :- child(A,B).\n', '0.8104909453988106  negspouse(A,B) :- successor(A,B).\n', '2.948737172486149  negspouse(A,B) :- parent(A,B).\n', '1.0784095813505903  negspouse(A,B) :- child(A,B),not type(A,""FictionalCharacter""),not type(B,""FictionalCharacter"").\n']"
2354,Lady_Charlotte_Finch,William_Finch_(diplomat),[]
898,Zoraida_Sambolin,Kenny_Williams_(baseball),"['1.8744599857751123  spouse(A,B) :- spouse(B,A).\n', '3.1193695628415377  negspouse(A,B) :- parent(B,A).\n', '0.5886747151353161  negspouse(A,B) :- child(A,B).\n', '0.8104909453988106  negspouse(A,B) :- successor(A,B).\n', '2.948737172486149  negspouse(A,B) :- parent(A,B).\n', '1.0784095813505903  negspouse(A,B) :- child(A,B),not type(A,""FictionalCharacter""),not type(B,""FictionalCharacter"").\n']"
196,Francis_II_of_the_Two_Sicilies,Maria_Sophie_of_Bavaria,"['1.8744599857751123  spouse(A,B) :- spouse(B,A).\n']"
2580,William_Kerr_Fraser,Marion_Fraser,[]
1470,Jeet_Upendra,Deepshika_Nagpal,"['1.8744599857751123  spouse(A,B) :- spouse(B,A).\n']"
377,Otto_of_Stolberg-Wernigerode,Anna_Reuss_of_Köstritz,[]
909,Patrick_Labyorteaux,Tina_Albanese,"['1.8744599857751123  spouse(A,B) :- spouse(B,A).\n', '3.1193695628415377  negspouse(A,B) :- parent(B,A).\n', '0.5886747151353161  negspouse(A,B) :- child(A,B).\n', '0.8104909453988106  negspouse(A,B) :- successor(A,B).\n', '2.948737172486149  negspouse(A,B) :- parent(A,B).\n', '1.0784095813505903  negspouse(A,B) :- child(A,B),not type(A,""FictionalCharacter""),not type(B,""FictionalCharacter"").\n']"
219,Alan_Kay,Bonnie_MacBird,"['1.8744599857751123  spouse(A,B) :- spouse(B,A).\n']"
296,Sarah_Patton_Boyle,E._Roger_Boyle,"['1.8744599857751123  spouse(A,B) :- spouse(B,A).\n', '3.1193695628415377  negspouse(A,B) :- parent(B,A).\n', '0.5886747151353161  negspouse(A,B) :- child(A,B).\n', '0.8104909453988106  negspouse(A,B) :- successor(A,B).\n', '2.948737172486149  negspouse(A,B) :- parent(A,B).\n', '1.0784095813505903  negspouse(A,B) :- child(A,B),not type(A,""FictionalCharacter""),not type(B,""FictionalCharacter"").\n']"
2475,List_of_The_Producers_characters,Carmen_Ghia,"['3.1193695628415377  negspouse(A,B) :- parent(B,A).\n', '2.948737172486149  negspouse(A,B) :- parent(A,B).\n']"
2049,Guo_Shengtong,Emperor_Guangwu_of_Han,"['1.8744599857751123  spouse(A,B) :- spouse(B,A).\n', '3.1193695628415377  negspouse(A,B) :- parent(B,A).\n', '0.5886747151353161  negspouse(A,B) :- child(A,B).\n', '0.8104909453988106  negspouse(A,B) :- successor(A,B).\n', '2.948737172486149  negspouse(A,B) :- parent(A,B).\n', '1.0784095813505903  negspouse(A,B) :- child(A,B),not type(A,""FictionalCharacter""),not type(B,""FictionalCharacter"").\n']"
1126,Juan_Osorio,Niurka_Marcos,"['3.1193695628415377  negspouse(A,B) :- parent(B,A).\n', '0.5886747151353161  negspouse(A,B) :- child(A,B).\n', '0.8104909453988106  negspouse(A,B) :- successor(A,B).\n', '2.948737172486149  negspouse(A,B) :- parent(A,B).\n', '1.0784095813505903  negspouse(A,B) :- child(A,B),not type(A,""FictionalCharacter""),not type(B,""FictionalCharacter"").\n']"
668,Robert_W._Lane,Patricia,"['1.8744599857751123  spouse(A,B) :- spouse(B,A).\n', '0.5886747151353161  negspouse(A,B) :- child(A,B).\n', '0.8104909453988106  negspouse(A,B) :- successor(A,B).\n', '1.0784095813505903  negspouse(A,B) :- child(A,B),not type(A,""FictionalCharacter""),not type(B,""FictionalCharacter"").\n']"
267,Maria_Clementina_Sobieska,James_Francis_Edward_Stuart,[]
1201,Demetrius_II_Nicator,Cleopatra_Thea,"['3.1193695628415377  negspouse(A,B) :- parent(B,A).\n']"
1813,Radhika_Roy,Prannoy_Roy,"['1.8744599857751123  spouse(A,B) :- spouse(B,A).\n', '0.5886747151353161  negspouse(A,B) :- child(A,B).\n', '0.8104909453988106  negspouse(A,B) :- successor(A,B).\n', '2.948737172486149  negspouse(A,B) :- parent(A,B).\n', '1.0784095813505903  negspouse(A,B) :- child(A,B),not type(A,""FictionalCharacter""),not type(B,""FictionalCharacter"").\n']"
1269,Joseph_Cotten,Patricia_Medina,"['1.8744599857751123  spouse(A,B) :- spouse(B,A).\n', '3.1193695628415377  negspouse(A,B) :- parent(B,A).\n', '0.5886747151353161  negspouse(A,B) :- child(A,B).\n', '0.8104909453988106  negspouse(A,B) :- successor(A,B).\n', '1.0784095813505903  negspouse(A,B) :- child(A,B),not type(A,""FictionalCharacter""),not type(B,""FictionalCharacter"").\n']"
1597,Caroline_Dean,Jonathan_D._G._Jones,"['1.8744599857751123  spouse(A,B) :- spouse(B,A).\n', '0.5886747151353161  negspouse(A,B) :- child(A,B).\n', '0.8104909453988106  negspouse(A,B) :- successor(A,B).\n', '2.948737172486149  negspouse(A,B) :- parent(A,B).\n', '1.0784095813505903  negspouse(A,B) :- child(A,B),not type(A,""FictionalCharacter""),not type(B,""FictionalCharacter"").\n']"
1133,Htein_Lin,Victoria_Bowman,[]
1400,Acquanetta,Henry_Clive,"['1.8744599857751123  spouse(A,B) :- spouse(B,A).\n', '3.1193695628415377  negspouse(A,B) :- parent(B,A).\n', '0.5886747151353161  negspouse(A,B) :- child(A,B).\n', '0.8104909453988106  negspouse(A,B) :- successor(A,B).\n', '2.948737172486149  negspouse(A,B) :- parent(A,B).\n', '1.0784095813505903  negspouse(A,B) :- child(A,B),not type(A,""FictionalCharacter""),not type(B,""FictionalCharacter"").\n']"
2518,Michal_Kováč,Emília_Kováčová,[]
2605,Joe_Appiah,Peggy_Cripps,[]
1591,Herod_the_Great,Mariamne_(second_wife_of_Herod),[]
1129,Desmond_Hume,Penny_Widmore,"['1.8744599857751123  spouse(A,B) :- spouse(B,A).\n', '0.5886747151353161  negspouse(A,B) :- child(A,B).\n', '0.8104909453988106  negspouse(A,B) :- successor(A,B).\n', '2.948737172486149  negspouse(A,B) :- parent(A,B).\n', '1.0784095813505903  negspouse(A,B) :- child(A,B),not type(A,""FictionalCharacter""),not type(B,""FictionalCharacter"").\n']"
64,Prince_Hubertus_of_Prussia,Princess_Magdalena_Reuss_of_Köstritz,[]
323,Kim_Novak,Richard_Johnson_(actor),"['1.8744599857751123  spouse(A,B) :- spouse(B,A).\n']"
717,Peter_Stormare,Karen_Sillas,"['1.8744599857751123  spouse(A,B) :- spouse(B,A).\n', '3.1193695628415377  negspouse(A,B) :- parent(B,A).\n', '0.5886747151353161  negspouse(A,B) :- child(A,B).\n', '0.8104909453988106  negspouse(A,B) :- successor(A,B).\n', '2.948737172486149  negspouse(A,B) :- parent(A,B).\n', '1.0784095813505903  negspouse(A,B) :- child(A,B),not type(A,""FictionalCharacter""),not type(B,""FictionalCharacter"").\n']"
1251,Benedict_Swingate_Calvert,Elizabeth_Calvert,"['1.8744599857751123  spouse(A,B) :- spouse(B,A).\n', '3.1193695628415377  negspouse(A,B) :- parent(B,A).\n', '0.5886747151353161  negspouse(A,B) :- child(A,B).\n', '0.8104909453988106  negspouse(A,B) :- successor(A,B).\n', '2.948737172486149  negspouse(A,B) :- parent(A,B).\n', '1.0784095813505903  negspouse(A,B) :- child(A,B),not type(A,""FictionalCharacter""),not type(B,""FictionalCharacter"").\n']"
2732,Judith_of_Bohemia,Władysław_I_Herman,[]
2519,Marie-Louise_Ekman,Carl_Johan_De_Geer,"['1.8744599857751123  spouse(A,B) :- spouse(B,A).\n', '3.1193695628415377  negspouse(A,B) :- parent(B,A).\n', '0.5886747151353161  negspouse(A,B) :- child(A,B).\n', '0.8104909453988106  negspouse(A,B) :- successor(A,B).\n', '2.948737172486149  negspouse(A,B) :- parent(A,B).\n', '1.0784095813505903  negspouse(A,B) :- child(A,B),not type(A,""FictionalCharacter""),not type(B,""FictionalCharacter"").\n']"
2757,Gretchen_Carlson,Casey_Close,[]
1430,Óscar_Humberto_Mejía_Victores,María_Cristina_de_Mejía,[]
2821,Nadine_Labaki,Khaled_Mouzanar,"['1.8744599857751123  spouse(A,B) :- spouse(B,A).\n', '3.1193695628415377  negspouse(A,B) :- parent(B,A).\n', '0.5886747151353161  negspouse(A,B) :- child(A,B).\n', '2.948737172486149  negspouse(A,B) :- parent(A,B).\n', '1.0784095813505903  negspouse(A,B) :- child(A,B),not type(A,""FictionalCharacter""),not type(B,""FictionalCharacter"").\n']"
712,Louisa_Adams,John_Quincy_Adams,"['1.8744599857751123  spouse(A,B) :- spouse(B,A).\n', '3.1193695628415377  negspouse(A,B) :- parent(B,A).\n', '0.5886747151353161  negspouse(A,B) :- child(A,B).\n', '0.8104909453988106  negspouse(A,B) :- successor(A,B).\n', '2.948737172486149  negspouse(A,B) :- parent(A,B).\n', '1.0784095813505903  negspouse(A,B) :- child(A,B),not type(A,""FictionalCharacter""),not type(B,""FictionalCharacter"").\n']"
2909,Arvin_Sloane,Emily_Sloane,[]
624,Kim_Haugen,Nadia_Hasnaoui,"['1.8744599857751123  spouse(A,B) :- spouse(B,A).\n', '3.1193695628415377  negspouse(A,B) :- parent(B,A).\n', '0.5886747151353161  negspouse(A,B) :- child(A,B).\n', '0.8104909453988106  negspouse(A,B) :- successor(A,B).\n', '2.948737172486149  negspouse(A,B) :- parent(A,B).\n', '1.0784095813505903  negspouse(A,B) :- child(A,B),not type(A,""FictionalCharacter""),not type(B,""FictionalCharacter"").\n']"
2955,Lela_Rochon,Antoine_Fuqua,"['1.8744599857751123  spouse(A,B) :- spouse(B,A).\n', '3.1193695628415377  negspouse(A,B) :- parent(B,A).\n', '0.5886747151353161  negspouse(A,B) :- child(A,B).\n', '0.8104909453988106  negspouse(A,B) :- successor(A,B).\n', '2.948737172486149  negspouse(A,B) :- parent(A,B).\n', '1.0784095813505903  negspouse(A,B) :- child(A,B),not type(A,""FictionalCharacter""),not type(B,""FictionalCharacter"").\n']"
1047,Teng_Yu-kun,Leanne_Liu,[]
2549,Abbas_Tyrewala,Pakhi_Tyrewala,"['1.8744599857751123  spouse(A,B) :- spouse(B,A).\n']"
2118,Frances_Blogg,G._K._Chesterton,"['1.8744599857751123  spouse(A,B) :- spouse(B,A).\n', '3.1193695628415377  negspouse(A,B) :- parent(B,A).\n', '0.5886747151353161  negspouse(A,B) :- child(A,B).\n', '0.8104909453988106  negspouse(A,B) :- successor(A,B).\n', '2.948737172486149  negspouse(A,B) :- parent(A,B).\n', '1.0784095813505903  negspouse(A,B) :- child(A,B),not type(A,""FictionalCharacter""),not type(B,""FictionalCharacter"").\n']"
2877,Grigor_Danielyan,Hripsime_Yelinyan,"['1.8744599857751123  spouse(A,B) :- spouse(B,A).\n', '3.1193695628415377  negspouse(A,B) :- parent(B,A).\n', '0.5886747151353161  negspouse(A,B) :- child(A,B).\n', '0.8104909453988106  negspouse(A,B) :- successor(A,B).\n', '2.948737172486149  negspouse(A,B) :- parent(A,B).\n', '1.0784095813505903  negspouse(A,B) :- child(A,B),not type(A,""FictionalCharacter""),not type(B,""FictionalCharacter"").\n']"
1171,William_Sylvester,Veronica_Hurst,"['1.8744599857751123  spouse(A,B) :- spouse(B,A).\n', '3.1193695628415377  negspouse(A,B) :- parent(B,A).\n', '0.5886747151353161  negspouse(A,B) :- child(A,B).\n', '0.8104909453988106  negspouse(A,B) :- successor(A,B).\n', '2.948737172486149  negspouse(A,B) :- parent(A,B).\n', '1.0784095813505903  negspouse(A,B) :- child(A,B),not type(A,""FictionalCharacter""),not type(B,""FictionalCharacter"").\n']"
2586,Lalla_Bahia,Mohammed_V_of_Morocco,"['1.8744599857751123  spouse(A,B) :- spouse(B,A).\n']"
2885,Edu_Manzano,Maricel_Soriano,"['1.8744599857751123  spouse(A,B) :- spouse(B,A).\n', '3.1193695628415377  negspouse(A,B) :- parent(B,A).\n', '0.5886747151353161  negspouse(A,B) :- child(A,B).\n', '0.8104909453988106  negspouse(A,B) :- successor(A,B).\n', '2.948737172486149  negspouse(A,B) :- parent(A,B).\n', '1.0784095813505903  negspouse(A,B) :- child(A,B),not type(A,""FictionalCharacter""),not type(B,""FictionalCharacter"").\n']"
2253,Lauren_Bowles,Patrick_Fischler,"['1.8744599857751123  spouse(A,B) :- spouse(B,A).\n', '3.1193695628415377  negspouse(A,B) :- parent(B,A).\n', '0.5886747151353161  negspouse(A,B) :- child(A,B).\n', '0.8104909453988106  negspouse(A,B) :- successor(A,B).\n', '2.948737172486149  negspouse(A,B) :- parent(A,B).\n', '1.0784095813505903  negspouse(A,B) :- child(A,B),not type(A,""FictionalCharacter""),not type(B,""FictionalCharacter"").\n']"
2566,Lydia_Shum,Adam_Cheng,"['1.8744599857751123  spouse(A,B) :- spouse(B,A).\n', '3.1193695628415377  negspouse(A,B) :- parent(B,A).\n', '0.5886747151353161  negspouse(A,B) :- child(A,B).\n', '0.8104909453988106  negspouse(A,B) :- successor(A,B).\n', '2.948737172486149  negspouse(A,B) :- parent(A,B).\n', '1.0784095813505903  negspouse(A,B) :- child(A,B),not type(A,""FictionalCharacter""),not type(B,""FictionalCharacter"").\n']"
885,Kim_Jong-un,Ri_Sol-ju,"['1.8744599857751123  spouse(A,B) :- spouse(B,A).\n']"
2984,Kishwar_Desai,Meghnad_Desai,"['1.8744599857751123  spouse(A,B) :- spouse(B,A).\n', '3.1193695628415377  negspouse(A,B) :- parent(B,A).\n', '0.5886747151353161  negspouse(A,B) :- child(A,B).\n', '0.8104909453988106  negspouse(A,B) :- successor(A,B).\n', '2.948737172486149  negspouse(A,B) :- parent(A,B).\n', '1.0784095813505903  negspouse(A,B) :- child(A,B),not type(A,""FictionalCharacter""),not type(B,""FictionalCharacter"").\n']"
1995,Nick_Coleman,Deborah_Howell,"['1.8744599857751123  spouse(A,B) :- spouse(B,A).\n', '3.1193695628415377  negspouse(A,B) :- parent(B,A).\n', '0.8104909453988106  negspouse(A,B) :- successor(A,B).\n', '2.948737172486149  negspouse(A,B) :- parent(A,B).\n']"
925,Gamini_Dissanayake,Shrima_Dissanayake,[]
1422,Suborna_Mustafa,Humayun_Faridi,"['1.8744599857751123  spouse(A,B) :- spouse(B,A).\n', '3.1193695628415377  negspouse(A,B) :- parent(B,A).\n']"
2205,Jax_Teller,List_of_Sons_of_Anarchy_characters,"['0.5886747151353161  negspouse(A,B) :- child(A,B).\n', '1.0784095813505903  negspouse(A,B) :- child(A,B),not type(A,""FictionalCharacter""),not type(B,""FictionalCharacter"").\n']"
338,Bernadette_O'Farrell,Frank_Launder,"['1.8744599857751123  spouse(A,B) :- spouse(B,A).\n']"
3985,Elliott_Abrams,Patricia_M._Derian,[]
3733,Sibylle_of_Bavaria,Kunigunde_of_Austria,"['1.8744599857751123  spouse(A,B) :- spouse(B,A).\n', '3.1193695628415377  negspouse(A,B) :- parent(B,A).\n', '0.5886747151353161  negspouse(A,B) :- child(A,B).\n', '0.8104909453988106  negspouse(A,B) :- successor(A,B).\n', '2.948737172486149  negspouse(A,B) :- parent(A,B).\n', '1.0784095813505903  negspouse(A,B) :- child(A,B),not type(A,""FictionalCharacter""),not type(B,""FictionalCharacter"").\n']"
4973,Kristina_Keneally,Marie_Bashir,"['0.5886747151353161  negspouse(A,B) :- child(A,B).\n', '2.948737172486149  negspouse(A,B) :- parent(A,B).\n', '1.0784095813505903  negspouse(A,B) :- child(A,B),not type(A,""FictionalCharacter""),not type(B,""FictionalCharacter"").\n']"
4293,Archduchess_Renata_of_Austria,Archduchess_Maria_Theresa_of_Austria_(1862–1933),[]
5118,Princess_Milica_of_Montenegro,Milena_Vukotić,[]
3596,Cornelius_Vanderbilt_II,Reginald_Claypoole_Vanderbilt,[]
3895,Maria_Amalia_of_Naples_and_Sicily,Princess_Marie_of_Orléans_(1813–1839),[]
3504,Hsinbyushin_Medaw,Salin_Mibaya,"['2.948737172486149  negspouse(A,B) :- parent(A,B).\n']"
4491,Stanisław_Lubomirski_(1704–1793),Ludwika_Lubomirska,[]
3064,Nurbanu_Sultan,Murad_III,[]
4864,Prince_Franz_de_Paula_of_Liechtenstein,Landgravine_Josepha_of_Fürstenberg-Weitra,[]
5073,Princess_Louise_of_Denmark_(1875–1906),Frederick_VIII_of_Denmark,[]
4229,Gyula_Andrássy,Franz_Joseph_I_of_Austria,[]
4531,Agnes_Hedwig_of_Anhalt,Sophie_of_Brandenburg,[]
4627,Princess_Isabel_Maria_of_Braganza,Archduchess_Margarethe_Klementine_of_Austria,"['1.8744599857751123  spouse(A,B) :- spouse(B,A).\n', '3.1193695628415377  negspouse(A,B) :- parent(B,A).\n', '0.5886747151353161  negspouse(A,B) :- child(A,B).\n', '0.8104909453988106  negspouse(A,B) :- successor(A,B).\n', '2.948737172486149  negspouse(A,B) :- parent(A,B).\n', '1.0784095813505903  negspouse(A,B) :- child(A,B),not type(A,""FictionalCharacter""),not type(B,""FictionalCharacter"").\n']"
4600,Vanessa_Redgrave,Corin_Redgrave,[]
3060,Mieszko_III_the_Old,Leszek_the_White,[]
4628,Jackie_Coogan,Jackie_Cooper,"['3.1193695628415377  negspouse(A,B) :- parent(B,A).\n', '0.5886747151353161  negspouse(A,B) :- child(A,B).\n', '1.0784095813505903  negspouse(A,B) :- child(A,B),not type(A,""FictionalCharacter""),not type(B,""FictionalCharacter"").\n']"
5602,Princess_Augusta_of_Saxe-Gotha,Princess_Augusta_of_Great_Britain,[]
5720,May_Pang,John_Lennon,"['1.8744599857751123  spouse(A,B) :- spouse(B,A).\n', '3.1193695628415377  negspouse(A,B) :- parent(B,A).\n', '0.5886747151353161  negspouse(A,B) :- child(A,B).\n', '0.8104909453988106  negspouse(A,B) :- successor(A,B).\n', '2.948737172486149  negspouse(A,B) :- parent(A,B).\n', '1.0784095813505903  negspouse(A,B) :- child(A,B),not type(A,""FictionalCharacter""),not type(B,""FictionalCharacter"").\n']"
5570,Zoe_Reynolds,Keeley_Hawes,[]
5415,Princess_Alice_of_Battenberg,Princess_Margarita_of_Greece_and_Denmark,[]
3584,Olivia_de_Havilland,Walter_Augustus_de_Havilland,"['1.8744599857751123  spouse(A,B) :- spouse(B,A).\n', '3.1193695628415377  negspouse(A,B) :- parent(B,A).\n', '0.5886747151353161  negspouse(A,B) :- child(A,B).\n', '0.8104909453988106  negspouse(A,B) :- successor(A,B).\n', '2.948737172486149  negspouse(A,B) :- parent(A,B).\n', '1.0784095813505903  negspouse(A,B) :- child(A,B),not type(A,""FictionalCharacter""),not type(B,""FictionalCharacter"").\n']"
3751,Charles_II_of_Naples,Charles_Martel_of_Anjou,"['3.1193695628415377  negspouse(A,B) :- parent(B,A).\n']"
4313,Richard_Cromwell,Oliver_Cromwell,"['0.5886747151353161  negspouse(A,B) :- child(A,B).\n', '1.0784095813505903  negspouse(A,B) :- child(A,B),not type(A,""FictionalCharacter""),not type(B,""FictionalCharacter"").\n']"
3537,Andrew_Messenger,Samuel_Smith_(Connecticut_politician),"['0.8104909453988106  negspouse(A,B) :- successor(A,B).\n']"
5142,Elizabeth_Monroe,Louisa_Adams,"['0.8104909453988106  negspouse(A,B) :- successor(A,B).\n']"
4578,Richard_Pryor,Lenny_Bruce,"['0.5886747151353161  negspouse(A,B) :- child(A,B).\n', '1.0784095813505903  negspouse(A,B) :- child(A,B),not type(A,""FictionalCharacter""),not type(B,""FictionalCharacter"").\n']"
3215,Anne_Geneviève_de_Lévis,Madame_de_Ventadour,[]
5424,Louise_Mountbatten,Prince_Louis_of_Battenberg,"['1.8744599857751123  spouse(A,B) :- spouse(B,A).\n', '3.1193695628415377  negspouse(A,B) :- parent(B,A).\n', '0.5886747151353161  negspouse(A,B) :- child(A,B).\n', '0.8104909453988106  negspouse(A,B) :- successor(A,B).\n', '2.948737172486149  negspouse(A,B) :- parent(A,B).\n', '1.0784095813505903  negspouse(A,B) :- child(A,B),not type(A,""FictionalCharacter""),not type(B,""FictionalCharacter"").\n']"
4357,Ferdinand_I_of_Aragon,Alfonso_V_of_Aragon,"['1.8744599857751123  spouse(A,B) :- spouse(B,A).\n', '3.1193695628415377  negspouse(A,B) :- parent(B,A).\n', '0.5886747151353161  negspouse(A,B) :- child(A,B).\n', '0.8104909453988106  negspouse(A,B) :- successor(A,B).\n', '2.948737172486149  negspouse(A,B) :- parent(A,B).\n', '1.0784095813505903  negspouse(A,B) :- child(A,B),not type(A,""FictionalCharacter""),not type(B,""FictionalCharacter"").\n']"
3276,Countess_Palatine_Magdalena_Claudia_of_Zweibrücken-Birkenfeld-Bischweiler,House_of_Wittelsbach,[]
5240,John_III_Sobieski,Jakub_Sobieski,[]
4924,Alexios_I_Komnenos,John_Komnenos_(Domestic_of_the_Schools),"['1.8744599857751123  spouse(A,B) :- spouse(B,A).\n', '3.1193695628415377  negspouse(A,B) :- parent(B,A).\n', '0.5886747151353161  negspouse(A,B) :- child(A,B).\n', '0.8104909453988106  negspouse(A,B) :- successor(A,B).\n', '2.948737172486149  negspouse(A,B) :- parent(A,B).\n', '1.0784095813505903  negspouse(A,B) :- child(A,B),not type(A,""FictionalCharacter""),not type(B,""FictionalCharacter"").\n']"
5347,Judith_of_Brittany,Conan_I_of_Rennes,"['1.8744599857751123  spouse(A,B) :- spouse(B,A).\n', '2.948737172486149  negspouse(A,B) :- parent(A,B).\n']"
3527,Adam_Hieronim_Sieniawski_(1576–1616),Hieronim_Jarosz_Sieniawski,[]
4853,Álmos_(duke),Béla_II_of_Hungary,[]
3634,Jace_Alexander,Jane_Alexander,"['1.8744599857751123  spouse(A,B) :- spouse(B,A).\n', '3.1193695628415377  negspouse(A,B) :- parent(B,A).\n', '0.5886747151353161  negspouse(A,B) :- child(A,B).\n', '0.8104909453988106  negspouse(A,B) :- successor(A,B).\n', '2.948737172486149  negspouse(A,B) :- parent(A,B).\n', '1.0784095813505903  negspouse(A,B) :- child(A,B),not type(A,""FictionalCharacter""),not type(B,""FictionalCharacter"").\n']"
5016,Abdullah_Gül,Abdullah_Gül,[]
3588,Eugénie_Pétain,Eugénie_Pétain,[]
4953,Simeon_Saxe-Coburg-Gotha,Boris_III_of_Bulgaria,[]
3675,Simon_Berman,William_III_of_the_Netherlands,"['1.8744599857751123  spouse(A,B) :- spouse(B,A).\n', '0.5886747151353161  negspouse(A,B) :- child(A,B).\n', '1.0784095813505903  negspouse(A,B) :- child(A,B),not type(A,""FictionalCharacter""),not type(B,""FictionalCharacter"").\n']"
5783,Louise_Élisabeth_de_Bourbon,Marie_Thérèse_de_Bourbon,[]
4624,Antiochus_I_Soter,Apama,"['1.8744599857751123  spouse(A,B) :- spouse(B,A).\n', '3.1193695628415377  negspouse(A,B) :- parent(B,A).\n', '0.5886747151353161  negspouse(A,B) :- child(A,B).\n', '0.8104909453988106  negspouse(A,B) :- successor(A,B).\n', '2.948737172486149  negspouse(A,B) :- parent(A,B).\n', '1.0784095813505903  negspouse(A,B) :- child(A,B),not type(A,""FictionalCharacter""),not type(B,""FictionalCharacter"").\n']"
3320,Alberto_Lleras_Camargo,Gustavo_Rojas_Pinilla,[]
3941,Prince_Achille_Murat,Joachim_Murat,"['1.8744599857751123  spouse(A,B) :- spouse(B,A).\n', '3.1193695628415377  negspouse(A,B) :- parent(B,A).\n', '0.5886747151353161  negspouse(A,B) :- child(A,B).\n', '0.8104909453988106  negspouse(A,B) :- successor(A,B).\n', '2.948737172486149  negspouse(A,B) :- parent(A,B).\n', '1.0784095813505903  negspouse(A,B) :- child(A,B),not type(A,""FictionalCharacter""),not type(B,""FictionalCharacter"").\n']"
5819,Lucy_Hayes,Lucretia_Garfield,"['1.8744599857751123  spouse(A,B) :- spouse(B,A).\n', '3.1193695628415377  negspouse(A,B) :- parent(B,A).\n', '0.8104909453988106  negspouse(A,B) :- successor(A,B).\n', '2.948737172486149  negspouse(A,B) :- parent(A,B).\n']"
4031,Henry_Jones_Sr.,Lloyd_Owen,[]
4498,John_II_of_Portugal,Manuel_I_of_Portugal,[]
4918,Anne_of_York_(daughter_of_Edward_IV),Elizabeth_Woodville,"['1.8744599857751123  spouse(A,B) :- spouse(B,A).\n', '3.1193695628415377  negspouse(A,B) :- parent(B,A).\n', '0.5886747151353161  negspouse(A,B) :- child(A,B).\n', '0.8104909453988106  negspouse(A,B) :- successor(A,B).\n', '2.948737172486149  negspouse(A,B) :- parent(A,B).\n', '1.0784095813505903  negspouse(A,B) :- child(A,B),not type(A,""FictionalCharacter""),not type(B,""FictionalCharacter"").\n']"
3092,Princess_Louise_of_Hesse-Darmstadt_(1761–1829),Prince_George_William_of_Hesse-Darmstadt,[]
3523,Kalaninuiamamao,Alapaiwahine,[]
4113,Princess_Hilda_of_Luxembourg_(1897–1979),Infanta_Marie_Anne_of_Portugal,[]
4702,Judith_of_Bavaria_(died_843),Ermengarde_of_Hesbaye,[]
3640,Chulalongkorn,Mongkut,"['1.8744599857751123  spouse(A,B) :- spouse(B,A).\n', '3.1193695628415377  negspouse(A,B) :- parent(B,A).\n', '0.5886747151353161  negspouse(A,B) :- child(A,B).\n', '0.8104909453988106  negspouse(A,B) :- successor(A,B).\n', '2.948737172486149  negspouse(A,B) :- parent(A,B).\n', '1.0784095813505903  negspouse(A,B) :- child(A,B),not type(A,""FictionalCharacter""),not type(B,""FictionalCharacter"").\n']"
3677,Gamal_Abdel_Nasser,Kenneth_Kaunda,"['1.8744599857751123  spouse(A,B) :- spouse(B,A).\n', '3.1193695628415377  negspouse(A,B) :- parent(B,A).\n', '0.5886747151353161  negspouse(A,B) :- child(A,B).\n', '0.8104909453988106  negspouse(A,B) :- successor(A,B).\n', '2.948737172486149  negspouse(A,B) :- parent(A,B).\n', '1.0784095813505903  negspouse(A,B) :- child(A,B),not type(A,""FictionalCharacter""),not type(B,""FictionalCharacter"").\n']"
4773,N._T._Rama_Rao,Daggubati_Purandeswari,"['1.8744599857751123  spouse(A,B) :- spouse(B,A).\n', '3.1193695628415377  negspouse(A,B) :- parent(B,A).\n', '0.5886747151353161  negspouse(A,B) :- child(A,B).\n', '0.8104909453988106  negspouse(A,B) :- successor(A,B).\n', '2.948737172486149  negspouse(A,B) :- parent(A,B).\n', '1.0784095813505903  negspouse(A,B) :- child(A,B),not type(A,""FictionalCharacter""),not type(B,""FictionalCharacter"").\n']"
4639,Kale_Kyetaungnyo,Minhlange,"['1.8744599857751123  spouse(A,B) :- spouse(B,A).\n', '0.5886747151353161  negspouse(A,B) :- child(A,B).\n', '0.8104909453988106  negspouse(A,B) :- successor(A,B).\n', '2.948737172486149  negspouse(A,B) :- parent(A,B).\n', '1.0784095813505903  negspouse(A,B) :- child(A,B),not type(A,""FictionalCharacter""),not type(B,""FictionalCharacter"").\n']"
4514,Emmanuel_Théodose_de_La_Tour_d'Auvergne_(1668–1730),Marie_Anne_Mancini,[]
3253,Hedwig_Eleonora_of_Holstein-Gottorp,Duchess_Marie_Elisabeth_of_Saxony,"['1.8744599857751123  spouse(A,B) :- spouse(B,A).\n', '3.1193695628415377  negspouse(A,B) :- parent(B,A).\n', '0.5886747151353161  negspouse(A,B) :- child(A,B).\n', '0.8104909453988106  negspouse(A,B) :- successor(A,B).\n', '2.948737172486149  negspouse(A,B) :- parent(A,B).\n', '1.0784095813505903  negspouse(A,B) :- child(A,B),not type(A,""FictionalCharacter""),not type(B,""FictionalCharacter"").\n']"
5003,Elizabeth_Berkley,Ian_Holm,[]
3452,Clarissa_Eden,Lady_Dorothy_Macmillan,"['1.8744599857751123  spouse(A,B) :- spouse(B,A).\n', '3.1193695628415377  negspouse(A,B) :- parent(B,A).\n', '0.5886747151353161  negspouse(A,B) :- child(A,B).\n', '0.8104909453988106  negspouse(A,B) :- successor(A,B).\n', '2.948737172486149  negspouse(A,B) :- parent(A,B).\n', '1.0784095813505903  negspouse(A,B) :- child(A,B),not type(A,""FictionalCharacter""),not type(B,""FictionalCharacter"").\n']"
5104,Eleanor_of_Woodstock,Edward_II_of_England,"['1.8744599857751123  spouse(A,B) :- spouse(B,A).\n', '0.5886747151353161  negspouse(A,B) :- child(A,B).\n', '0.8104909453988106  negspouse(A,B) :- successor(A,B).\n', '2.948737172486149  negspouse(A,B) :- parent(A,B).\n', '1.0784095813505903  negspouse(A,B) :- child(A,B),not type(A,""FictionalCharacter""),not type(B,""FictionalCharacter"").\n']"
4759,Samuel_Burk_Burnett,Anne_Windfohr_Marion,[]
5125,Li_Chongrun,Empress_Wei_(Tang_dynasty),"['1.8744599857751123  spouse(A,B) :- spouse(B,A).\n', '3.1193695628415377  negspouse(A,B) :- parent(B,A).\n', '0.5886747151353161  negspouse(A,B) :- child(A,B).\n', '0.8104909453988106  negspouse(A,B) :- successor(A,B).\n', '2.948737172486149  negspouse(A,B) :- parent(A,B).\n', '1.0784095813505903  negspouse(A,B) :- child(A,B),not type(A,""FictionalCharacter""),not type(B,""FictionalCharacter"").\n']"
5007,Empress_Xiaomucheng,Empress_Xiaoherui,"['1.8744599857751123  spouse(A,B) :- spouse(B,A).\n', '0.5886747151353161  negspouse(A,B) :- child(A,B).\n', '2.948737172486149  negspouse(A,B) :- parent(A,B).\n', '1.0784095813505903  negspouse(A,B) :- child(A,B),not type(A,""FictionalCharacter""),not type(B,""FictionalCharacter"").\n']"
3727,Kunigunde_of_Brandenburg-Kulmbach,Susanna_of_Bavaria,"['0.5886747151353161  negspouse(A,B) :- child(A,B).\n', '2.948737172486149  negspouse(A,B) :- parent(A,B).\n', '1.0784095813505903  negspouse(A,B) :- child(A,B),not type(A,""FictionalCharacter""),not type(B,""FictionalCharacter"").\n']"
3547,Tsarevna_Catherine_Ivanovna_of_Russia,Praskovia_Saltykova,"['2.948737172486149  negspouse(A,B) :- parent(A,B).\n']"
5067,Elżbieta_Sieniawska,Elżbieta_Sieniawska,[]
5753,Michael_Sars,Eva_Nansen,"['1.8744599857751123  spouse(A,B) :- spouse(B,A).\n', '3.1193695628415377  negspouse(A,B) :- parent(B,A).\n', '0.5886747151353161  negspouse(A,B) :- child(A,B).\n', '0.8104909453988106  negspouse(A,B) :- successor(A,B).\n', '2.948737172486149  negspouse(A,B) :- parent(A,B).\n', '1.0784095813505903  negspouse(A,B) :- child(A,B),not type(A,""FictionalCharacter""),not type(B,""FictionalCharacter"").\n']"
3187,Andrzej_Artur_Zamoyski,Zofia_Czartoryska,[]
3119,Joan_Cook,Jean_Chrétien,[]
5326,Anna_d'Este,Renée_of_France,[]
4422,Aline_Chrétien,Sheila_Martin,[]
5681,Sancha_of_León,Alfonso_VI_of_León_and_Castile,[]
3728,Ingrid_of_Sweden,Margrethe_II_of_Denmark,"['1.8744599857751123  spouse(A,B) :- spouse(B,A).\n', '3.1193695628415377  negspouse(A,B) :- parent(B,A).\n', '0.5886747151353161  negspouse(A,B) :- child(A,B).\n', '0.8104909453988106  negspouse(A,B) :- successor(A,B).\n', '2.948737172486149  negspouse(A,B) :- parent(A,B).\n', '1.0784095813505903  negspouse(A,B) :- child(A,B),not type(A,""FictionalCharacter""),not type(B,""FictionalCharacter"").\n']"
5743,David_Lammy,Gordon_Brown,"['1.8744599857751123  spouse(A,B) :- spouse(B,A).\n', '3.1193695628415377  negspouse(A,B) :- parent(B,A).\n', '0.5886747151353161  negspouse(A,B) :- child(A,B).\n', '0.8104909453988106  negspouse(A,B) :- successor(A,B).\n', '2.948737172486149  negspouse(A,B) :- parent(A,B).\n', '1.0784095813505903  negspouse(A,B) :- child(A,B),not type(A,""FictionalCharacter""),not type(B,""FictionalCharacter"").\n']"
3205,Misael_Pastrana_Borrero,Alberto_Lleras_Camargo,[]
5404,Prince_Manuel_of_Bavaria,House_of_Wittelsbach,[]
5554,Duchess_Maria_Anna_Josepha_of_Bavaria,House_of_Wittelsbach,[]
4826,Augusta_Marie_of_Holstein-Gottorp,Duchess_Marie_Elisabeth_of_Saxony,"['1.8744599857751123  spouse(A,B) :- spouse(B,A).\n', '3.1193695628415377  negspouse(A,B) :- parent(B,A).\n', '0.5886747151353161  negspouse(A,B) :- child(A,B).\n', '0.8104909453988106  negspouse(A,B) :- successor(A,B).\n', '2.948737172486149  negspouse(A,B) :- parent(A,B).\n', '1.0784095813505903  negspouse(A,B) :- child(A,B),not type(A,""FictionalCharacter""),not type(B,""FictionalCharacter"").\n']"
5904,Handan_Sultan,Safiye_Sultan,"['1.8744599857751123  spouse(A,B) :- spouse(B,A).\n', '3.1193695628415377  negspouse(A,B) :- parent(B,A).\n', '0.5886747151353161  negspouse(A,B) :- child(A,B).\n', '0.8104909453988106  negspouse(A,B) :- successor(A,B).\n', '2.948737172486149  negspouse(A,B) :- parent(A,B).\n', '1.0784095813505903  negspouse(A,B) :- child(A,B),not type(A,""FictionalCharacter""),not type(B,""FictionalCharacter"").\n']"
4051,María_Cristina_Arango_Vega,Andrés_Pastrana_Arango,[]
4039,Ned_Stark,Sansa_Stark,"['1.8744599857751123  spouse(A,B) :- spouse(B,A).\n', '3.1193695628415377  negspouse(A,B) :- parent(B,A).\n', '0.5886747151353161  negspouse(A,B) :- child(A,B).\n', '0.8104909453988106  negspouse(A,B) :- successor(A,B).\n', '2.948737172486149  negspouse(A,B) :- parent(A,B).\n', '1.0784095813505903  negspouse(A,B) :- child(A,B),not type(A,""FictionalCharacter""),not type(B,""FictionalCharacter"").\n']"
5273,Charles_X_Gustav_of_Sweden,Charles_XI_of_Sweden,"['1.8744599857751123  spouse(A,B) :- spouse(B,A).\n', '3.1193695628415377  negspouse(A,B) :- parent(B,A).\n', '0.5886747151353161  negspouse(A,B) :- child(A,B).\n', '0.8104909453988106  negspouse(A,B) :- successor(A,B).\n', '2.948737172486149  negspouse(A,B) :- parent(A,B).\n', '1.0784095813505903  negspouse(A,B) :- child(A,B),not type(A,""FictionalCharacter""),not type(B,""FictionalCharacter"").\n']"
4466,Dee_Dee_Myers,Bill_Clinton,[]
5291,Princess_Helene_of_Hohenlohe-Langenburg,Countess_Amalie_Henriette_of_Solms-Baruth,[]
5435,Samantha_Cameron,Elizabeth_II,"['1.8744599857751123  spouse(A,B) :- spouse(B,A).\n', '3.1193695628415377  negspouse(A,B) :- parent(B,A).\n', '0.5886747151353161  negspouse(A,B) :- child(A,B).\n', '0.8104909453988106  negspouse(A,B) :- successor(A,B).\n', '1.0784095813505903  negspouse(A,B) :- child(A,B),not type(A,""FictionalCharacter""),not type(B,""FictionalCharacter"").\n']"
5985,Andrew_III_of_Hungary,Wenceslaus_III_of_Bohemia,"['1.8744599857751123  spouse(A,B) :- spouse(B,A).\n', '3.1193695628415377  negspouse(A,B) :- parent(B,A).\n', '0.5886747151353161  negspouse(A,B) :- child(A,B).\n', '0.8104909453988106  negspouse(A,B) :- successor(A,B).\n', '2.948737172486149  negspouse(A,B) :- parent(A,B).\n', '1.0784095813505903  negspouse(A,B) :- child(A,B),not type(A,""FictionalCharacter""),not type(B,""FictionalCharacter"").\n']"
4669,Mahidol_Adulyadej,Chulalongkorn,"['1.8744599857751123  spouse(A,B) :- spouse(B,A).\n', '3.1193695628415377  negspouse(A,B) :- parent(B,A).\n', '0.5886747151353161  negspouse(A,B) :- child(A,B).\n', '0.8104909453988106  negspouse(A,B) :- successor(A,B).\n', '2.948737172486149  negspouse(A,B) :- parent(A,B).\n', '1.0784095813505903  negspouse(A,B) :- child(A,B),not type(A,""FictionalCharacter""),not type(B,""FictionalCharacter"").\n']"
5195,Prince_René_of_Bourbon-Parma,Queen_Anne_of_Romania,[]
5388,Jean_Chrétien,Jean_Chrétien,[]
3692,Cheri_Daniels,Karen_Pence,"['1.8744599857751123  spouse(A,B) :- spouse(B,A).\n', '3.1193695628415377  negspouse(A,B) :- parent(B,A).\n', '0.5886747151353161  negspouse(A,B) :- child(A,B).\n', '0.8104909453988106  negspouse(A,B) :- successor(A,B).\n', '2.948737172486149  negspouse(A,B) :- parent(A,B).\n', '1.0784095813505903  negspouse(A,B) :- child(A,B),not type(A,""FictionalCharacter""),not type(B,""FictionalCharacter"").\n']"
5741,Marie_of_Baden-Sponheim,Kunigunde_of_Austria,[]
4583,Princess_Antoinette_of_Saxe-Altenburg,Prince_Aribert_of_Anhalt,"['1.8744599857751123  spouse(A,B) :- spouse(B,A).\n', '3.1193695628415377  negspouse(A,B) :- parent(B,A).\n', '0.5886747151353161  negspouse(A,B) :- child(A,B).\n', '0.8104909453988106  negspouse(A,B) :- successor(A,B).\n', '2.948737172486149  negspouse(A,B) :- parent(A,B).\n', '1.0784095813505903  negspouse(A,B) :- child(A,B),not type(A,""FictionalCharacter""),not type(B,""FictionalCharacter"").\n']"
5866,Duchess_Agnes_of_Württemberg,Duchess_Agnes_of_Württemberg,[]
3095,Milena_Vukotić,Princess_Zorka_of_Montenegro,[]
4911,Anna_Juliana_Gonzaga,Anna_of_Tyrol,"['1.8744599857751123  spouse(A,B) :- spouse(B,A).\n', '3.1193695628415377  negspouse(A,B) :- parent(B,A).\n', '0.5886747151353161  negspouse(A,B) :- child(A,B).\n', '0.8104909453988106  negspouse(A,B) :- successor(A,B).\n', '2.948737172486149  negspouse(A,B) :- parent(A,B).\n', '1.0784095813505903  negspouse(A,B) :- child(A,B),not type(A,""FictionalCharacter""),not type(B,""FictionalCharacter"").\n']"
3626,Ahmed_I,Mehmed_III,"['1.8744599857751123  spouse(A,B) :- spouse(B,A).\n', '3.1193695628415377  negspouse(A,B) :- parent(B,A).\n', '0.5886747151353161  negspouse(A,B) :- child(A,B).\n', '0.8104909453988106  negspouse(A,B) :- successor(A,B).\n', '2.948737172486149  negspouse(A,B) :- parent(A,B).\n', '1.0784095813505903  negspouse(A,B) :- child(A,B),not type(A,""FictionalCharacter""),not type(B,""FictionalCharacter"").\n']"
5958,Prince_Frederick_William_of_Hesse-Kassel,Prince_Frederick_Charles_of_Hesse,"['1.8744599857751123  spouse(A,B) :- spouse(B,A).\n', '3.1193695628415377  negspouse(A,B) :- parent(B,A).\n', '0.5886747151353161  negspouse(A,B) :- child(A,B).\n', '0.8104909453988106  negspouse(A,B) :- successor(A,B).\n', '2.948737172486149  negspouse(A,B) :- parent(A,B).\n', '1.0784095813505903  negspouse(A,B) :- child(A,B),not type(A,""FictionalCharacter""),not type(B,""FictionalCharacter"").\n']"
